#VRML V2.0 utf8
# 3D model generated by kicad-lcsc-manager
# Based on easyeda2kicad.py v1.0.1

Shape{
    appearance Appearance {
        material  Material {
            diffuseColor 0.7686274509803922 0.7686274509803922 0.7686274509803922
            specularColor 0.615686274509804 0.615686274509804 0.615686274509804
            ambientIntensity 0.7686
            transparency 0.0
            shininess 0.5
        }
    }
    geometry IndexedFaceSet {
        ccw TRUE
        solid FALSE
        coord DEF co Coordinate {
            point [
                -1.2992 -1.7323 0.9252, -1.2992 -1.7323 0.1704, -1.1614 -1.7323 0.9252, -1.1614 -1.7323 0.1704, -1.1614 -1.6535 1.0039, -1.1614 -1.3386 1.0039, -1.2992 -1.6535 1.0039, -1.2992 -1.3386 1.0039, -1.2992 -1.3386 0.4134, -1.1614 -1.3386 0.4134, -1.2992 -0.4331 0.4134, -1.1614 -0.4331 0.4134, -1.2992 -0.4331 0.1181, -1.1614 -0.4331 0.1181, -1.2992 -0.5281 0.0231, -1.1614 -0.5281 0.0231, -1.1614 -0.5838 0.0, -1.1614 -1.0549 0.0, -1.2992 -0.5838 0.0, -1.2992 -1.0549 0.0, -1.2992 -1.1243 0.0416, -1.1614 -1.1243 0.0416, -1.2992 -1.1365 0.0589, -1.1614 -1.1365 0.0589, -1.2992 -1.1523 0.0729, -1.1614 -1.1523 0.0729, -1.2992 -1.1711 0.0826, -1.1614 -1.1711 0.0826, -1.2992 -1.1916 0.0876, -1.1614 -1.1916 0.0876, -1.2992 -1.2127 0.0876, -1.1614 -1.2127 0.0876, -1.2992 -1.2333 0.0826, -1.1614 -1.2333 0.0826, -1.2992 -1.252 0.0729, -1.1614 -1.252 0.0729, -1.2992 -1.2679 0.0589, -1.1614 -1.2679 0.0589, -1.2992 -1.28 0.0416, -1.1614 -1.28 0.0416, -1.1614 -1.3494 0.0, -1.1614 -1.5619 0.0, -1.2992 -1.3494 0.0, -1.2992 -1.5619 0.0, -1.1614 -1.6176 0.0231, -1.1614 -1.7092 0.1147, -1.2992 -1.6176 0.0231, -1.2992 -1.7092 0.1147, -1.2992 -1.7217 0.131, -1.2992 -1.7296 0.15, -1.2992 -1.7296 0.9456, -1.2992 -1.7217 0.9646, -1.2992 -1.7092 0.9809, -1.2992 -1.6929 0.9934, -1.2992 -1.6739 1.0013, -1.2992 -1.0718 0.0018, -1.2992 -1.0879 0.0072, -1.2992 -1.1024 0.016, -1.2992 -0.5444 0.0105, -1.2992 -1.1148 0.0276, -1.2992 -0.5634 0.0027, -1.2992 -1.3165 0.0072, -1.2992 -1.3326 0.0018, -1.2992 -1.3019 0.016, -1.2992 -1.2896 0.0276, -1.2992 -1.5823 0.0027, -1.2992 -1.6012 0.0105, -1.1614 -1.6929 0.9934, -1.1614 -1.7092 0.9809, -1.1614 -1.7217 0.9646, -1.1614 -1.7296 0.15, -1.1614 -1.7217 0.131, -1.1614 -1.7296 0.9456, -1.1614 -1.6739 1.0013, -1.1614 -1.3326 0.0018, -1.1614 -1.6012 0.0105, -1.1614 -1.5823 0.0027, -1.1614 -0.5634 0.0027, -1.1614 -0.5444 0.0105, -1.1614 -1.3165 0.0072, -1.1614 -1.3019 0.016, -1.1614 -1.2896 0.0276, -1.1614 -1.1148 0.0276, -1.1614 -1.1024 0.016, -1.1614 -1.0879 0.0072, -1.1614 -1.0718 0.0018, 1.2598 -1.3386 0.4134, 1.2598 -0.4331 0.4134, 1.1614 -1.3386 0.4134, 1.1614 -0.4331 0.4134, 1.2598 -1.3386 1.0039, 1.1614 -1.3386 1.0039, 1.2598 -1.6535 1.0039, 1.1614 -1.6535 1.0039, 1.2598 -1.7323 0.1704, 1.2598 -1.7323 0.9252, 1.1614 -1.7323 0.1704, 1.1614 -1.7323 0.9252, 1.2598 -1.6176 0.0231, 1.2598 -1.7092 0.1147, 1.1614 -1.6176 0.0231, 1.1614 -1.7092 0.1147, 1.2598 -1.3494 0.0, 1.2598 -1.5619 0.0, 1.1614 -1.3494 0.0, 1.1614 -1.5619 0.0, 1.2598 -1.28 0.0416, 1.1614 -1.28 0.0416, 1.2598 -1.2679 0.0589, 1.1614 -1.2679 0.0589, 1.2598 -1.252 0.0729, 1.1614 -1.252 0.0729, 1.2598 -1.2333 0.0826, 1.1614 -1.2333 0.0826, 1.2598 -1.2127 0.0876, 1.1614 -1.2127 0.0876, 1.2598 -1.1916 0.0876, 1.1614 -1.1916 0.0876, 1.2598 -1.1711 0.0826, 1.1614 -1.1711 0.0826, 1.2598 -1.1523 0.0729, 1.1614 -1.1523 0.0729, 1.2598 -1.1365 0.0589, 1.1614 -1.1365 0.0589, 1.2598 -1.1243 0.0416, 1.1614 -1.1243 0.0416, 1.2598 -0.5838 0.0, 1.2598 -1.0549 0.0, 1.1614 -0.5838 0.0, 1.1614 -1.0549 0.0, 1.1614 -0.5281 0.0231, 1.1614 -0.4331 0.1181, 1.2598 -0.5281 0.0231, 1.2598 -0.4331 0.1181, 1.2598 -1.7217 0.9646, 1.2598 -1.7296 0.9456, 1.2598 -1.7217 0.131, 1.2598 -1.7296 0.15, 1.2598 -1.6012 0.0105, 1.2598 -1.5823 0.0027, 1.2598 -1.1148 0.0276, 1.2598 -1.1024 0.016, 1.2598 -1.0879 0.0072, 1.2598 -1.7092 0.9809, 1.2598 -1.6739 1.0013, 1.2598 -1.6929 0.9934, 1.2598 -1.3326 0.0018, 1.2598 -1.3165 0.0072, 1.2598 -1.0718 0.0018, 1.2598 -1.3019 0.016, 1.2598 -1.2896 0.0276, 1.2598 -0.5634 0.0027, 1.2598 -0.5444 0.0105, 1.1614 -1.7217 0.131, 1.1614 -1.7296 0.15, 1.1614 -1.7296 0.9456, 1.1614 -1.7217 0.9646, 1.1614 -1.7092 0.9809, 1.1614 -1.6739 1.0013, 1.1614 -1.6929 0.9934, 1.1614 -1.0718 0.0018, 1.1614 -1.0879 0.0072, 1.1614 -1.1024 0.016, 1.1614 -0.5444 0.0105, 1.1614 -1.1148 0.0276, 1.1614 -0.5634 0.0027, 1.1614 -1.3019 0.016, 1.1614 -1.3165 0.0072, 1.1614 -1.2896 0.0276, 1.1614 -1.3326 0.0018, 1.1614 -1.5823 0.0027, 1.1614 -1.6012 0.0105
            ]
        }
        coordIndex [
            0,1,2,-1,2,1,3,-1,4,5,6,-1,6,5,7,-1,8,7,9,-1,9,7,5,-1,10,8,11,-1,11,8,9,-1,12,10,13,-1,13,10,11,-1,14,12,15,-1,15,12,13,-1,16,17,18,-1,18,17,19,-1,20,21,22,-1,22,21,23,-1,22,23,24,-1,24,23,25,-1,24,25,26,-1,26,25,27,-1,26,27,28,-1,28,27,29,-1,28,29,30,-1,30,29,31,-1,30,31,32,-1,32,31,33,-1,32,33,34,-1,34,33,35,-1,34,35,36,-1,36,35,37,-1,36,37,38,-1,38,37,39,-1,40,41,42,-1,42,41,43,-1,44,45,46,-1,46,45,47,-1,8,47,48,-1,48,49,8,-1,8,49,1,-1,8,1,7,-1,7,1,0,-1,7,0,6,-1,6,0,50,-1,6,50,51,-1,22,24,10,-1,10,24,26,-1,10,26,8,-1,8,26,28,-1,8,28,30,-1,52,53,51,-1,51,53,54,-1,51,54,6,-1,19,55,10,-1,10,55,56,-1,10,56,57,-1,30,32,8,-1,8,32,34,-1,8,34,47,-1,47,34,36,-1,47,36,38,-1,12,14,10,-1,10,14,58,-1,57,59,10,-1,10,59,20,-1,10,20,22,-1,58,60,10,-1,10,60,18,-1,10,18,19,-1,61,62,63,-1,63,62,42,-1,63,42,64,-1,43,47,42,-1,42,47,38,-1,42,38,64,-1,65,66,43,-1,43,66,46,-1,43,46,47,-1,15,13,11,-1,9,5,45,-1,45,5,4,-1,67,68,69,-1,70,71,3,-1,3,71,45,-1,3,45,2,-1,2,45,4,-1,2,4,72,-1,25,23,11,-1,11,23,21,-1,72,4,69,-1,69,4,73,-1,69,73,67,-1,41,40,39,-1,39,40,74,-1,33,31,9,-1,9,31,29,-1,9,29,11,-1,11,29,27,-1,11,27,25,-1,75,76,41,-1,77,78,15,-1,75,41,44,-1,44,41,39,-1,44,39,45,-1,45,39,37,-1,45,37,9,-1,9,37,35,-1,9,35,33,-1,74,79,39,-1,39,79,80,-1,39,80,81,-1,21,82,11,-1,11,82,83,-1,11,83,84,-1,84,85,11,-1,11,85,17,-1,11,17,15,-1,15,17,16,-1,15,16,77,-1,14,15,78,-1,14,78,58,-1,58,78,77,-1,58,77,60,-1,60,77,16,-1,60,16,18,-1,19,17,85,-1,19,85,55,-1,55,85,84,-1,55,84,56,-1,56,84,83,-1,56,83,57,-1,57,83,82,-1,57,82,59,-1,59,82,21,-1,59,21,20,-1,38,39,81,-1,38,81,64,-1,64,81,80,-1,64,80,63,-1,63,80,79,-1,63,79,61,-1,61,79,74,-1,61,74,62,-1,62,74,40,-1,62,40,42,-1,43,41,76,-1,43,76,65,-1,65,76,75,-1,65,75,66,-1,66,75,44,-1,66,44,46,-1,0,2,72,-1,0,72,50,-1,50,72,69,-1,50,69,51,-1,51,69,68,-1,51,68,52,-1,52,68,67,-1,52,67,53,-1,53,67,73,-1,53,73,54,-1,54,73,4,-1,54,4,6,-1,47,45,71,-1,47,71,48,-1,48,71,70,-1,48,70,49,-1,49,70,3,-1,49,3,1,-1,86,87,88,-1,88,87,89,-1,90,86,91,-1,91,86,88,-1,92,90,93,-1,93,90,91,-1,94,95,96,-1,96,95,97,-1,98,99,100,-1,100,99,101,-1,102,103,104,-1,104,103,105,-1,106,107,108,-1,108,107,109,-1,108,109,110,-1,110,109,111,-1,110,111,112,-1,112,111,113,-1,112,113,114,-1,114,113,115,-1,114,115,116,-1,116,115,117,-1,116,117,118,-1,118,117,119,-1,118,119,120,-1,120,119,121,-1,120,121,122,-1,122,121,123,-1,122,123,124,-1,124,123,125,-1,126,127,128,-1,128,127,129,-1,130,131,132,-1,132,131,133,-1,87,133,89,-1,89,133,131,-1,132,133,87,-1,106,108,99,-1,120,122,87,-1,87,122,124,-1,86,90,99,-1,99,90,92,-1,103,102,106,-1,134,135,92,-1,92,135,95,-1,92,95,99,-1,99,95,94,-1,99,94,136,-1,136,94,137,-1,138,139,103,-1,112,114,86,-1,86,114,116,-1,86,116,87,-1,87,116,118,-1,87,118,120,-1,124,140,87,-1,87,140,141,-1,87,141,142,-1,134,92,143,-1,143,92,144,-1,143,144,145,-1,102,146,147,-1,99,108,86,-1,86,108,110,-1,86,110,112,-1,142,148,87,-1,87,148,127,-1,87,127,126,-1,106,99,103,-1,103,99,98,-1,103,98,138,-1,147,149,102,-1,102,149,150,-1,102,150,106,-1,126,151,87,-1,87,151,152,-1,87,152,132,-1,100,101,107,-1,93,91,88,-1,88,101,153,-1,123,121,89,-1,89,121,119,-1,89,119,88,-1,88,119,117,-1,88,117,115,-1,153,154,88,-1,88,154,96,-1,88,96,93,-1,93,96,97,-1,93,97,155,-1,155,156,93,-1,93,156,157,-1,93,157,158,-1,158,157,159,-1,129,160,89,-1,89,160,161,-1,89,161,162,-1,131,130,89,-1,89,130,163,-1,162,164,89,-1,89,164,125,-1,89,125,123,-1,115,113,88,-1,88,113,111,-1,88,111,101,-1,101,111,109,-1,101,109,107,-1,163,165,89,-1,89,165,128,-1,89,128,129,-1,166,167,168,-1,168,167,169,-1,168,169,104,-1,170,171,105,-1,105,171,100,-1,105,100,104,-1,104,100,107,-1,104,107,168,-1,126,128,165,-1,126,165,151,-1,151,165,163,-1,151,163,152,-1,152,163,130,-1,152,130,132,-1,102,104,169,-1,102,169,146,-1,146,169,167,-1,146,167,147,-1,147,167,166,-1,147,166,149,-1,149,166,168,-1,149,168,150,-1,150,168,107,-1,150,107,106,-1,98,100,171,-1,98,171,138,-1,138,171,170,-1,138,170,139,-1,139,170,105,-1,139,105,103,-1,124,125,164,-1,124,164,140,-1,140,164,162,-1,140,162,141,-1,141,162,161,-1,141,161,142,-1,142,161,160,-1,142,160,148,-1,148,160,129,-1,148,129,127,-1,94,96,154,-1,94,154,137,-1,137,154,153,-1,137,153,136,-1,136,153,101,-1,136,101,99,-1,92,93,158,-1,92,158,144,-1,144,158,159,-1,144,159,145,-1,145,159,157,-1,145,157,143,-1,143,157,156,-1,143,156,134,-1,134,156,155,-1,134,155,135,-1,135,155,97,-1,135,97,95,-1,
        ]
    }
}
Shape{
    appearance Appearance {
        material  Material {
            diffuseColor 0.9019607843137255 0.8627450980392157 0.7843137254901961
            specularColor 0.27058823529411763 0.25882352941176473 0.23529411764705882
            ambientIntensity 0.8655
            transparency 0.0
            shininess 0.5
        }
    }
    geometry IndexedFaceSet {
        ccw TRUE
        solid FALSE
        coord DEF co Coordinate {
            point [
                -0.0042 -1.4045 2.1654, -0.0042 -1.3701 2.1654, -0.1204 -1.3701 2.1654, -0.1276 -1.3701 2.1654, -0.1276 -1.3355 2.1654, -0.2073 -1.3355 2.1654, -0.4483 -1.3338 2.1654, -0.4483 -1.3331 2.1654, -0.4616 -1.3331 2.1654, -0.5945 -1.2127 2.1654, -0.5773 -1.2128 2.1654, -0.5742 -1.0236 2.1654, -0.1976 -1.4058 2.1654, -0.1831 -1.4045 2.1654, -0.2073 -1.4045 2.1654, -0.1674 -1.5263 2.1654, -0.1698 -1.5265 2.1654, -0.1276 -1.5265 2.1654, -0.2073 -1.525 2.1654, -0.2073 -1.5265 2.1654, -0.2021 -1.5265 2.1654, 0.3904 -1.3331 2.1654, 0.2857 -1.3331 2.1654, 0.2812 -1.3355 2.1654, 0.5887 -1.3677 2.1654, 0.5881 -1.3701 2.1654, 1.5157 -1.3701 2.1654, 0.097 -1.4334 2.1654, 0.0744 -1.4134 2.1654, -0.0042 -1.5265 2.1654, 0.1739 -1.5166 2.1654, 0.1462 -1.4842 2.1654, 0.1283 -1.4488 2.1654, 0.1222 -1.4467 2.1654, 0.2545 -1.5579 2.1654, 0.2191 -1.5451 2.1654, -0.0042 -1.5451 2.1654, 0.2118 -1.5425 2.1654, 0.1884 -1.5265 2.1654, 0.2897 -1.5618 2.1654, -0.0042 -1.7323 2.1654, 0.3321 -1.5569 2.1654, 1.5157 -1.7323 2.1654, 0.3633 -1.5451 2.1654, 1.5157 -1.5451 2.1654, 0.3716 -1.542 2.1654, 1.5157 -1.5265 2.1654, 0.3957 -1.5265 2.1654, 0.3924 -1.5293 2.1654, 0.5484 -1.4535 2.1654, 0.5397 -1.4614 2.1654, 0.5108 -1.4801 2.1654, 0.4788 -1.491 2.1654, 0.4499 -1.4938 2.1654, 0.4126 -1.5122 2.1654, 0.4401 -1.4932 2.1654, 0.4302 -1.492 2.1654, 1.5157 -1.4045 2.1654, 0.5814 -1.4012 2.1654, 0.5798 -1.4045 2.1654, 0.5666 -1.4313 2.1654, 0.5892 -1.3565 2.1654, 1.5157 -1.3355 2.1654, 0.5871 -1.3355 2.1654, 1.5157 -1.3331 2.1654, 0.5869 -1.3331 2.1654, 1.5157 0.6299 2.1654, 0.9646 0.6299 2.1654, 0.9646 -1.0236 2.1654, 0.3655 -1.1726 2.1654, 0.3846 -1.1654 2.1654, -0.0042 0.6299 2.1654, 0.2203 -1.2645 2.1654, 0.2149 -1.2681 2.1654, 0.1992 -1.3187 2.1654, 0.209 -1.2702 2.1654, 0.4287 -1.1664 2.1654, 0.4484 -1.1748 2.1654, 0.5709 -1.0236 2.1654, 0.465 -1.1875 2.1654, 0.4776 -1.2033 2.1654, 0.2142 -1.2204 2.1654, 0.2199 -1.2241 2.1654, 0.3249 -1.218 2.1654, 0.2233 -1.2274 2.1654, 0.5709 0.6299 2.1654, 0.4053 -1.163 2.1654, 0.4086 -1.1631 2.1654, 0.203 -1.2709 2.1654, 0.2021 -1.2708 2.1654, 0.1996 -1.2702 2.1654, 0.5755 -1.2956 2.1654, 0.5864 -1.3277 2.1654, -0.0042 -1.3355 2.1654, 0.0446 -1.3331 2.1654, -0.0042 -1.3331 2.1654, 0.0446 -1.3315 2.1654, 0.0493 -1.3036 2.1654, 0.486 -1.2217 2.1654, 0.5018 -1.2268 2.1654, 0.5319 -1.2433 2.1654, 0.554 -1.2631 2.1654, 0.5579 -1.2678 2.1654, 0.0794 -1.2527 2.1654, 0.0767 -1.2555 2.1654, 0.0607 -1.277 2.1654, 0.102 -1.2347 2.1654, 0.1283 -1.2227 2.1654, 0.1547 -1.2176 2.1654, 0.1151 -1.2909 2.1654, 0.1056 -1.3041 2.1654, 0.0996 -1.3193 2.1654, 0.2075 -1.3331 2.1654, 0.2296 -1.2446 2.1654, 0.2295 -1.2471 2.1654, 0.3192 -1.2563 2.1654, 0.2279 -1.2537 2.1654, 0.2248 -1.2596 2.1654, 0.3484 -1.1843 2.1654, 0.3351 -1.199 2.1654, 0.205 -1.218 2.1654, 0.2085 -1.2184 2.1654, 0.2268 -1.2328 2.1654, 0.2289 -1.2386 2.1654, 0.3198 -1.2391 2.1654, 0.3193 -1.2478 2.1654, 0.1978 -1.27 2.1654, 0.1594 -1.2697 2.1654, 0.1442 -1.2725 2.1654, 0.129 -1.2794 2.1654, 0.1163 -1.2896 2.1654, 0.0978 -1.3331 2.1654, 0.0975 -1.3355 2.1654, 0.2089 -1.3355 2.1654, 0.0975 -1.3359 2.1654, 0.5318 -1.3355 2.1654, 0.5345 -1.3448 2.1654, 0.2254 -1.3641 2.1654, 0.5354 -1.3578 2.1654, 0.5338 -1.3701 2.1654, 0.0978 -1.3432 2.1654, 0.1017 -1.3597 2.1654, 0.1072 -1.3701 2.1654, 0.373 -1.3287 2.1654, 0.355 -1.3188 2.1654, 0.3402 -1.3052 2.1654, 0.4433 -1.3252 2.1654, 0.4244 -1.3323 2.1654, 0.5312 -1.3331 2.1654, 0.4172 -1.3331 2.1654, 0.404 -1.3346 2.1654, 0.3936 -1.334 2.1654, 0.5285 -1.3238 2.1654, 0.4751 -1.2972 2.1654, 0.4609 -1.3132 2.1654, 0.5184 -1.3062 2.1654, 0.5032 -1.2904 2.1654, 0.4847 -1.2789 2.1654, 0.1707 -1.4045 2.1654, 0.5202 -1.4045 2.1654, 0.1704 -1.403 2.1654, 0.5253 -1.3974 2.1654, 0.5327 -1.3784 2.1654, 0.1636 -1.403 2.1654, 0.1095 -1.3745 2.1654, 0.1194 -1.3857 2.1654, 0.1325 -1.395 2.1654, 0.1474 -1.4009 2.1654, 0.4105 -1.4329 2.1654, 0.4042 -1.4294 2.1654, 0.3925 -1.454 2.1654, 0.1733 -1.4193 2.1654, 0.1845 -1.4477 2.1654, 0.2021 -1.4721 2.1654, 0.2358 -1.4975 2.1654, 0.2627 -1.5074 2.1654, 0.2116 -1.4813 2.1654, 0.2892 -1.5106 2.1654, 0.2938 -1.5106 2.1654, 0.3222 -1.5064 2.1654, 0.4296 -1.44 2.1654, 0.4494 -1.4426 2.1654, 0.4581 -1.4422 2.1654, 0.3501 -1.4949 2.1654, 0.3737 -1.4772 2.1654, 0.4792 -1.4374 2.1654, 0.4984 -1.4274 2.1654, 0.5133 -1.4143 2.1654, 0.0477 -1.3624 2.1654, 0.0445 -1.3364 2.1654, 0.0445 -1.3355 2.1654, 0.0506 -1.3701 2.1654, 0.0575 -1.3887 2.1654, 0.0683 -1.4045 2.1654, -0.5709 0.6299 2.1654, -0.5709 -1.0236 2.1654, -0.4616 0.6299 2.1654, -0.4729 -1.2136 2.1654, -0.5617 -1.2404 2.1654, -0.5527 -1.2298 2.1654, -0.5648 -1.3026 2.1654, -0.5692 -1.2912 2.1654, -0.5742 -1.3331 2.1654, -0.5711 -1.2745 2.1654, -0.5402 -1.221 2.1654, -0.5266 -1.2157 2.1654, -0.5059 -1.2133 2.1654, -0.5707 -1.2668 2.1654, -0.5677 -1.2528 2.1654, -0.5408 -1.3259 2.1654, -0.5533 -1.3172 2.1654, -0.5574 -1.3131 2.1654, -0.4737 -1.3331 2.1654, -0.4738 -1.3337 2.1654, -0.4616 -1.3355 2.1654, -0.508 -1.3334 2.1654, -0.5742 -1.3355 2.1654, -0.5105 -1.3331 2.1654, -0.5263 -1.3313 2.1654, -0.1177 -1.2298 2.1654, -0.1176 -1.2161 2.1654, -0.1204 -1.3331 2.1654, -0.0693 -1.3227 2.1654, -0.069 -1.2843 2.1654, -0.1156 -1.3224 2.1654, -0.1119 -1.284 2.1654, -0.053 -1.2165 2.1654, -0.0689 -1.2705 2.1654, -0.0686 -1.2301 2.1654, -0.1118 -1.2702 2.1654, -0.1204 0.6299 2.1654, -0.1157 -1.3331 2.1654, -0.1204 -1.3355 2.1654, -0.1157 -1.3355 2.1654, -0.1157 -1.3362 2.1654, -0.0539 -1.3366 2.1654, -0.0538 -1.3355 2.1654, -0.0538 -1.3331 2.1654, -0.4616 -1.5265 2.1654, -0.4749 -1.5242 2.1654, -0.4915 -1.5241 2.1654, -0.4283 -1.4044 2.1654, -0.4283 -1.4045 2.1654, -0.4252 -1.4045 2.1654, -0.4616 -1.49 2.1654, -0.4252 -1.3701 2.1654, -0.4454 -1.4043 2.1654, -0.4616 -1.3701 2.1654, -0.4455 -1.4045 2.1654, -0.4616 -1.4045 2.1654, -0.4616 -1.437 2.1654, -0.4572 -1.4371 2.1654, -0.5072 -1.4367 2.1654, -0.519 -1.4045 2.1654, -0.5192 -1.4038 2.1654, -0.5364 -1.4036 2.1654, -0.5742 -1.3701 2.1654, -0.536 -1.4045 2.1654, -0.5742 -1.4045 2.1654, -0.5742 -1.5265 2.1654, -0.2836 -1.5265 2.1654, -0.2993 -1.5254 2.1654, -0.3126 -1.5265 2.1654, -0.2992 -1.5116 2.1654, -0.3126 -1.4045 2.1654, -0.2525 -1.4598 2.1654, -0.2522 -1.4194 2.1654, -0.2836 -1.4595 2.1654, -0.2836 -1.4191 2.1654, -0.2954 -1.4595 2.1654, -0.3013 -1.419 2.1654, -0.2955 -1.4732 2.1654, -0.2836 -1.5117 2.1654, -0.2836 -1.4733 2.1654, -0.2528 -1.512 2.1654, -0.2526 -1.4735 2.1654, -0.2366 -1.4058 2.1654, -0.2289 -1.4045 2.1654, -0.2836 -1.4045 2.1654, -0.2289 -1.5265 2.1654, -0.2374 -1.5259 2.1654, -0.2836 -1.5255 2.1654, -0.3012 -1.4053 2.1654, -0.2836 -1.4054 2.1654, -0.2134 -1.5232 2.1654, -0.2132 -1.507 2.1654, -0.1873 -1.4181 2.1654, -0.2009 -1.4206 2.1654, -0.2073 -1.5095 2.1654, -0.2073 -1.4234 2.1654, -0.2119 -1.5077 2.1654, -0.2127 -1.4258 2.1654, -0.145 -1.439 2.1654, -0.1508 -1.4308 2.1654, -0.1532 -1.4285 2.1654, -0.161 -1.4229 2.1654, -0.1522 -1.5012 2.1654, -0.1456 -1.4922 2.1654, -0.1604 -1.5079 2.1654, -0.1699 -1.5122 2.1654, -0.1998 -1.5124 2.1654, -0.185 -1.5143 2.1654, -0.1394 -1.4607 2.1654, -0.1803 -1.5141 2.1654, -0.1393 -1.4652 2.1654, -0.1414 -1.4819 2.1654, -0.1695 -1.4195 2.1654, -0.1816 -1.418 2.1654, -0.1412 -1.4487 2.1654, -0.1849 -1.5283 2.1654, -0.1852 -1.5283 2.1654, -0.2073 -1.5451 2.1654, -0.2009 -1.5269 2.1654, -0.1319 -1.4996 2.1654, -0.1407 -1.5109 2.1654, -0.1436 -1.5136 2.1654, -0.1548 -1.5214 2.1654, -0.1204 -1.5265 2.1654, -0.1261 -1.4863 2.1654, -0.1276 -1.4896 2.1654, -0.1276 -1.4387 2.1654, -0.1248 -1.4464 2.1654, -0.1204 -1.4045 2.1654, -0.123 -1.4644 2.1654, -0.1233 -1.4706 2.1654, -0.159 -1.4073 2.1654, -0.1477 -1.4127 2.1654, -0.1276 -1.4045 2.1654, -0.172 -1.4045 2.1654, -0.1381 -1.4208 2.1654, -0.1362 -1.423 2.1654, -0.1294 -1.4335 2.1654, -0.2073 -1.3701 2.1654, -0.1793 -1.4042 2.1654, -0.1731 -1.4045 2.1654, -0.2126 -1.4109 2.1654, -0.2105 -1.4099 2.1654, -0.2073 -1.4089 2.1654, -0.0707 -1.5265 2.1654, -0.07 -1.4206 2.1654, -0.1178 -1.4203 2.1654, -0.1177 -1.4066 2.1654, -0.0544 -1.4071 2.1654, -0.6239 -1.3326 2.1654, -0.6405 -1.3325 2.1654, -0.6854 -1.2121 2.1654, -0.9646 -1.0236 2.1654, -0.6683 -1.2122 2.1654, -0.6563 -1.2451 2.1654, -0.6063 -1.2455 2.1654, -0.9646 0.6299 2.1654, -1.1006 0.6299 2.1654, -1.1006 -1.3331 2.1654, -0.2213 -1.2184 2.1654, -0.2214 -1.2339 2.1654, -0.2073 -1.3331 2.1654, -0.2224 -1.283 2.1654, -0.2241 -1.2879 2.1654, -0.2269 -1.2919 2.1654, -0.2289 -1.3331 2.1654, -0.2289 -1.2296 2.1654, -0.2289 -1.2615 2.1654, -0.2268 -1.2305 2.1654, -0.2285 -1.2618 2.1654, -0.226 -1.2644 2.1654, -0.2242 -1.2672 2.1654, -0.2225 -1.2717 2.1654, -0.2218 -1.278 2.1654, -0.2073 0.6299 2.1654, -0.2289 -1.2156 2.1654, -0.2289 0.6299 2.1654, -0.2318 -1.2146 2.1654, -0.2745 -1.2525 2.1654, -0.277 -1.2487 2.1654, -0.2756 -1.2843 2.1654, -0.2289 -1.2938 2.1654, -0.2316 -1.2962 2.1654, -0.2353 -1.2984 2.1654, -0.2836 -1.3331 2.1654, -0.2757 -1.2989 2.1654, -0.2433 -1.3015 2.1654, -0.2554 -1.3029 2.1654, -0.266 -1.3018 2.1654, -0.2836 0.6299 2.1654, -0.2742 -1.2239 2.1654, -0.2696 -1.2198 2.1654, -0.2662 -1.2177 2.1654, -0.2583 -1.2147 2.1654, -0.2446 -1.2132 2.1654, -0.2794 -1.2383 2.1654, -0.2787 -1.2326 2.1654, -0.277 -1.2278 2.1654, -0.2539 -1.2906 2.1654, -0.2494 -1.2903 2.1654, -0.2374 -1.2792 2.1654, -0.2454 -1.2893 2.1654, -0.242 -1.2875 2.1654, -0.2375 -1.2772 2.1654, -0.2381 -1.2749 2.1654, -0.2391 -1.2728 2.1654, -0.2406 -1.2712 2.1654, -0.2459 -1.2679 2.1654, -0.2644 -1.2893 2.1654, -0.2551 -1.2637 2.1654, -0.2729 -1.2859 2.1654, -0.261 -1.2613 2.1654, -0.2709 -1.2557 2.1654, -0.2397 -1.2855 2.1654, -0.2384 -1.2836 2.1654, -0.2376 -1.2816 2.1654, -0.2362 -1.2267 2.1654, -0.2444 -1.2529 2.1654, -0.2355 -1.2571 2.1654, -0.2461 -1.2254 2.1654, -0.2468 -1.2254 2.1654, -0.2543 -1.2487 2.1654, -0.2545 -1.2262 2.1654, -0.264 -1.2369 2.1654, -0.2638 -1.2388 2.1654, -0.2584 -1.2276 2.1654, -0.2598 -1.2284 2.1654, -0.2615 -1.23 2.1654, -0.2628 -1.2319 2.1654, -0.2636 -1.234 2.1654, -0.2632 -1.2411 2.1654, -0.262 -1.2431 2.1654, -0.2601 -1.2451 2.1654, -0.3126 -1.2768 2.1654, -0.3265 -1.2359 2.1654, -0.3305 -1.2358 2.1654, -0.3282 -1.2288 2.1654, -0.3286 -1.2288 2.1654, -0.3294 -1.2318 2.1654, -0.3126 -1.3331 2.1654, -0.3544 -1.3002 2.1654, -0.3865 -1.3331 2.1654, -0.37 -1.3001 2.1654, -0.3856 -1.2142 2.1654, -0.3304 -1.2016 2.1654, -0.3231 -1.1878 2.1654, -0.3175 -1.1814 2.1654, -0.317 -1.181 2.1654, -0.3126 -1.1779 2.1654, -0.2899 -1.1757 2.1654, -0.29 -1.1891 2.1654, -0.3045 -1.3005 2.1654, -0.2877 -1.3007 2.1654, -0.2787 -1.2443 2.1654, -0.2985 -1.1873 2.1654, -0.3014 -1.1875 2.1654, -0.3126 -1.236 2.1654, -0.4252 0.6299 2.1654, -0.3126 0.6299 2.1654, -0.3118 -1.1773 2.1654, -0.3058 -1.1751 2.1654, -0.2996 -1.1744 2.1654, -0.2962 -1.1745 2.1654, -0.2931 -1.188 2.1654, -0.3047 -1.1885 2.1654, -0.3075 -1.1902 2.1654, -0.3107 -1.1934 2.1654, -0.3126 -1.1967 2.1654, -0.314 -1.1993 2.1654, -0.3207 -1.2148 2.1654, -0.4482 -1.32 2.1654, -0.4503 -1.2274 2.1654, -0.4502 -1.2137 2.1654, -0.4252 -1.2139 2.1654, -0.4015 -1.2682 2.1654, -0.4012 -1.2278 2.1654, -0.4252 -1.268 2.1654, -0.4252 -1.2276 2.1654, -0.4445 -1.2679 2.1654, -0.4446 -1.2816 2.1654, -0.4252 -1.2818 2.1654, -0.4252 -1.3202 2.1654, -0.4019 -1.3204 2.1654, -0.4016 -1.2819 2.1654, -0.4252 -1.3355 2.1654, -0.4252 -1.334 2.1654, -0.3865 -1.3343 2.1654, -0.3126 -1.3355 2.1654, -0.1353 -1.2525 2.1654, -0.1383 -1.2568 2.1654, -0.1408 -1.2811 2.1654, -0.1782 -1.2201 2.1654, -0.1727 -1.2165 2.1654, -0.1859 -1.2156 2.1654, -0.1665 -1.2145 2.1654, -0.1592 -1.2138 2.1654, -0.2009 -1.2155 2.1654, -0.186 -1.2289 2.1654, -0.1856 -1.2289 2.1654, -0.183 -1.2251 2.1654, -0.143 -1.2608 2.1654, -0.1494 -1.264 2.1654, -0.1513 -1.2875 2.1654, -0.1608 -1.2667 2.1654, -0.1742 -1.2907 2.1654, -0.169 -1.2912 2.1654, -0.1608 -1.2905 2.1654, -0.1409 -1.2957 2.1654, -0.1276 -1.3331 2.1654, -0.1332 -1.2472 2.1654, -0.1948 -1.2939 2.1654, -0.1979 -1.2891 2.1654, -0.1499 -1.2149 2.1654, -0.1442 -1.2172 2.1654, -0.1276 0.6299 2.1654, -0.1347 -1.227 2.1654, -0.1329 -1.2321 2.1654, -0.1322 -1.2389 2.1654, -0.1322 -1.2407 2.1654, -0.1794 -1.3026 2.1654, -0.1858 -1.3007 2.1654, -0.1908 -1.2978 2.1654, -0.157 -1.2138 2.1654, -0.2002 -1.2823 2.1654, -0.2013 -1.2707 2.1654, -0.1394 -1.2207 2.1654, -0.1378 -1.2223 2.1654, -0.1863 -1.2701 2.1654, -0.1858 -1.2767 2.1654, -0.1843 -1.2821 2.1654, -0.1826 -1.2852 2.1654, -0.144 -1.2974 2.1654, -0.1552 -1.3017 2.1654, -0.1705 -1.3035 2.1654, -0.1803 -1.2876 2.1654, -0.1777 -1.2894 2.1654, -0.2836 -1.3355 2.1654, -0.2289 -1.3355 2.1654, -0.2289 -1.3701 2.1654, -0.2836 -1.3701 2.1654, -0.3126 -1.3701 2.1654, -0.0707 -1.5271 2.1654, -0.1204 -1.5451 2.1654, -0.0552 -1.5272 2.1654, -0.0552 -1.5265 2.1654, -0.4217 -1.4584 2.1654, -0.4187 -1.4444 2.1654, -0.4157 -1.4942 2.1654, -0.4201 -1.4828 2.1654, -0.4252 -1.5265 2.1654, -0.4221 -1.466 2.1654, -0.4127 -1.432 2.1654, -0.4036 -1.4214 2.1654, -0.3912 -1.4126 2.1654, -0.359 -1.525 2.1654, -0.3773 -1.5229 2.1654, -0.3917 -1.5175 2.1654, -0.3775 -1.4073 2.1654, -0.3569 -1.4049 2.1654, -0.3238 -1.4052 2.1654, -0.3247 -1.5253 2.1654, -0.4043 -1.5088 2.1654, -0.4084 -1.5047 2.1654, -1.1006 -1.3355 2.1654, -1.1006 -1.3701 2.1654, -1.1006 -1.4045 2.1654, -1.1006 -1.5265 2.1654, -1.5157 0.6299 2.1654, -1.5157 -1.3331 2.1654, -1.5157 -1.3355 2.1654, -1.5157 -1.3701 2.1654, -1.5157 -1.4045 2.1654, -1.5157 -1.5265 2.1654, -0.1276 -1.5451 2.1654, -0.2289 -1.5451 2.1654, -0.2836 -1.5451 2.1654, -0.3126 -1.5451 2.1654, -0.4252 -1.5451 2.1654, -0.4616 -1.5451 2.1654, -0.5742 -1.5451 2.1654, -1.1006 -1.5451 2.1654, -1.5157 -1.5451 2.1654, -0.1204 -1.7323 2.1654, -0.1276 -1.7323 2.1654, -0.2073 -1.7323 2.1654, -0.2289 -1.7323 2.1654, -0.2836 -1.7323 2.1654, -0.3126 -1.7323 2.1654, -0.4252 -1.7323 2.1654, -0.4616 -1.7323 2.1654, -0.5742 -1.7323 2.1654, -1.1006 -1.7323 2.1654, -1.5157 -1.7323 2.1654, 0.9646 0.2362 0.1969, -0.3099 0.2362 1.1463, -0.9646 0.2362 0.1969, -0.315 0.2362 1.1457, -0.4724 0.2362 1.1457, 0.1772 0.2362 1.7323, -0.4823 0.2362 1.3399, -0.4775 0.2362 1.3418, 0.301 0.2362 1.1514, 0.2979 0.2362 1.1555, -0.4921 0.2362 1.3228, -0.4915 0.2362 1.3279, -0.9646 0.2362 1.7323, -0.4724 0.2362 1.3425, -0.315 0.2362 1.3425, -0.3099 0.2362 1.3418, -0.4775 0.2362 1.1463, -0.4823 0.2362 1.1483, -0.4864 0.2362 1.1514, -0.4895 0.2362 1.3327, -0.4864 0.2362 1.3368, 0.4724 0.2362 1.1457, 0.315 0.2362 1.1457, 0.3099 0.2362 1.1463, 0.3051 0.2362 1.1483, 0.9646 0.2362 1.7323, 0.3099 0.2362 1.3418, 0.315 0.2362 1.3425, -0.2979 0.2362 1.1555, -0.301 0.2362 1.1514, -0.3051 0.2362 1.1483, 0.4724 0.2362 1.3425, 0.4775 0.2362 1.3418, 0.4823 0.2362 1.3399, 0.4864 0.2362 1.3368, 0.4895 0.2362 1.3327, 0.4915 0.2362 1.3279, 0.4895 0.2362 1.1555, 0.4864 0.2362 1.1514, -0.4895 0.2362 1.1555, -0.4915 0.2362 1.1603, -0.4921 0.2362 1.1654, 0.1772 0.2362 2.0079, -0.1772 0.2362 2.0079, -0.1772 0.2362 1.7323, -0.5709 0.2362 1.7323, 0.3051 0.2362 1.3399, -0.2959 0.2362 1.3279, 0.301 0.2362 1.3368, 0.2979 0.2362 1.3327, -0.3051 0.2362 1.3399, -0.301 0.2362 1.3368, 0.5709 0.2362 1.7323, -0.2979 0.2362 1.3327, 0.4823 0.2362 1.1483, 0.4775 0.2362 1.1463, 0.4921 0.2362 1.3228, 0.4921 0.2362 1.1654, 0.4915 0.2362 1.1603, 0.2959 0.2362 1.3279, -0.2953 0.2362 1.3228, 0.2953 0.2362 1.3228, -0.2959 0.2362 1.1603, 0.2959 0.2362 1.1603, 0.2953 0.2362 1.1654, -0.2953 0.2362 1.1654, 0.5118 0.4331 1.0039, 1.2795 0.4331 1.0039, 1.2795 0.4331 0.2953, 0.5118 0.4331 0.2953, 0.5118 0.4331 0.0591, 0.2756 0.4331 0.0591, -0.2756 0.4331 1.3425, -0.3045 0.4331 1.3395, -0.3087 0.4331 1.3415, 0.2756 0.4331 0.2953, -0.2756 0.4331 0.2953, -0.2756 0.4331 1.0039, -0.2996 0.4331 1.3351, -0.3011 0.4331 1.3367, -0.3029 0.4331 1.3384, 0.5118 0.4331 1.3425, 0.4829 0.4331 1.3395, 0.4787 0.4331 1.3415, -0.3099 0.4331 1.3418, -0.3106 0.4331 1.342, -0.315 0.4331 1.3425, 0.3045 0.4331 1.1487, 0.3087 0.4331 1.1467, 0.2756 0.4331 1.0039, 0.4878 0.4331 1.3351, 0.4863 0.4331 1.3367, 0.4845 0.4331 1.3384, -0.4724 0.4331 1.3425, -0.4771 0.4331 1.342, -0.5118 0.4331 1.3425, -0.4775 0.4331 1.3418, -0.479 0.4331 1.3414, -0.2756 0.4331 0.0591, -0.5118 0.4331 0.0591, -0.5118 0.4331 0.2953, -1.2795 0.4331 0.2953, -0.5118 0.4331 1.0039, -1.2795 0.4331 1.0039, 0.4775 0.4331 1.3418, 0.4768 0.4331 1.342, 0.4724 0.4331 1.3425, -0.4914 0.4331 1.1603, -0.491 0.4331 1.1588, -0.4845 0.4331 1.1498, -0.4863 0.4331 1.1515, -0.4878 0.4331 1.1531, -0.3103 0.4331 1.1462, -0.3099 0.4331 1.1464, 0.315 0.4331 1.3425, 0.3103 0.4331 1.342, 0.2756 0.4331 1.3425, 0.3099 0.4331 1.3418, 0.3084 0.4331 1.3414, -0.4894 0.4331 1.1556, -0.489 0.4331 1.1547, -0.4829 0.4331 1.1487, -0.4787 0.4331 1.1467, -0.4775 0.4331 1.1464, -0.3084 0.4331 1.1468, -0.3052 0.4331 1.1484, -0.3043 0.4331 1.1488, 0.296 0.4331 1.1603, 0.2964 0.4331 1.1588, 0.2996 0.4331 1.1531, 0.3011 0.4331 1.1515, 0.3029 0.4331 1.1498, 0.4724 0.4331 1.1457, 0.4771 0.4331 1.1462, 0.4775 0.4331 1.1464, -0.4822 0.4331 1.3398, -0.4831 0.4331 1.3394, -0.4847 0.4331 1.3382, -0.2964 0.4331 1.3294, -0.296 0.4331 1.3279, -0.2958 0.4331 1.3275, -0.298 0.4331 1.3326, -0.2984 0.4331 1.3335, 0.298 0.4331 1.1556, 0.2984 0.4331 1.1547, 0.479 0.4331 1.1468, 0.4822 0.4331 1.1484, 0.4831 0.4331 1.1488, -0.4863 0.4331 1.3367, -0.488 0.4331 1.3349, -0.4891 0.4331 1.3333, -0.4768 0.4331 1.1461, -0.4724 0.4331 1.1457, -0.315 0.4331 1.1457, 0.3052 0.4331 1.3398, 0.3043 0.4331 1.3394, 0.3027 0.4331 1.3382, 0.3099 0.4331 1.1464, 0.3106 0.4331 1.1461, 0.315 0.4331 1.1457, 0.491 0.4331 1.3294, 0.4914 0.4331 1.3279, 0.4916 0.4331 1.3275, 0.4894 0.4331 1.3326, 0.489 0.4331 1.3335, -0.4911 0.4331 1.3291, -0.4914 0.4331 1.3279, -0.4916 0.4331 1.3272, -0.3027 0.4331 1.15, -0.3011 0.4331 1.1515, -0.2994 0.4331 1.1533, -0.2983 0.4331 1.1549, -0.2963 0.4331 1.1591, -0.296 0.4331 1.1603, -0.2958 0.4331 1.161, -0.2953 0.4331 1.1654, -0.2953 0.4331 1.3228, 0.3011 0.4331 1.3367, 0.2994 0.4331 1.3349, 0.2983 0.4331 1.3333, 0.2963 0.4331 1.3291, 0.296 0.4331 1.3279, 0.2958 0.4331 1.3272, 0.4847 0.4331 1.15, 0.4863 0.4331 1.1515, 0.488 0.4331 1.1533, 0.4891 0.4331 1.1549, 0.4911 0.4331 1.1591, 0.4914 0.4331 1.1603, 0.4916 0.4331 1.161, 0.4921 0.4331 1.1654, 0.4921 0.4331 1.3228, -0.4921 0.4331 1.3228, -0.4921 0.4331 1.1654, -0.4916 0.4331 1.1607, 0.2953 0.4331 1.3228, 0.2953 0.4331 1.1654, 0.2958 0.4331 1.1607, -0.2756 0.6299 0.2953, 0.2756 0.6299 0.2953, -0.2756 0.6299 0.0591, 0.2756 0.6299 0.0591, -0.2756 0.6299 1.0039, 0.2756 0.6299 1.0039, 0.5118 0.6299 0.0591, 0.5118 0.6299 0.2953, 0.6496 0.6299 0.0591, 1.2795 0.6299 0.2953, 0.6496 0.6299 0.0394, 0.6788 0.6299 0.0013, 0.6693 0.6299 0.0053, 0.689 0.6299 0.0, 0.6611 0.6299 0.0115, 0.6549 0.6299 0.0197, 1.2795 0.6299 0.0, 0.6509 0.6299 0.0292, 0.5118 0.6299 1.0039, 1.2795 0.6299 1.0039, 0.5709 0.6299 1.7323, 0.9646 0.6299 1.7323, 1.2795 0.6299 1.4961, -0.3346 0.6299 1.7323, 0.5118 0.6299 1.3425, 0.2756 0.6299 1.3425, 0.3346 0.6299 1.7323, 1.5551 0.6299 2.126, 1.5551 0.6299 1.4961, -0.5118 0.6299 1.3425, -0.9646 0.6299 1.7323, -0.2756 0.6299 1.3425, -0.5709 0.6299 1.7323, 1.5436 0.6299 2.1538, 1.5498 0.6299 2.1457, 1.5354 0.6299 2.1601, 1.5259 0.6299 2.164, 1.5538 0.6299 2.1362, 0.3346 0.6299 1.9685, -0.3346 0.6299 1.9685, -1.5551 0.6299 1.4961, -1.5551 0.6299 2.126, -1.2795 0.6299 1.4961, -1.2795 0.6299 1.0039, -0.5118 0.6299 1.0039, -1.5436 0.6299 2.1538, -1.5354 0.6299 2.1601, -1.5498 0.6299 2.1457, -1.5259 0.6299 2.164, -1.5538 0.6299 2.1362, -0.5118 0.6299 0.2953, -0.5118 0.6299 0.0591, -1.2795 0.6299 0.2953, -0.6496 0.6299 0.0591, -1.2795 0.6299 0.0, -0.6496 0.6299 0.0394, -0.6509 0.6299 0.0292, -0.6549 0.6299 0.0197, -0.6611 0.6299 0.0115, -0.6693 0.6299 0.0053, -0.6788 0.6299 0.0013, -0.689 0.6299 0.0, 1.5551 -1.7323 2.126, 1.5551 -1.7323 1.378, 1.5551 -1.3386 1.122, 1.5551 -1.3386 0.4134, 1.5551 -0.9055 1.122, 1.5551 -0.4331 0.4134, 1.5551 -0.4331 0.0394, 1.5551 1.2598 0.0394, 1.5551 1.2598 1.1811, 1.5551 -0.9055 1.378, 1.1614 -0.4331 0.4134, 1.1614 -1.3386 0.4134, -1.5551 1.2598 0.0394, -1.5551 -0.4331 0.0394, -1.5551 -0.4331 0.4134, -1.5551 -1.3386 0.4134, -1.5551 -1.3386 1.122, -1.5551 -0.9055 1.122, -1.5551 -1.7323 1.378, -1.5551 -1.7323 2.126, -1.5551 -0.9055 1.378, -1.5551 1.2598 1.1811, -1.1614 -0.4331 0.4134, -1.1614 -1.3386 0.4134, 1.0013 -1.7323 1.122, 1.0013 -1.7323 0.1601, 1.1614 -1.7323 1.122, 1.0039 -1.7323 0.1575, 1.1614 -1.7323 0.1575, -1.0013 -1.7323 1.122, -1.1614 -1.7323 1.122, -1.0013 -1.7323 0.1601, -1.1614 -1.7323 0.1575, -0.6496 -1.7323 0.0591, -1.0039 -1.7323 0.1575, -0.6496 -1.7323 0.0394, -1.0039 -1.7323 0.0, -0.689 -1.7323 0.0, -0.6509 -1.7323 0.0292, -0.6549 -1.7323 0.0197, -0.6611 -1.7323 0.0115, 0.6496 -1.7323 0.0591, 0.6496 -1.7323 0.0394, 1.0039 -1.7323 0.0, -0.6788 -1.7323 0.0013, -0.6693 -1.7323 0.0053, 0.6693 -1.7323 0.0053, 0.6788 -1.7323 0.0013, 0.689 -1.7323 0.0, 0.6509 -1.7323 0.0292, 0.6549 -1.7323 0.0197, 0.6611 -1.7323 0.0115, 1.0039 -0.4331 0.0, 1.5157 -0.4331 0.0, 1.5157 1.2598 0.0, 1.2795 1.2598 0.0, -1.0472 -1.7323 1.378, -1.0472 -1.7323 1.8149, -1.5538 -1.7323 2.1362, -0.2598 -1.7323 1.8149, -0.2598 -1.7323 2.0905, -1.5259 -1.7323 2.164, -1.5354 -1.7323 2.1601, 0.2598 -1.7323 2.0905, 0.2598 -1.7323 1.8149, 1.0472 -1.7323 1.8149, 1.0472 -1.7323 1.378, -1.5436 -1.7323 2.1538, -1.5498 -1.7323 2.1457, 1.5436 -1.7323 2.1538, 1.5354 -1.7323 2.1601, 1.5259 -1.7323 2.164, 1.5538 -1.7323 2.1362, 1.5498 -1.7323 2.1457, -1.0039 -0.4331 0.0, -1.5157 1.2598 0.0, -1.2795 1.2598 0.0, -1.5157 -0.4331 0.0, -0.9646 -1.0236 1.7323, -0.9646 -1.6535 1.122, -0.9646 -1.6535 0.1969, -0.9646 -0.9055 1.122, -0.9646 -0.9055 1.378, -0.9646 -1.6339 1.378, -0.9646 -1.6339 1.7323, -0.5709 -1.0236 1.7323, -0.1772 -1.6339 1.7323, -0.1772 -1.6339 2.0079, 0.1772 -1.6339 2.0079, 0.1772 -1.6339 1.7323, 0.9646 -1.0236 1.7323, 0.9646 -1.6339 1.7323, 0.5709 -1.0236 1.7323, 0.9646 -1.6339 1.378, 0.9646 -0.9055 1.378, 0.9646 -1.6535 0.1969, 0.9646 -1.6535 1.122, 0.9646 -0.9055 1.122, 1.1614 -1.3386 1.122, -1.1614 -1.3386 1.122, -1.1614 -0.4331 0.1575, -1.0039 -0.4331 0.1575, -1.5538 -0.4331 0.0292, -1.5259 -0.4331 0.0013, -1.5354 -0.4331 0.0053, -1.5498 -0.4331 0.0197, -1.5436 -0.4331 0.0115, 1.0039 -0.4331 0.1575, 1.1614 -0.4331 0.1575, 1.5541 -0.4331 0.0306, 1.5512 -0.4331 0.0223, 1.5245 -0.4331 0.001, 1.5328 -0.4331 0.0039, 1.5403 -0.4331 0.0086, 1.5465 -0.4331 0.0148, 1.2795 1.2598 1.1811, 1.5541 1.2598 0.0306, 1.5245 1.2598 0.001, 1.5512 1.2598 0.0223, 1.5465 1.2598 0.0148, 1.5328 1.2598 0.0039, 1.5403 1.2598 0.0086, -1.2795 1.2598 1.1811, -1.5259 1.2598 0.0013, -1.5538 1.2598 0.0292, -1.5354 1.2598 0.0053, -1.5436 1.2598 0.0115, -1.5498 1.2598 0.0197, 0.3346 0.4331 1.7323, 0.3346 0.4331 1.9685, -0.3346 0.4331 1.9685, -0.3346 0.4331 1.7323
            ]
        }
        coordIndex [
            0,1,2,-1,3,4,5,-1,6,7,8,-1,9,10,11,-1,12,13,14,-1,15,16,17,-1,18,19,20,-1,21,22,23,-1,24,25,26,-1,27,28,29,-1,29,28,0,-1,29,30,31,-1,31,32,29,-1,29,32,33,-1,29,33,27,-1,34,35,36,-1,36,35,37,-1,36,37,29,-1,29,37,38,-1,29,38,30,-1,39,34,40,-1,39,40,41,-1,41,40,42,-1,41,42,43,-1,43,42,44,-1,43,44,45,-1,46,47,44,-1,44,47,48,-1,44,48,45,-1,49,50,46,-1,50,51,46,-1,46,51,52,-1,46,52,47,-1,47,52,53,-1,47,53,54,-1,54,53,55,-1,54,55,56,-1,26,25,57,-1,25,58,57,-1,57,58,59,-1,57,59,46,-1,46,59,60,-1,46,60,49,-1,24,26,61,-1,61,26,62,-1,61,62,63,-1,63,62,64,-1,63,64,65,-1,66,67,64,-1,64,67,68,-1,69,70,71,-1,72,73,74,-1,74,73,75,-1,76,77,78,-1,78,77,79,-1,78,79,68,-1,68,79,80,-1,81,82,83,-1,83,82,84,-1,71,70,85,-1,85,70,86,-1,85,86,78,-1,78,86,87,-1,78,87,76,-1,75,88,74,-1,74,88,89,-1,74,89,90,-1,68,91,64,-1,64,91,92,-1,64,92,65,-1,93,94,95,-1,95,94,96,-1,95,96,97,-1,80,98,68,-1,68,98,99,-1,68,99,100,-1,100,101,68,-1,68,101,102,-1,68,102,91,-1,103,71,104,-1,104,71,105,-1,103,106,71,-1,71,106,107,-1,71,107,108,-1,109,110,74,-1,74,110,111,-1,74,111,112,-1,113,114,115,-1,115,114,116,-1,115,116,74,-1,74,116,117,-1,74,117,72,-1,69,71,118,-1,118,71,108,-1,118,108,119,-1,119,108,120,-1,119,120,83,-1,83,120,121,-1,83,121,81,-1,84,122,83,-1,83,122,123,-1,83,123,124,-1,124,123,113,-1,124,113,125,-1,125,113,115,-1,90,126,74,-1,74,126,127,-1,74,127,128,-1,128,129,74,-1,74,129,130,-1,74,130,109,-1,111,131,112,-1,112,131,132,-1,112,132,133,-1,133,132,134,-1,135,23,136,-1,136,23,137,-1,136,137,138,-1,138,137,139,-1,134,140,133,-1,133,140,141,-1,133,141,137,-1,137,141,142,-1,137,142,139,-1,21,143,22,-1,22,143,144,-1,22,144,145,-1,146,147,148,-1,148,147,149,-1,148,149,135,-1,135,149,150,-1,135,150,23,-1,23,150,151,-1,23,151,21,-1,152,153,148,-1,148,153,154,-1,148,154,146,-1,152,155,153,-1,153,155,156,-1,153,156,157,-1,158,159,160,-1,160,159,161,-1,160,161,162,-1,162,139,160,-1,160,139,142,-1,160,142,163,-1,163,142,164,-1,164,165,163,-1,163,165,166,-1,163,166,167,-1,168,159,169,-1,169,159,158,-1,169,158,170,-1,171,172,173,-1,174,175,158,-1,171,173,158,-1,158,173,176,-1,158,176,174,-1,175,177,158,-1,158,177,178,-1,158,178,179,-1,168,180,159,-1,159,180,181,-1,159,181,182,-1,179,183,158,-1,158,183,184,-1,158,184,170,-1,185,186,182,-1,182,186,187,-1,182,187,159,-1,188,189,93,-1,93,189,190,-1,93,190,94,-1,191,1,192,-1,192,1,0,-1,192,0,193,-1,193,0,28,-1,194,195,196,-1,196,195,197,-1,11,198,199,-1,200,201,202,-1,202,201,203,-1,199,204,11,-1,11,204,205,-1,11,205,195,-1,195,205,206,-1,195,206,197,-1,203,207,11,-1,11,207,208,-1,11,208,198,-1,209,210,202,-1,202,210,211,-1,202,211,200,-1,212,213,214,-1,214,213,215,-1,214,215,216,-1,216,215,217,-1,216,217,202,-1,202,217,218,-1,202,218,209,-1,219,220,221,-1,222,223,224,-1,224,223,225,-1,226,95,71,-1,71,95,97,-1,71,97,105,-1,227,228,229,-1,229,228,219,-1,229,219,225,-1,226,71,220,-1,220,71,230,-1,220,230,221,-1,225,219,224,-1,224,219,221,-1,224,221,231,-1,231,221,232,-1,231,232,233,-1,233,232,234,-1,234,232,2,-1,234,2,235,-1,235,2,1,-1,235,1,236,-1,226,237,95,-1,95,237,236,-1,95,236,93,-1,93,236,1,-1,93,1,188,-1,188,1,191,-1,238,239,240,-1,241,242,243,-1,243,242,244,-1,241,245,246,-1,246,245,247,-1,246,247,248,-1,247,249,248,-1,248,249,250,-1,248,250,251,-1,252,250,253,-1,253,250,249,-1,253,249,254,-1,254,249,247,-1,254,247,255,-1,255,247,256,-1,255,256,257,-1,257,256,258,-1,257,258,240,-1,240,258,259,-1,240,259,238,-1,260,261,262,-1,262,261,263,-1,262,263,264,-1,265,266,267,-1,267,266,268,-1,267,268,269,-1,269,268,270,-1,269,270,271,-1,263,272,273,-1,273,272,274,-1,273,274,275,-1,276,277,278,-1,279,280,260,-1,260,280,281,-1,260,281,261,-1,273,271,263,-1,263,271,270,-1,263,270,264,-1,264,270,282,-1,264,282,278,-1,278,282,283,-1,278,283,276,-1,19,18,279,-1,279,18,284,-1,279,284,285,-1,286,287,288,-1,288,287,289,-1,288,289,290,-1,290,289,291,-1,290,291,285,-1,285,291,277,-1,285,277,279,-1,279,277,276,-1,279,276,280,-1,292,293,288,-1,288,293,294,-1,288,294,295,-1,296,297,298,-1,298,297,299,-1,300,301,302,-1,302,301,303,-1,302,303,304,-1,304,303,299,-1,304,299,305,-1,305,299,297,-1,295,306,288,-1,288,306,307,-1,288,307,286,-1,300,302,288,-1,288,302,308,-1,288,308,292,-1,309,310,311,-1,311,310,312,-1,311,312,20,-1,17,313,314,-1,314,315,17,-1,17,315,316,-1,17,316,15,-1,317,318,17,-1,17,318,319,-1,17,319,313,-1,320,321,322,-1,322,321,323,-1,322,323,317,-1,317,323,324,-1,317,324,318,-1,325,326,327,-1,325,327,328,-1,326,329,327,-1,327,329,330,-1,327,330,331,-1,332,333,334,-1,328,327,334,-1,334,327,3,-1,334,3,332,-1,291,335,277,-1,277,335,336,-1,277,336,14,-1,14,336,337,-1,14,337,12,-1,338,339,317,-1,317,339,340,-1,317,340,322,-1,322,340,341,-1,322,341,342,-1,203,11,202,-1,202,11,10,-1,202,10,343,-1,344,345,346,-1,346,345,347,-1,348,349,347,-1,347,349,9,-1,347,9,346,-1,346,9,11,-1,350,351,346,-1,346,351,352,-1,346,352,344,-1,353,354,355,-1,356,357,355,-1,355,357,358,-1,355,358,359,-1,360,361,362,-1,362,361,363,-1,362,363,354,-1,354,363,364,-1,364,365,354,-1,354,365,366,-1,354,366,355,-1,355,366,367,-1,355,367,356,-1,353,368,369,-1,369,368,370,-1,369,370,371,-1,372,373,374,-1,358,375,359,-1,359,375,376,-1,359,376,377,-1,378,379,374,-1,377,380,359,-1,359,380,381,-1,359,381,378,-1,378,381,382,-1,378,382,379,-1,383,384,385,-1,385,386,383,-1,383,386,387,-1,383,387,370,-1,370,387,388,-1,370,388,371,-1,389,390,383,-1,383,390,391,-1,383,391,384,-1,392,393,394,-1,394,393,395,-1,394,395,396,-1,394,397,392,-1,392,397,398,-1,392,398,399,-1,399,400,392,-1,392,400,401,-1,392,401,402,-1,402,401,403,-1,402,403,404,-1,404,403,405,-1,404,405,374,-1,374,405,406,-1,374,406,372,-1,407,408,396,-1,396,408,409,-1,396,409,394,-1,410,411,360,-1,360,411,412,-1,360,412,361,-1,410,413,411,-1,411,413,414,-1,411,414,415,-1,415,414,416,-1,415,417,418,-1,416,419,415,-1,415,419,420,-1,415,420,421,-1,421,422,415,-1,415,422,423,-1,415,423,417,-1,418,424,415,-1,415,424,425,-1,415,425,426,-1,427,428,429,-1,430,431,428,-1,428,431,432,-1,428,432,429,-1,433,434,435,-1,435,434,436,-1,435,436,437,-1,437,436,438,-1,437,438,439,-1,439,440,437,-1,437,440,441,-1,437,441,442,-1,443,444,378,-1,429,434,427,-1,427,434,433,-1,427,433,445,-1,445,433,446,-1,373,447,374,-1,374,447,389,-1,374,389,378,-1,378,389,383,-1,378,383,443,-1,448,449,450,-1,451,437,452,-1,452,437,442,-1,452,442,383,-1,383,442,453,-1,383,453,454,-1,454,455,383,-1,383,455,456,-1,383,456,443,-1,433,378,446,-1,446,378,444,-1,446,444,450,-1,450,444,457,-1,450,457,448,-1,449,458,450,-1,450,458,459,-1,450,459,460,-1,460,461,450,-1,450,461,462,-1,450,462,463,-1,7,464,8,-1,8,464,465,-1,8,465,466,-1,197,8,196,-1,196,8,466,-1,196,466,451,-1,451,466,467,-1,451,467,437,-1,468,469,470,-1,470,469,471,-1,470,471,472,-1,472,471,465,-1,472,465,473,-1,473,465,464,-1,473,464,474,-1,464,475,474,-1,474,475,476,-1,474,476,477,-1,197,212,8,-1,8,212,214,-1,8,214,6,-1,6,214,478,-1,6,478,479,-1,479,478,480,-1,480,478,481,-1,480,481,435,-1,482,483,484,-1,485,486,487,-1,486,488,487,-1,487,488,489,-1,487,489,490,-1,491,492,487,-1,487,492,493,-1,487,493,485,-1,483,494,484,-1,484,494,495,-1,484,495,496,-1,496,495,497,-1,498,499,497,-1,497,499,500,-1,497,500,496,-1,501,502,484,-1,484,502,503,-1,484,503,482,-1,355,504,505,-1,506,507,508,-1,509,510,508,-1,508,510,511,-1,508,511,502,-1,502,511,512,-1,502,512,503,-1,513,514,355,-1,355,514,515,-1,355,515,504,-1,506,508,516,-1,505,517,355,-1,355,517,518,-1,355,518,490,-1,507,519,508,-1,508,519,520,-1,508,520,509,-1,521,522,497,-1,497,522,523,-1,497,523,524,-1,501,525,502,-1,502,525,526,-1,502,526,355,-1,355,526,527,-1,355,527,513,-1,353,355,368,-1,368,355,490,-1,368,490,508,-1,508,490,489,-1,508,489,516,-1,524,528,497,-1,497,528,529,-1,497,529,498,-1,435,481,433,-1,433,481,530,-1,433,530,378,-1,378,530,531,-1,378,531,359,-1,359,531,5,-1,359,5,355,-1,355,5,4,-1,355,4,502,-1,3,5,332,-1,332,5,531,-1,332,531,532,-1,532,531,530,-1,532,530,533,-1,533,530,481,-1,533,481,534,-1,534,481,478,-1,534,478,245,-1,245,478,214,-1,245,214,247,-1,247,214,216,-1,247,216,256,-1,535,536,537,-1,537,536,36,-1,537,36,538,-1,538,36,29,-1,538,29,342,-1,342,29,0,-1,342,0,322,-1,322,0,2,-1,230,508,221,-1,221,508,502,-1,221,502,232,-1,232,502,4,-1,232,4,2,-1,2,4,3,-1,2,3,322,-1,322,3,327,-1,322,327,320,-1,320,327,331,-1,241,243,245,-1,245,243,264,-1,245,264,534,-1,534,264,278,-1,534,278,533,-1,533,278,277,-1,533,277,532,-1,532,277,14,-1,532,14,332,-1,332,14,13,-1,332,13,333,-1,539,540,243,-1,541,542,543,-1,543,542,544,-1,540,545,243,-1,243,545,546,-1,243,546,547,-1,262,548,543,-1,543,548,549,-1,543,549,550,-1,547,551,243,-1,243,551,552,-1,243,552,264,-1,264,552,553,-1,264,553,262,-1,262,553,554,-1,262,554,548,-1,550,555,543,-1,543,555,556,-1,543,556,541,-1,239,238,244,-1,244,238,543,-1,244,543,243,-1,243,543,544,-1,243,544,539,-1,343,344,202,-1,202,344,352,-1,202,352,216,-1,216,352,557,-1,216,557,256,-1,256,557,558,-1,256,558,258,-1,258,558,559,-1,258,559,259,-1,259,559,560,-1,351,561,352,-1,352,561,562,-1,352,562,557,-1,557,562,563,-1,557,563,558,-1,558,563,564,-1,558,564,559,-1,559,564,565,-1,559,565,560,-1,560,565,566,-1,309,311,16,-1,16,311,567,-1,16,567,17,-1,17,567,536,-1,17,536,317,-1,317,536,535,-1,317,535,338,-1,20,19,311,-1,311,19,279,-1,311,279,568,-1,568,279,260,-1,568,260,569,-1,569,260,262,-1,569,262,570,-1,570,262,543,-1,570,543,571,-1,571,543,238,-1,571,238,572,-1,572,238,259,-1,572,259,573,-1,573,259,560,-1,573,560,574,-1,574,560,566,-1,574,566,575,-1,34,36,40,-1,40,36,536,-1,40,536,576,-1,576,536,567,-1,576,567,577,-1,577,567,311,-1,577,311,578,-1,578,311,568,-1,578,568,579,-1,579,568,569,-1,579,569,580,-1,580,569,570,-1,580,570,581,-1,581,570,571,-1,581,571,582,-1,582,571,572,-1,582,572,583,-1,583,572,573,-1,583,573,584,-1,584,573,574,-1,584,574,585,-1,585,574,575,-1,585,575,586,-1,587,588,589,-1,589,588,590,-1,589,590,591,-1,592,593,594,-1,595,596,588,-1,597,598,599,-1,594,600,592,-1,592,600,601,-1,592,601,602,-1,591,603,589,-1,589,603,604,-1,589,604,605,-1,598,606,599,-1,599,606,607,-1,599,607,593,-1,608,609,587,-1,587,609,610,-1,587,610,588,-1,588,610,611,-1,588,611,595,-1,612,613,614,-1,615,616,596,-1,596,616,617,-1,596,617,588,-1,614,618,612,-1,612,618,619,-1,612,619,620,-1,620,621,612,-1,612,621,622,-1,612,622,623,-1,624,625,587,-1,605,626,589,-1,589,626,627,-1,589,627,599,-1,599,627,628,-1,599,628,597,-1,629,630,592,-1,592,630,631,-1,592,631,593,-1,593,631,632,-1,593,632,599,-1,633,634,635,-1,635,634,636,-1,602,637,592,-1,592,637,638,-1,592,638,639,-1,639,638,640,-1,639,640,612,-1,612,640,634,-1,612,634,613,-1,613,634,633,-1,625,641,587,-1,587,641,642,-1,587,642,608,-1,623,643,612,-1,612,643,644,-1,612,644,587,-1,587,644,645,-1,587,645,624,-1,636,634,646,-1,646,634,647,-1,646,647,648,-1,615,596,649,-1,649,596,650,-1,649,650,651,-1,648,647,651,-1,651,647,652,-1,651,652,649,-1,653,654,655,-1,656,657,658,-1,659,660,661,-1,662,663,664,-1,665,666,659,-1,659,666,667,-1,659,667,660,-1,668,669,670,-1,661,671,659,-1,659,671,672,-1,659,672,673,-1,674,675,676,-1,677,678,668,-1,668,678,679,-1,668,679,669,-1,680,681,682,-1,682,681,683,-1,682,683,684,-1,685,686,663,-1,663,686,687,-1,663,687,664,-1,664,687,688,-1,664,688,689,-1,689,688,690,-1,670,691,668,-1,668,691,692,-1,668,692,693,-1,694,695,689,-1,696,689,697,-1,697,689,698,-1,664,699,700,-1,701,702,703,-1,703,702,704,-1,703,704,705,-1,695,706,689,-1,689,706,707,-1,689,707,698,-1,696,708,689,-1,689,708,709,-1,689,709,710,-1,700,711,664,-1,664,711,712,-1,664,712,713,-1,714,715,676,-1,716,717,676,-1,676,717,718,-1,676,718,674,-1,719,720,653,-1,653,720,721,-1,684,722,682,-1,682,722,723,-1,682,723,724,-1,725,659,726,-1,726,659,727,-1,725,728,659,-1,659,728,729,-1,659,729,665,-1,715,730,676,-1,676,730,731,-1,676,731,716,-1,721,732,653,-1,653,732,733,-1,653,733,734,-1,724,735,682,-1,682,735,736,-1,682,736,737,-1,710,738,689,-1,689,738,739,-1,689,739,664,-1,664,739,740,-1,664,740,699,-1,705,741,703,-1,703,741,742,-1,703,742,743,-1,675,744,676,-1,676,744,745,-1,676,745,746,-1,747,668,748,-1,748,668,749,-1,747,750,668,-1,668,750,751,-1,668,751,677,-1,737,752,682,-1,682,752,753,-1,682,753,754,-1,713,755,664,-1,664,755,756,-1,664,756,757,-1,757,758,664,-1,664,758,759,-1,664,759,760,-1,760,761,664,-1,664,761,762,-1,664,762,659,-1,659,762,763,-1,659,763,727,-1,743,764,703,-1,703,764,765,-1,703,765,766,-1,658,662,656,-1,656,662,664,-1,656,664,655,-1,655,664,676,-1,655,676,653,-1,653,676,746,-1,653,746,719,-1,766,767,703,-1,703,767,768,-1,703,768,769,-1,734,770,653,-1,653,770,771,-1,653,771,772,-1,772,773,653,-1,653,773,774,-1,653,774,775,-1,775,776,653,-1,653,776,777,-1,653,777,668,-1,668,777,778,-1,668,778,749,-1,754,779,682,-1,682,779,780,-1,682,780,689,-1,689,780,781,-1,689,781,694,-1,769,782,703,-1,703,782,783,-1,703,783,676,-1,676,783,784,-1,676,784,714,-1,785,786,787,-1,787,786,788,-1,789,790,664,-1,664,790,676,-1,663,662,785,-1,785,662,786,-1,791,792,793,-1,793,792,794,-1,793,794,795,-1,796,797,798,-1,798,797,799,-1,798,799,800,-1,794,801,795,-1,795,801,798,-1,795,798,802,-1,802,798,800,-1,803,804,653,-1,653,804,654,-1,656,655,792,-1,792,655,794,-1,805,806,807,-1,808,809,810,-1,808,811,809,-1,809,811,804,-1,809,804,803,-1,806,67,807,-1,807,67,812,-1,807,812,813,-1,814,815,816,-1,816,815,817,-1,818,819,820,-1,820,819,821,-1,67,66,812,-1,812,66,821,-1,812,821,822,-1,822,821,819,-1,807,804,805,-1,805,804,811,-1,805,811,85,-1,85,811,823,-1,85,823,194,-1,194,823,824,-1,194,824,817,-1,817,824,808,-1,817,808,816,-1,816,808,810,-1,816,810,789,-1,789,810,790,-1,825,826,827,-1,827,826,815,-1,827,815,828,-1,828,815,814,-1,828,814,829,-1,830,831,832,-1,832,831,833,-1,832,833,834,-1,834,833,561,-1,834,561,826,-1,826,561,350,-1,826,350,815,-1,835,836,837,-1,837,836,838,-1,837,838,839,-1,839,838,840,-1,841,842,840,-1,840,842,843,-1,840,843,844,-1,844,845,840,-1,840,845,846,-1,840,846,839,-1,812,847,848,-1,849,850,851,-1,851,850,852,-1,852,853,854,-1,854,855,852,-1,852,855,813,-1,852,813,851,-1,851,813,812,-1,851,812,856,-1,856,812,848,-1,857,852,858,-1,858,852,850,-1,859,860,861,-1,862,863,861,-1,861,863,864,-1,865,866,867,-1,867,866,826,-1,867,826,864,-1,864,826,825,-1,864,825,861,-1,861,825,868,-1,861,868,859,-1,861,869,862,-1,862,869,870,-1,871,872,873,-1,873,872,874,-1,873,874,875,-1,876,877,878,-1,878,877,879,-1,880,881,882,-1,882,881,883,-1,882,883,884,-1,885,882,886,-1,886,882,887,-1,879,881,878,-1,878,881,880,-1,878,880,872,-1,872,880,888,-1,872,888,874,-1,874,888,889,-1,874,889,890,-1,884,891,882,-1,882,891,892,-1,882,892,887,-1,893,894,889,-1,889,894,895,-1,889,895,890,-1,896,897,889,-1,889,897,898,-1,889,898,893,-1,890,895,899,-1,899,895,798,-1,899,798,900,-1,900,798,801,-1,900,801,901,-1,901,801,902,-1,865,903,866,-1,866,903,904,-1,866,904,905,-1,906,907,586,-1,586,907,42,-1,906,586,904,-1,904,586,908,-1,904,908,909,-1,907,910,42,-1,42,910,911,-1,42,911,912,-1,913,848,912,-1,912,848,847,-1,909,914,904,-1,904,914,915,-1,904,915,905,-1,916,917,912,-1,912,917,918,-1,912,918,42,-1,847,919,912,-1,912,919,920,-1,912,920,916,-1,846,884,921,-1,921,884,883,-1,922,923,839,-1,846,921,839,-1,839,921,924,-1,839,924,922,-1,815,350,599,-1,599,350,346,-1,599,346,589,-1,589,346,925,-1,926,927,928,-1,928,927,589,-1,928,589,929,-1,929,589,925,-1,929,925,930,-1,930,925,931,-1,632,631,932,-1,932,631,933,-1,932,933,925,-1,925,933,931,-1,933,631,934,-1,934,631,630,-1,934,630,935,-1,935,630,629,-1,935,629,936,-1,936,629,592,-1,937,938,939,-1,939,938,936,-1,939,936,639,-1,639,936,592,-1,67,806,612,-1,940,938,941,-1,941,938,937,-1,942,943,587,-1,587,943,944,-1,587,944,612,-1,612,944,941,-1,612,941,67,-1,67,941,937,-1,67,937,68,-1,942,587,927,-1,927,587,589,-1,889,888,795,-1,795,888,793,-1,840,838,882,-1,882,838,880,-1,838,836,686,-1,685,888,686,-1,686,888,880,-1,686,880,838,-1,791,793,657,-1,657,793,888,-1,657,888,658,-1,658,888,685,-1,658,685,788,-1,788,685,787,-1,932,195,632,-1,632,195,194,-1,632,194,817,-1,817,815,632,-1,632,815,599,-1,925,346,932,-1,932,346,195,-1,78,939,85,-1,85,939,639,-1,85,639,805,-1,806,805,612,-1,612,805,639,-1,939,78,937,-1,937,78,68,-1,856,941,851,-1,851,941,944,-1,941,856,940,-1,940,856,848,-1,940,848,913,-1,945,849,851,-1,871,873,943,-1,943,873,945,-1,943,945,944,-1,944,945,851,-1,946,877,876,-1,864,863,928,-1,928,863,946,-1,928,946,926,-1,926,946,876,-1,903,865,930,-1,930,865,867,-1,930,867,929,-1,864,928,867,-1,867,928,929,-1,869,947,870,-1,870,947,879,-1,870,879,946,-1,946,879,877,-1,947,948,879,-1,879,948,881,-1,948,921,881,-1,881,921,883,-1,869,861,947,-1,947,861,860,-1,947,860,949,-1,921,948,924,-1,924,948,947,-1,924,947,950,-1,950,947,951,-1,949,952,947,-1,947,952,953,-1,947,953,951,-1,899,954,890,-1,890,954,874,-1,954,955,874,-1,874,955,875,-1,945,873,858,-1,858,873,875,-1,858,875,857,-1,857,875,955,-1,955,954,899,-1,852,857,853,-1,853,857,955,-1,853,955,956,-1,956,955,957,-1,899,900,955,-1,955,900,958,-1,955,958,959,-1,959,960,955,-1,955,960,961,-1,955,961,957,-1,870,946,862,-1,862,946,863,-1,858,850,945,-1,945,850,849,-1,962,807,855,-1,855,807,813,-1,902,962,901,-1,901,962,855,-1,855,854,901,-1,901,854,963,-1,901,963,964,-1,963,965,964,-1,964,965,966,-1,964,966,967,-1,967,966,968,-1,902,801,962,-1,962,801,794,-1,807,962,804,-1,804,962,794,-1,804,794,654,-1,654,794,655,-1,969,923,868,-1,868,923,922,-1,970,971,922,-1,922,971,859,-1,922,859,868,-1,970,972,971,-1,971,972,973,-1,971,973,974,-1,827,969,825,-1,825,969,868,-1,837,839,923,-1,969,827,828,-1,690,688,828,-1,828,688,837,-1,828,837,969,-1,969,837,923,-1,689,690,829,-1,829,690,828,-1,835,837,687,-1,687,837,688,-1,975,976,811,-1,811,976,823,-1,976,977,823,-1,823,977,824,-1,977,978,824,-1,824,978,808,-1,978,975,808,-1,808,975,811,-1,978,977,975,-1,975,977,976,-1,788,786,658,-1,658,786,662,-1,657,656,791,-1,791,656,792,-1,809,803,668,-1,668,803,653,-1,703,676,810,-1,810,676,790,-1,703,810,701,-1,701,810,809,-1,701,809,693,-1,693,809,668,-1,912,938,913,-1,913,938,940,-1,911,936,912,-1,912,936,938,-1,910,935,911,-1,911,935,936,-1,907,934,910,-1,910,934,935,-1,906,933,907,-1,907,933,934,-1,904,931,906,-1,906,931,933,-1,903,930,904,-1,904,930,931,-1,878,927,876,-1,876,927,926,-1,872,942,878,-1,878,942,927,-1,871,943,872,-1,872,943,942,-1,798,895,894,-1,798,894,796,-1,796,894,893,-1,796,893,797,-1,797,893,898,-1,797,898,799,-1,799,898,897,-1,799,897,800,-1,800,897,896,-1,800,896,802,-1,802,896,889,-1,802,889,795,-1,840,882,885,-1,840,885,841,-1,841,885,886,-1,841,886,842,-1,842,886,887,-1,842,887,843,-1,843,887,892,-1,843,892,844,-1,844,892,891,-1,844,891,845,-1,845,891,884,-1,845,884,846,-1,922,924,950,-1,922,950,970,-1,970,950,951,-1,970,951,972,-1,972,951,953,-1,972,953,973,-1,973,953,952,-1,973,952,974,-1,974,952,949,-1,974,949,971,-1,971,949,860,-1,971,860,859,-1,900,901,964,-1,900,964,958,-1,958,964,967,-1,958,967,959,-1,959,967,968,-1,959,968,960,-1,960,968,966,-1,960,966,961,-1,961,966,965,-1,961,965,957,-1,957,965,963,-1,957,963,956,-1,956,963,854,-1,956,854,853,-1,66,42,918,-1,66,918,821,-1,821,918,917,-1,821,917,820,-1,820,917,916,-1,820,916,818,-1,818,916,920,-1,818,920,819,-1,819,920,919,-1,819,919,822,-1,822,919,847,-1,822,847,812,-1,586,561,833,-1,586,833,908,-1,908,833,831,-1,908,831,909,-1,909,831,830,-1,909,830,914,-1,914,830,832,-1,914,832,915,-1,915,832,834,-1,915,834,905,-1,905,834,826,-1,905,826,866,-1,
        ]
    }
}
Shape{
    appearance Appearance {
        material  Material {
            diffuseColor 0.7686274509803922 0.7686274509803922 0.7686274509803922
            specularColor 0.615686274509804 0.615686274509804 0.615686274509804
            ambientIntensity 0.7686
            transparency 0.0
            shininess 0.5
        }
    }
    geometry IndexedFaceSet {
        ccw TRUE
        solid FALSE
        coord DEF co Coordinate {
            point [
                0.315 0.5315 1.0501, 0.4724 0.5315 1.0501, 0.315 0.5297 1.0658, 0.4724 0.5297 1.0658, 0.315 0.5275 1.0733, 0.4724 0.5275 1.0733, 0.315 0.5243 1.0841, 0.4724 0.5243 1.0841, 0.315 0.5185 1.0958, 0.4724 0.5185 1.0958, 0.315 0.5179 1.0971, 0.4724 0.5179 1.0971, 0.315 0.5069 1.1123, 0.4724 0.5069 1.1123, 0.315 0.5051 1.1142, 0.4724 0.5051 1.1142, 0.315 0.5016 1.1179, 0.4724 0.5017 1.1178, 0.315 0.4868 1.1297, 0.4724 0.4869 1.1297, 0.315 0.4864 1.1299, 0.4724 0.4864 1.1299, 0.315 0.4725 1.1374, 0.4724 0.4726 1.1374, 0.315 0.4608 1.1416, 0.4724 0.4608 1.1416, 0.315 0.4555 1.1436, 0.4724 0.4555 1.1436, 0.315 0.4454 1.1448, 0.4724 0.4454 1.1448, 0.315 0.4389 1.1456, 0.4724 0.4389 1.1456, 0.315 0.4331 1.1457, 0.4724 0.4331 1.1457, 0.4921 0.549 1.0695, 0.4921 0.5511 1.0506, 0.4921 0.7085 1.0551, 0.4921 0.4331 1.3228, 0.4921 0.4331 1.1654, 0.4921 0.4449 1.3225, 0.4921 0.4395 1.1653, 0.4921 0.4636 1.3208, 0.4921 0.4603 1.1627, 0.4921 0.4976 1.1461, 0.4921 0.5674 1.2879, 0.4921 0.4805 1.1554, 0.4921 0.5351 1.3033, 0.4921 0.5004 1.3141, 0.4921 0.7052 1.0905, 0.4921 0.6986 1.1205, 0.4921 0.5425 1.0914, 0.4921 0.6864 1.1551, 0.4921 0.5349 1.107, 0.4921 0.6701 1.1875, 0.4921 0.6591 1.2047, 0.4921 0.5217 1.1253, 0.4921 0.6369 1.2327, 0.4921 0.5154 1.1319, 0.4921 0.6251 1.2449, 0.4921 0.5975 1.2684, 0.4724 0.7282 1.0557, 0.315 0.7282 1.0557, 0.4724 0.7246 1.0937, 0.315 0.7246 1.0937, 0.4724 0.7178 1.1247, 0.315 0.7178 1.1247, 0.4724 0.7175 1.1258, 0.315 0.7175 1.1258, 0.4724 0.7045 1.1628, 0.315 0.7045 1.1628, 0.4724 0.6909 1.1898, 0.315 0.6909 1.1898, 0.4724 0.687 1.1975, 0.315 0.687 1.1975, 0.4724 0.6753 1.2159, 0.315 0.6753 1.2159, 0.4724 0.6515 1.246, 0.315 0.6514 1.246, 0.4724 0.6493 1.2482, 0.315 0.6493 1.2482, 0.315 0.6486 1.2489, 0.4724 0.6486 1.2489, 0.4724 0.6389 1.259, 0.315 0.6389 1.259, 0.4724 0.6092 1.2842, 0.315 0.6092 1.2842, 0.4724 0.595 1.2934, 0.315 0.595 1.2934, 0.4724 0.577 1.305, 0.315 0.577 1.305, 0.4724 0.5423 1.3216, 0.315 0.5423 1.3216, 0.4724 0.5326 1.3246, 0.315 0.5326 1.3246, 0.4724 0.505 1.3332, 0.315 0.505 1.3332, 0.4724 0.466 1.3403, 0.315 0.466 1.3403, 0.4724 0.4649 1.3404, 0.315 0.4649 1.3404, 0.4724 0.446 1.3421, 0.315 0.446 1.3421, 0.4724 0.4441 1.3422, 0.315 0.4441 1.3422, 0.315 0.4331 1.3425, 0.4724 0.4331 1.3425, 0.2953 0.4395 1.1653, 0.2953 0.4331 1.1654, 0.2953 0.4331 1.3228, 0.2953 0.4449 1.3225, 0.2953 0.4636 1.3208, 0.2953 0.4602 1.1627, 0.2953 0.5004 1.3141, 0.2953 0.4804 1.1554, 0.2953 0.7085 1.0551, 0.2953 0.5511 1.0506, 0.2953 0.7052 1.0905, 0.2953 0.549 1.0695, 0.2953 0.6986 1.1205, 0.2953 0.5425 1.0914, 0.2953 0.5217 1.1253, 0.2953 0.6591 1.2047, 0.2953 0.5349 1.107, 0.2953 0.6701 1.1875, 0.2953 0.6864 1.1551, 0.2953 0.5351 1.3033, 0.2953 0.5674 1.2879, 0.2953 0.4976 1.1462, 0.2953 0.5975 1.2684, 0.2953 0.5154 1.132, 0.2953 0.6251 1.2449, 0.2953 0.6369 1.2327, 0.315 0.5533 0.2868, 0.4724 0.5533 0.2868, 0.4921 0.7304 0.2919, 0.4921 0.573 0.2874, 0.315 0.7501 0.2925, 0.4724 0.7501 0.2925, 0.2953 0.573 0.2874, 0.2953 0.7304 0.2919, 0.4724 0.5604 0.2304, 0.315 0.5604 0.2304, 0.4724 0.5663 0.2125, 0.315 0.5663 0.2125, 0.4724 0.5782 0.1764, 0.315 0.5782 0.1764, 0.4724 0.5967 0.1434, 0.315 0.5967 0.1434, 0.4724 0.6059 0.1269, 0.315 0.6059 0.1269, 0.4724 0.6427 0.0835, 0.315 0.6427 0.0835, 0.4724 0.6871 0.048, 0.315 0.6871 0.048, 0.4724 0.7038 0.0392, 0.315 0.7038 0.0392, 0.4724 0.7374 0.0217, 0.315 0.7374 0.0217, 0.4724 0.7738 0.0109, 0.315 0.7738 0.0109, 0.4724 0.7919 0.0055, 0.315 0.7919 0.0055, 0.4724 0.8485 0.0, 0.315 0.8485 0.0, 0.4921 0.7351 0.262, 0.4921 0.8485 0.0197, 0.4921 0.8485 0.1772, 0.4921 0.7957 0.0248, 0.4921 0.8184 0.181, 0.4921 0.7448 0.0399, 0.4921 0.7904 0.1924, 0.4921 0.5796 0.2348, 0.4921 0.5962 0.1844, 0.4921 0.7473 0.2343, 0.4921 0.6221 0.1381, 0.4921 0.7662 0.2106, 0.4921 0.6564 0.0976, 0.4921 0.6978 0.0645, 0.4724 0.8485 0.1969, 0.315 0.8485 0.1969, 0.4724 0.8234 0.2001, 0.315 0.8234 0.2001, 0.4724 0.8001 0.2096, 0.315 0.8001 0.2096, 0.4724 0.7799 0.2247, 0.315 0.7799 0.2247, 0.4724 0.7642 0.2444, 0.315 0.7642 0.2444, 0.4724 0.754 0.2675, 0.315 0.754 0.2675, 0.2953 0.8184 0.181, 0.2953 0.8485 0.1772, 0.2953 0.8485 0.0197, 0.2953 0.5796 0.2348, 0.2953 0.7351 0.262, 0.2953 0.5962 0.1844, 0.2953 0.7473 0.2343, 0.2953 0.7957 0.0248, 0.2953 0.7448 0.0399, 0.2953 0.7904 0.1924, 0.2953 0.6978 0.0645, 0.2953 0.7662 0.2106, 0.2953 0.6564 0.0976, 0.2953 0.6221 0.1381, 0.315 1.4961 0.0, 0.4724 1.4961 0.0, 0.4921 1.4961 0.1772, 0.4921 1.4961 0.0197, 0.4724 1.4961 0.1969, 0.315 1.4961 0.1969, 0.2953 1.4961 0.0197, 0.2953 1.4961 0.1772, 0.3375 1.6535 0.0612, 0.3375 1.6535 0.1356, 0.3565 1.6535 0.1547, 0.4474 1.6535 0.1452, 0.4485 1.6535 0.143, 0.4383 1.6535 0.1532, 0.4309 1.6535 0.1547, 0.4499 1.6535 0.1356, 0.4309 1.6535 0.0422, 0.4499 1.6535 0.0612, 0.4359 1.6535 0.0428, 0.4405 1.6535 0.0447, 0.4383 1.6535 0.0436, 0.4485 1.6535 0.0538, 0.3565 1.6535 0.0422, 0.4359 1.6535 0.154, 0.4493 1.6535 0.1406, 0.3469 1.6535 0.1521, 0.3491 1.6535 0.1532, 0.34 1.6535 0.1452, 0.3389 1.6535 0.143, 0.3381 1.6535 0.1406, 0.3515 1.6535 0.154, 0.4493 1.6535 0.0562, 0.34 1.6535 0.0516, 0.3389 1.6535 0.0538, 0.3469 1.6535 0.0447, 0.3491 1.6535 0.0436, 0.3515 1.6535 0.0428, 0.3381 1.6535 0.0562, 0.4405 1.6535 0.1521, 0.4426 1.6535 0.1508, 0.4461 1.6535 0.1473, 0.4444 1.6535 0.1492, 0.3448 1.6535 0.1508, 0.3413 1.6535 0.1473, 0.343 1.6535 0.1492, 0.4474 1.6535 0.0516, 0.4461 1.6535 0.0495, 0.4426 1.6535 0.0461, 0.4444 1.6535 0.0477, 0.3413 1.6535 0.0495, 0.3448 1.6535 0.0461, 0.343 1.6535 0.0477, 0.4724 -1.378 1.1457, 0.315 -1.378 1.1457, 0.4724 -1.0967 1.1457, 0.315 -1.0967 1.1457, 0.4724 -0.8412 1.1457, 0.315 -0.8412 1.1457, 0.4724 -0.5709 1.1457, 0.315 -0.5709 1.1457, 0.4724 -0.0342 1.1457, 0.315 -0.0342 1.1457, 0.4724 0.1456 1.1457, 0.315 0.1456 1.1457, 0.4724 0.2362 1.1457, 0.315 0.2362 1.1457, 0.2953 0.2362 1.3228, 0.2953 0.2362 1.1654, 0.2953 0.1463 1.3228, 0.2953 0.1456 1.1654, 0.2953 -0.1498 1.3228, 0.2953 -0.5709 1.3228, 0.2953 -0.5709 1.1654, 0.2953 -1.378 1.3228, 0.2953 -1.0967 1.1654, 0.2953 -1.378 1.1654, 0.4724 0.2362 1.3425, 0.315 0.2362 1.3425, 0.4724 0.1463 1.3425, 0.315 0.1463 1.3425, 0.4724 -0.0342 1.3425, 0.315 -0.0342 1.3425, 0.4724 -0.1498 1.3425, 0.315 -0.1498 1.3425, 0.4724 -0.5709 1.3425, 0.315 -0.5709 1.3425, 0.4724 -0.8412 1.3425, 0.315 -0.8412 1.3425, 0.315 -1.378 1.3425, 0.4724 -1.378 1.3425, 0.4921 0.2362 1.1654, 0.4921 0.2362 1.3228, 0.4921 0.1463 1.3228, 0.4921 0.1456 1.1654, 0.4921 -0.1498 1.3228, 0.4921 -0.5709 1.1654, 0.4921 -0.5709 1.3228, 0.4921 -1.0967 1.1654, 0.4921 -1.378 1.3228, 0.4921 -1.378 1.1654, 0.4499 -1.5354 1.2069, 0.4499 -1.5354 1.2813, 0.3375 -1.5354 1.2813, 0.4405 -1.5354 1.2978, 0.4383 -1.5354 1.2989, 0.4485 -1.5354 1.2887, 0.3565 -1.5354 1.3003, 0.4309 -1.5354 1.3003, 0.4359 -1.5354 1.2997, 0.3375 -1.5354 1.2069, 0.3565 -1.5354 1.1879, 0.4309 -1.5354 1.1879, 0.4493 -1.5354 1.2863, 0.34 -1.5354 1.2909, 0.3389 -1.5354 1.2887, 0.3491 -1.5354 1.2989, 0.3381 -1.5354 1.2019, 0.3491 -1.5354 1.1893, 0.3515 -1.5354 1.1885, 0.3389 -1.5354 1.1995, 0.34 -1.5354 1.1973, 0.3469 -1.5354 1.1904, 0.3515 -1.5354 1.2997, 0.3381 -1.5354 1.2863, 0.4474 -1.5354 1.1973, 0.4485 -1.5354 1.1995, 0.4405 -1.5354 1.1904, 0.4383 -1.5354 1.1893, 0.4359 -1.5354 1.1885, 0.4493 -1.5354 1.2019, 0.4474 -1.5354 1.2909, 0.4461 -1.5354 1.293, 0.4426 -1.5354 1.2965, 0.4444 -1.5354 1.2948, 0.3448 -1.5354 1.1917, 0.3413 -1.5354 1.1952, 0.343 -1.5354 1.1934, 0.3469 -1.5354 1.2978, 0.3448 -1.5354 1.2965, 0.3413 -1.5354 1.293, 0.343 -1.5354 1.2948, 0.4461 -1.5354 1.1952, 0.4426 -1.5354 1.1917, 0.4444 -1.5354 1.1934, 0.4731 -1.378 1.1457, 0.3143 -1.378 1.1457, 0.2953 -1.378 1.1647, 0.2953 -1.378 1.3235, 0.4921 -1.378 1.3235, 0.4921 -1.378 1.1647, 0.3143 -1.378 1.3425, 0.4731 -1.378 1.3425, 0.4731 1.4961 0.1968, 0.3143 1.4961 0.1968, 0.4921 1.4961 0.019, 0.4921 1.4961 0.1778, 0.2953 1.4961 0.1778, 0.2953 1.4961 0.019, 0.3143 1.4961 0.0, 0.4731 1.4961 0.0, 0.3099 0.4557 1.1442, 0.3087 0.4331 1.1467, 0.3045 0.4331 1.1487, 0.3051 0.439 1.1482, 0.2984 0.4331 1.1547, 0.298 0.4331 1.1556, 0.2979 0.4392 1.1554, 0.2958 0.4331 1.1607, 0.2964 0.4331 1.1588, 0.296 0.4331 1.1603, 0.2959 0.4394 1.1602, 0.2996 0.4331 1.1531, 0.3029 0.4331 1.1498, 0.3011 0.4331 1.1515, 0.301 0.4391 1.1513, 0.3099 0.4389 1.1463, 0.3099 0.4331 1.1464, 0.3106 0.4331 1.1461, 0.3099 0.4728 1.138, 0.3099 0.4872 1.1302, 0.3099 0.5021 1.1183, 0.3099 0.5074 1.1128, 0.3099 0.5185 1.0974, 0.3099 0.5249 1.0843, 0.2959 0.459 1.1577, 0.2959 0.4784 1.1508, 0.2959 0.4948 1.1419, 0.2959 0.5118 1.1283, 0.2959 0.5179 1.1219, 0.2959 0.5305 1.1044, 0.2959 0.5378 1.0895, 0.2959 0.544 1.0686, 0.2979 0.4579 1.1531, 0.301 0.4569 1.1492, 0.2979 0.4765 1.1464, 0.301 0.4748 1.1427, 0.2979 0.4922 1.1379, 0.301 0.49 1.1345, 0.2979 0.5085 1.1249, 0.301 0.5057 1.122, 0.2979 0.5143 1.1188, 0.301 0.5112 1.1161, 0.2979 0.5264 1.102, 0.301 0.5229 1.1, 0.2979 0.5334 1.0877, 0.301 0.5296 1.0862, 0.2979 0.5394 1.0676, 0.301 0.5354 1.0669, 0.3051 0.4561 1.1461, 0.3051 0.4736 1.1398, 0.3051 0.4883 1.1319, 0.3051 0.5035 1.1197, 0.3051 0.5089 1.1141, 0.3051 0.5202 1.0984, 0.3051 0.5267 1.085, 0.3051 0.5323 1.0663, 0.3099 0.5304 1.0659, 0.2959 0.5468 1.0505, 0.2959 0.546 1.0505, 0.2974 0.5426 1.0504, 0.2979 0.5413 1.0503, 0.2997 0.539 1.0503, 0.301 0.5372 1.0502, 0.3028 0.5359 1.0502, 0.3051 0.5341 1.0501, 0.3065 0.5335 1.0501, 0.3099 0.5321 1.0501, 0.3106 0.532 1.0501, 0.3106 0.5539 0.2868, 0.3099 0.554 0.2868, 0.3065 0.5554 0.2869, 0.3051 0.5559 0.2869, 0.3028 0.5577 0.287, 0.301 0.5591 0.287, 0.2997 0.5608 0.287, 0.2979 0.5631 0.2871, 0.2974 0.5645 0.2871, 0.2959 0.5679 0.2872, 0.2959 0.5686 0.2873, 0.3106 0.8485 0.0006, 0.3099 0.792 0.0061, 0.3099 0.8485 0.0007, 0.3099 0.6874 0.0486, 0.3099 0.7377 0.0223, 0.3099 0.5611 0.2306, 0.3099 0.5788 0.1767, 0.3099 0.6432 0.084, 0.3099 0.6065 0.1272, 0.3028 0.8485 0.0044, 0.3051 0.8485 0.0026, 0.3051 0.7924 0.0081, 0.3065 0.8485 0.0021, 0.3051 0.563 0.231, 0.3051 0.5806 0.1775, 0.3051 0.6081 0.1284, 0.3051 0.6445 0.0854, 0.3051 0.6885 0.0502, 0.3051 0.7384 0.0241, 0.301 0.793 0.0111, 0.301 0.8485 0.0058, 0.301 0.7396 0.027, 0.301 0.6902 0.0528, 0.301 0.6467 0.0877, 0.301 0.6107 0.1302, 0.301 0.5834 0.1788, 0.301 0.566 0.2317, 0.2974 0.8485 0.0112, 0.2979 0.8485 0.0098, 0.2979 0.7938 0.0151, 0.2997 0.8485 0.0075, 0.2979 0.57 0.2326, 0.2979 0.5872 0.1804, 0.2979 0.614 0.1325, 0.2979 0.6495 0.0906, 0.2979 0.6924 0.0563, 0.2979 0.7411 0.0308, 0.2959 0.8485 0.0153, 0.2959 0.8485 0.0146, 0.2959 0.7947 0.0198, 0.2959 0.7429 0.0352, 0.2959 0.695 0.0602, 0.2959 0.6529 0.094, 0.2959 0.6179 0.1352, 0.2959 0.5915 0.1823, 0.2959 0.5746 0.2336, 0.2959 1.4965 0.0153, 0.2961 1.4966 0.0142, 0.2974 1.4968 0.0112, 0.298 1.497 0.0097, 0.2997 1.497 0.0075, 0.301 1.4971 0.0058, 0.3028 1.497 0.0044, 0.3049 1.497 0.0027, 0.3065 1.4968 0.0021, 0.3094 1.4966 0.0008, 0.3106 1.4965 0.0006, 0.4831 0.4331 1.1488, 0.4822 0.4331 1.1484, 0.4823 0.439 1.1482, 0.4771 0.4331 1.1462, 0.479 0.4331 1.1468, 0.4775 0.4389 1.1462, 0.4775 0.4331 1.1464, 0.4847 0.4331 1.15, 0.488 0.4331 1.1533, 0.4863 0.4331 1.1515, 0.4864 0.4391 1.1513, 0.4911 0.4331 1.1591, 0.4891 0.4331 1.1549, 0.4895 0.4392 1.1554, 0.4916 0.4331 1.161, 0.4915 0.4394 1.1602, 0.4914 0.4331 1.1603, 0.4775 0.4557 1.1442, 0.4775 0.4728 1.138, 0.4775 0.4872 1.1302, 0.4775 0.5021 1.1183, 0.4775 0.5074 1.1128, 0.4775 0.5185 1.0974, 0.4775 0.5249 1.0843, 0.4775 0.5304 1.0659, 0.4775 0.5321 1.0501, 0.4823 0.4562 1.1461, 0.4823 0.4736 1.1398, 0.4823 0.4883 1.1319, 0.4823 0.5035 1.1197, 0.4823 0.5089 1.1141, 0.4823 0.5202 1.0984, 0.4823 0.5267 1.0851, 0.4823 0.5323 1.0663, 0.4823 0.5341 1.0501, 0.4864 0.4569 1.1491, 0.4864 0.4749 1.1427, 0.4864 0.49 1.1345, 0.4864 0.5057 1.122, 0.4864 0.5112 1.1161, 0.4864 0.5229 1.1, 0.4864 0.5296 1.0862, 0.4864 0.5354 1.0669, 0.4864 0.5372 1.0502, 0.4895 0.4579 1.1531, 0.4895 0.4765 1.1464, 0.4895 0.4923 1.1379, 0.4895 0.5085 1.1249, 0.4895 0.5143 1.1188, 0.4895 0.5264 1.102, 0.4895 0.5334 1.0878, 0.4895 0.5394 1.0677, 0.4895 0.5413 1.0503, 0.4915 0.459 1.1577, 0.4915 0.4784 1.1508, 0.4915 0.4949 1.1419, 0.4915 0.5118 1.1283, 0.4915 0.5179 1.1219, 0.4915 0.5305 1.1044, 0.4915 0.5378 1.0895, 0.4915 0.544 1.0686, 0.4915 0.546 1.0505, 0.4915 0.5679 0.2872, 0.4895 0.5631 0.2871, 0.4864 0.5591 0.287, 0.4823 0.5559 0.2869, 0.4775 0.554 0.2868, 0.4915 0.5746 0.2336, 0.4895 0.57 0.2326, 0.4823 0.563 0.231, 0.4775 0.6065 0.1272, 0.4775 0.5788 0.1767, 0.4775 0.5611 0.2306, 0.4775 0.792 0.0061, 0.4775 0.7377 0.0223, 0.4775 0.6432 0.084, 0.4775 0.6874 0.0486, 0.4768 0.8485 0.0006, 0.4775 0.8485 0.0007, 0.4809 0.8485 0.0021, 0.4823 0.7924 0.0081, 0.4823 0.7384 0.0241, 0.4823 0.6885 0.0502, 0.4823 0.6445 0.0854, 0.4823 0.6081 0.1284, 0.4823 0.5806 0.1775, 0.4864 0.566 0.2317, 0.4864 0.5834 0.1788, 0.4864 0.6107 0.1302, 0.4864 0.6467 0.0877, 0.4864 0.6902 0.0528, 0.4864 0.7396 0.027, 0.4864 0.793 0.0111, 0.4823 0.8485 0.0026, 0.4846 0.8485 0.0044, 0.4864 0.8485 0.0058, 0.4877 0.8485 0.0075, 0.4895 0.7938 0.0151, 0.4895 0.7411 0.0308, 0.4895 0.6924 0.0563, 0.4895 0.6495 0.0906, 0.4895 0.614 0.1325, 0.4895 0.5872 0.1804, 0.4915 0.5915 0.1823, 0.4915 0.6179 0.1352, 0.4915 0.6529 0.094, 0.4915 0.695 0.0602, 0.4915 0.7429 0.0352, 0.4915 0.7947 0.0198, 0.4895 0.8485 0.0098, 0.49 0.8485 0.0112, 0.4915 0.8485 0.0146, 0.4916 0.8485 0.0153, 0.4768 1.4965 0.0006, 0.478 1.4966 0.0008, 0.4809 1.4968 0.0021, 0.4825 1.497 0.0027, 0.4846 1.497 0.0044, 0.4864 1.4971 0.0058, 0.4877 1.497 0.0075, 0.4894 1.497 0.0097, 0.49 1.4968 0.0112, 0.4913 1.4966 0.0142, 0.4915 1.4965 0.0153, 0.4775 0.6384 1.2585, 0.4775 0.5767 1.3045, 0.4775 0.5049 1.3326, 0.4916 0.4331 1.3275, 0.4915 0.4452 1.3276, 0.4914 0.4331 1.3279, 0.491 0.4331 1.3294, 0.4895 0.4454 1.3323, 0.4894 0.4331 1.3326, 0.489 0.4331 1.3335, 0.4864 0.4456 1.3364, 0.4878 0.4331 1.3351, 0.4823 0.4458 1.3395, 0.4845 0.4331 1.3384, 0.4863 0.4331 1.3367, 0.4768 0.4331 1.342, 0.4775 0.4331 1.3418, 0.4775 0.4459 1.3415, 0.4787 0.4331 1.3415, 0.4829 0.4331 1.3395, 0.4775 0.466 1.3397, 0.4823 0.4657 1.3377, 0.4864 0.4653 1.3346, 0.4895 0.4648 1.3306, 0.4915 0.4643 1.3259, 0.4823 0.5044 1.3307, 0.4864 0.5037 1.3276, 0.4895 0.5027 1.3237, 0.4915 0.5016 1.3191, 0.4775 0.5421 1.3209, 0.4823 0.5414 1.3191, 0.4864 0.5402 1.3162, 0.4895 0.5387 1.3124, 0.4915 0.537 1.308, 0.4823 0.5757 1.3027, 0.4864 0.5742 1.3, 0.4895 0.5722 1.2965, 0.4915 0.5699 1.2923, 0.4775 0.6088 1.2837, 0.4823 0.6077 1.2821, 0.4864 0.6058 1.2796, 0.4895 0.6034 1.2763, 0.4915 0.6005 1.2725, 0.4823 0.637 1.2571, 0.4864 0.6348 1.2549, 0.4895 0.632 1.2519, 0.4915 0.6287 1.2485, 0.4775 0.651 1.2455, 0.4823 0.6495 1.2442, 0.4864 0.6472 1.2421, 0.4895 0.6442 1.2393, 0.4915 0.6406 1.2362, 0.4775 0.6747 1.2156, 0.4823 0.6731 1.2144, 0.4864 0.6705 1.2127, 0.4895 0.6672 1.2103, 0.4915 0.6633 1.2076, 0.4915 0.6744 1.1901, 0.4895 0.6785 1.1925, 0.4864 0.6821 1.1946, 0.4823 0.6848 1.1962, 0.4775 0.6864 1.1972, 0.4915 0.6911 1.1571, 0.4915 0.7035 1.1219, 0.4895 0.6955 1.1589, 0.4895 0.708 1.1231, 0.4864 0.6992 1.1605, 0.4864 0.712 1.1242, 0.4823 0.7021 1.1618, 0.4823 0.715 1.1251, 0.4775 0.7039 1.1625, 0.4775 0.7169 1.1256, 0.4775 0.7239 1.0936, 0.4823 0.722 1.0932, 0.4864 0.7189 1.0927, 0.4895 0.7149 1.0921, 0.4915 0.7102 1.0913, 0.4775 0.7276 1.0557, 0.4823 0.7256 1.0556, 0.4864 0.7225 1.0555, 0.4895 0.7184 1.0554, 0.4915 0.7136 1.0553, 0.4775 0.7494 0.2924, 0.4823 0.7474 0.2924, 0.4864 0.7443 0.2923, 0.4895 0.7402 0.2922, 0.4915 0.7355 0.292, 0.4915 0.74 0.2634, 0.4895 0.7446 0.2648, 0.4864 0.7485 0.2659, 0.4823 0.7515 0.2668, 0.4775 0.7534 0.2674, 0.4915 0.7517 0.2369, 0.4895 0.7558 0.2394, 0.4864 0.7592 0.2415, 0.4823 0.7619 0.2431, 0.4775 0.7636 0.2441, 0.4915 0.7697 0.2142, 0.4895 0.773 0.2176, 0.4864 0.7759 0.2206, 0.4823 0.778 0.2228, 0.4775 0.7794 0.2242, 0.4915 0.7929 0.1969, 0.4895 0.7952 0.201, 0.4864 0.7972 0.2046, 0.4823 0.7988 0.2073, 0.4775 0.7997 0.209, 0.4915 0.8197 0.186, 0.4895 0.8209 0.1906, 0.4864 0.822 0.1945, 0.4823 0.8228 0.1975, 0.4775 0.8233 0.1994, 0.4915 0.8485 0.1823, 0.4895 0.8485 0.187, 0.4864 0.8485 0.1911, 0.4823 0.8485 0.1942, 0.4775 0.8485 0.1962, 0.4775 1.4966 0.1961, 0.478 1.4966 0.1961, 0.4823 1.4969 0.1942, 0.4825 1.497 0.1941, 0.4864 1.4971 0.1911, 0.4894 1.497 0.1872, 0.4895 1.4969 0.187, 0.4913 1.4966 0.1827, 0.4914 1.4966 0.1823, 0.4775 -0.1498 1.3418, 0.4915 -0.5709 1.3279, 0.4917 -1.3784 1.3268, 0.4914 -1.3785 1.3279, 0.4912 -1.3785 1.3283, 0.4895 -0.5709 1.3327, 0.4903 -1.3788 1.3312, 0.4852 -1.379 1.3379, 0.4864 -1.379 1.3367, 0.4864 -0.5709 1.3368, 0.4866 -1.379 1.3365, 0.4894 -1.3789 1.3329, 0.4795 -1.3787 1.3412, 0.4813 -1.3788 1.3404, 0.4823 -0.5709 1.3399, 0.4822 -1.3788 1.3398, 0.4824 -1.3788 1.3397, 0.4775 -0.5709 1.3418, 0.475 -1.3782 1.3423, 0.4775 -1.3785 1.3417, 0.4779 -1.3785 1.3416, 0.4915 0.1463 1.3279, 0.4915 0.2362 1.3279, 0.4895 0.1463 1.3327, 0.4895 0.2362 1.3327, 0.4864 0.1463 1.3368, 0.4864 0.2362 1.3368, 0.4823 0.1463 1.3399, 0.4823 0.2362 1.3399, 0.4775 0.1463 1.3418, 0.4775 0.2362 1.3418, 0.4915 -0.1498 1.3279, 0.4895 -0.1498 1.3327, 0.4864 -0.1498 1.3368, 0.4823 -0.1498 1.3399, 0.3099 0.1463 1.3418, 0.3099 -0.5709 1.3418, 0.3099 -1.3785 1.3418, 0.311 -1.3784 1.3421, 0.3095 -1.3785 1.3416, 0.3051 -0.5709 1.3399, 0.3066 -1.3788 1.3407, 0.2999 -1.379 1.3356, 0.3011 -1.379 1.3367, 0.301 -0.5709 1.3368, 0.3013 -1.379 1.337, 0.3049 -1.3789 1.3398, 0.2966 -1.3787 1.3299, 0.2974 -1.3788 1.3317, 0.2979 -0.5709 1.3327, 0.298 -1.3788 1.3326, 0.2981 -1.3788 1.3328, 0.2959 -0.5709 1.3279, 0.2954 -1.3782 1.3254, 0.2961 -1.3785 1.3279, 0.2962 -1.3785 1.3283, 0.3099 0.2362 1.3418, 0.3051 0.1463 1.3399, 0.3051 0.2362 1.3399, 0.301 0.1463 1.3368, 0.301 0.2362 1.3368, 0.2979 0.1463 1.3327, 0.2979 0.2362 1.3327, 0.2959 0.1463 1.3279, 0.2959 0.2362 1.3279, 0.3099 -0.1498 1.3418, 0.3051 -0.1498 1.3399, 0.301 -0.1498 1.3368, 0.2979 -0.1498 1.3327, 0.2959 -0.1498 1.3279, 0.4775 0.1456 1.1463, 0.4775 -0.5709 1.1463, 0.4775 -1.0967 1.1463, 0.4764 -1.3784 1.1461, 0.4775 -1.3785 1.1464, 0.4779 -1.3785 1.1466, 0.4823 -1.0967 1.1483, 0.4808 -1.3788 1.1475, 0.4875 -1.379 1.1526, 0.4864 -1.379 1.1514, 0.4864 -1.0967 1.1514, 0.4861 -1.379 1.1512, 0.4825 -1.3789 1.1484, 0.4908 -1.3787 1.1583, 0.49 -1.3788 1.1565, 0.4895 -1.0967 1.1555, 0.4894 -1.3788 1.1556, 0.4893 -1.3788 1.1554, 0.4915 -1.0967 1.1603, 0.492 -1.3782 1.1628, 0.4913 -1.3785 1.1603, 0.4912 -1.3785 1.1599, 0.4915 -0.5709 1.1603, 0.4895 -0.5709 1.1555, 0.4864 -0.5709 1.1514, 0.4823 -0.5709 1.1483, 0.4915 0.1456 1.1603, 0.4895 0.1456 1.1555, 0.4864 0.1456 1.1514, 0.4823 0.1456 1.1483, 0.4915 0.2362 1.1603, 0.4895 0.2362 1.1555, 0.4864 0.2362 1.1514, 0.4823 0.2362 1.1483, 0.4775 0.2362 1.1463, 0.3099 -0.5709 1.1463, 0.2959 -1.0967 1.1603, 0.2957 -1.3784 1.1614, 0.296 -1.3785 1.1603, 0.2962 -1.3785 1.1599, 0.2979 -1.0967 1.1555, 0.2971 -1.3788 1.157, 0.3022 -1.379 1.1503, 0.3011 -1.379 1.1514, 0.301 -1.0967 1.1514, 0.3008 -1.379 1.1517, 0.298 -1.3789 1.1553, 0.3079 -1.3787 1.147, 0.3061 -1.3788 1.1478, 0.3051 -1.0967 1.1483, 0.3052 -1.3788 1.1484, 0.305 -1.3788 1.1485, 0.3099 -1.0967 1.1463, 0.3124 -1.3782 1.1458, 0.3099 -1.3785 1.1465, 0.3095 -1.3785 1.1466, 0.2959 -0.5709 1.1603, 0.2979 -0.5709 1.1555, 0.301 -0.5709 1.1514, 0.3051 -0.5709 1.1483, 0.3099 0.1456 1.1463, 0.3051 0.1456 1.1483, 0.301 0.1456 1.1514, 0.2979 0.1456 1.1555, 0.2959 0.1456 1.1603, 0.3099 0.2362 1.1463, 0.3051 0.2362 1.1483, 0.301 0.2362 1.1514, 0.2979 0.2362 1.1555, 0.2959 0.2362 1.1603, 0.3099 0.6384 1.2585, 0.3099 0.6088 1.2837, 0.3103 0.4331 1.342, 0.3099 0.4459 1.3415, 0.3099 0.4331 1.3418, 0.3043 0.4331 1.3394, 0.3052 0.4331 1.3398, 0.3051 0.4458 1.3395, 0.3084 0.4331 1.3414, 0.3011 0.4331 1.3367, 0.3027 0.4331 1.3382, 0.301 0.4456 1.3364, 0.2963 0.4331 1.3291, 0.2983 0.4331 1.3333, 0.2979 0.4454 1.3323, 0.2994 0.4331 1.3349, 0.2958 0.4331 1.3272, 0.296 0.4331 1.3279, 0.2959 0.4452 1.3276, 0.3099 0.4659 1.3397, 0.3099 0.5421 1.3209, 0.3099 0.5049 1.3326, 0.3099 0.5767 1.3045, 0.3099 0.6509 1.2455, 0.3099 0.6747 1.2156, 0.3099 0.6864 1.1972, 0.3099 0.7039 1.1625, 0.3099 0.7239 1.0936, 0.3099 0.7169 1.1256, 0.3051 0.4657 1.3377, 0.301 0.4653 1.3346, 0.3051 0.5044 1.3307, 0.301 0.5037 1.3276, 0.3051 0.5414 1.3191, 0.301 0.5402 1.3162, 0.3051 0.5757 1.3027, 0.301 0.5742 1.3, 0.3051 0.6076 1.2821, 0.301 0.6058 1.2796, 0.3051 0.637 1.2571, 0.301 0.6348 1.2549, 0.3051 0.6495 1.2442, 0.301 0.6472 1.2421, 0.3051 0.6731 1.2144, 0.301 0.6705 1.2127, 0.3051 0.6847 1.1962, 0.301 0.682 1.1946, 0.3051 0.7021 1.1618, 0.301 0.6992 1.1605, 0.3051 0.715 1.1251, 0.301 0.712 1.1243, 0.3051 0.722 1.0932, 0.301 0.7189 1.0927, 0.2979 0.4648 1.3306, 0.2959 0.4642 1.3259, 0.2979 0.5027 1.3237, 0.2959 0.5016 1.3191, 0.2979 0.5387 1.3124, 0.2959 0.5369 1.308, 0.2979 0.5722 1.2965, 0.2959 0.5699 1.2923, 0.2979 0.6033 1.2763, 0.2959 0.6005 1.2725, 0.2979 0.632 1.2519, 0.2959 0.6287 1.2485, 0.2979 0.6442 1.2394, 0.2959 0.6406 1.2362, 0.2979 0.6672 1.2103, 0.2959 0.6633 1.2076, 0.2979 0.6785 1.1925, 0.2959 0.6744 1.1901, 0.2979 0.6955 1.1589, 0.2959 0.6911 1.1571, 0.2979 0.708 1.1232, 0.2959 0.7035 1.1219, 0.2979 0.7149 1.0921, 0.2959 0.7102 1.0913, 0.3106 0.7277 1.0557, 0.3099 0.7276 1.0557, 0.3065 0.7261 1.0556, 0.3051 0.7256 1.0556, 0.3028 0.7238 1.0556, 0.301 0.7225 1.0555, 0.2997 0.7207 1.0555, 0.2979 0.7184 1.0554, 0.2974 0.717 1.0554, 0.2959 0.7136 1.0553, 0.2959 0.7129 1.0553, 0.2959 0.7348 0.292, 0.2959 0.7355 0.292, 0.2974 0.7389 0.2921, 0.2979 0.7402 0.2922, 0.2997 0.7426 0.2922, 0.301 0.7443 0.2923, 0.3028 0.7457 0.2923, 0.3051 0.7474 0.2924, 0.3065 0.748 0.2924, 0.3099 0.7494 0.2924, 0.3106 0.7495 0.2924, 0.2959 0.74 0.2634, 0.2979 0.7446 0.2648, 0.301 0.7485 0.2659, 0.3051 0.7515 0.2668, 0.2959 0.8485 0.1823, 0.2959 0.8197 0.186, 0.2979 0.8485 0.187, 0.2979 0.8209 0.1906, 0.301 0.8485 0.1911, 0.301 0.822 0.1945, 0.3051 0.8485 0.1942, 0.3051 0.8228 0.1975, 0.3099 0.8485 0.1962, 0.3099 0.8233 0.1994, 0.2959 0.7929 0.1969, 0.2979 0.7952 0.201, 0.301 0.7972 0.2046, 0.3051 0.7988 0.2073, 0.3099 0.7997 0.209, 0.2959 0.7697 0.2142, 0.2979 0.773 0.2176, 0.301 0.7759 0.2206, 0.3051 0.778 0.2228, 0.3099 0.7794 0.2242, 0.2959 0.7517 0.2369, 0.2979 0.7558 0.2394, 0.301 0.7592 0.2415, 0.3051 0.7619 0.2431, 0.3099 0.7636 0.2441, 0.3099 0.7534 0.2674, 0.296 1.4966 0.1823, 0.2961 1.4966 0.1827, 0.2979 1.4969 0.187, 0.298 1.497 0.1872, 0.301 1.4971 0.1911, 0.3049 1.497 0.1941, 0.3051 1.4969 0.1942, 0.3094 1.4966 0.1961, 0.3099 1.4966 0.1961
            ]
        }
        coordIndex [
            0,1,2,-1,2,1,3,-1,2,3,4,-1,4,3,5,-1,4,5,6,-1,6,5,7,-1,6,7,8,-1,8,7,9,-1,8,9,10,-1,10,9,11,-1,10,11,12,-1,12,11,13,-1,12,13,14,-1,14,13,15,-1,14,15,16,-1,16,15,17,-1,16,17,18,-1,18,17,19,-1,18,19,20,-1,20,19,21,-1,20,21,22,-1,22,21,23,-1,22,23,24,-1,24,23,25,-1,24,25,26,-1,26,25,27,-1,26,27,28,-1,28,27,29,-1,28,29,30,-1,30,29,31,-1,30,31,32,-1,32,31,33,-1,34,35,36,-1,37,38,39,-1,39,38,40,-1,39,40,41,-1,41,40,42,-1,43,44,45,-1,45,44,46,-1,45,46,42,-1,42,46,47,-1,42,47,41,-1,36,48,34,-1,34,48,49,-1,34,49,50,-1,50,49,51,-1,50,51,52,-1,51,53,52,-1,52,53,54,-1,52,54,55,-1,55,54,56,-1,55,56,57,-1,57,56,58,-1,57,58,43,-1,43,58,59,-1,43,59,44,-1,60,61,62,-1,62,61,63,-1,62,63,64,-1,64,63,65,-1,64,65,66,-1,66,65,67,-1,66,67,68,-1,68,67,69,-1,68,69,70,-1,70,69,71,-1,70,71,72,-1,72,71,73,-1,72,73,74,-1,74,73,75,-1,74,75,76,-1,76,75,77,-1,76,77,78,-1,77,79,78,-1,78,79,80,-1,78,80,81,-1,81,80,82,-1,82,80,83,-1,82,83,84,-1,84,83,85,-1,84,85,86,-1,86,85,87,-1,86,87,88,-1,88,87,89,-1,88,89,90,-1,90,89,91,-1,90,91,92,-1,92,91,93,-1,92,93,94,-1,94,93,95,-1,94,95,96,-1,96,95,97,-1,96,97,98,-1,98,97,99,-1,98,99,100,-1,100,99,101,-1,100,101,102,-1,101,103,102,-1,102,103,104,-1,102,104,105,-1,106,107,108,-1,108,109,106,-1,106,109,110,-1,106,110,111,-1,111,110,112,-1,111,112,113,-1,114,115,116,-1,116,115,117,-1,116,117,118,-1,118,117,119,-1,120,121,122,-1,122,121,123,-1,122,123,119,-1,119,123,124,-1,119,124,118,-1,112,125,113,-1,113,125,126,-1,113,126,127,-1,127,126,128,-1,127,128,129,-1,129,128,130,-1,129,130,120,-1,120,130,131,-1,120,131,121,-1,132,133,0,-1,0,133,1,-1,36,35,134,-1,134,35,135,-1,61,60,136,-1,136,60,137,-1,115,114,138,-1,138,114,139,-1,133,132,140,-1,140,132,141,-1,140,141,142,-1,142,141,143,-1,142,143,144,-1,144,143,145,-1,144,145,146,-1,146,145,147,-1,146,147,148,-1,148,147,149,-1,148,149,150,-1,150,149,151,-1,150,151,152,-1,152,151,153,-1,152,153,154,-1,154,153,155,-1,154,155,156,-1,156,155,157,-1,156,157,158,-1,158,157,159,-1,158,159,160,-1,160,159,161,-1,160,161,162,-1,162,161,163,-1,164,134,135,-1,165,166,167,-1,167,166,168,-1,167,168,169,-1,169,168,170,-1,135,171,164,-1,164,171,172,-1,164,172,173,-1,173,172,174,-1,173,174,175,-1,175,174,176,-1,175,176,170,-1,170,176,177,-1,170,177,169,-1,178,179,180,-1,180,179,181,-1,180,181,182,-1,182,181,183,-1,182,183,184,-1,184,183,185,-1,184,185,186,-1,186,185,187,-1,186,187,188,-1,188,187,189,-1,188,189,137,-1,137,189,136,-1,190,191,192,-1,138,139,193,-1,193,139,194,-1,193,194,195,-1,195,194,196,-1,192,197,190,-1,190,197,198,-1,190,198,199,-1,199,198,200,-1,199,200,201,-1,201,200,202,-1,201,202,196,-1,196,202,203,-1,196,203,195,-1,204,205,163,-1,163,205,162,-1,166,165,206,-1,206,165,207,-1,208,209,178,-1,178,209,179,-1,192,191,210,-1,210,191,211,-1,212,213,214,-1,215,216,217,-1,218,219,220,-1,220,219,221,-1,220,221,222,-1,223,224,225,-1,218,220,214,-1,214,220,226,-1,214,226,212,-1,218,227,219,-1,219,227,217,-1,219,217,228,-1,228,217,216,-1,229,230,231,-1,231,230,232,-1,213,233,214,-1,214,233,232,-1,214,232,234,-1,234,232,230,-1,222,221,224,-1,224,221,235,-1,224,235,225,-1,236,237,238,-1,238,237,239,-1,226,240,212,-1,212,240,239,-1,212,239,241,-1,241,239,237,-1,217,242,215,-1,215,242,243,-1,215,243,244,-1,244,243,245,-1,229,231,246,-1,246,231,247,-1,246,247,248,-1,225,249,223,-1,223,249,250,-1,223,250,251,-1,251,250,252,-1,236,238,253,-1,253,238,254,-1,253,254,255,-1,256,257,258,-1,258,257,259,-1,258,259,260,-1,260,259,261,-1,260,261,262,-1,262,261,263,-1,262,263,264,-1,264,263,265,-1,264,265,266,-1,266,265,267,-1,266,267,268,-1,268,267,269,-1,270,271,272,-1,272,271,273,-1,272,273,274,-1,274,273,275,-1,275,273,276,-1,275,276,277,-1,277,276,278,-1,277,278,279,-1,280,281,282,-1,282,281,283,-1,282,283,284,-1,284,283,285,-1,284,285,286,-1,286,285,287,-1,286,287,288,-1,288,287,289,-1,288,289,290,-1,289,291,290,-1,290,291,292,-1,290,292,293,-1,294,295,296,-1,294,296,297,-1,297,296,298,-1,297,298,299,-1,299,298,300,-1,299,300,301,-1,301,300,302,-1,301,302,303,-1,304,305,306,-1,307,308,309,-1,310,306,311,-1,311,306,305,-1,311,305,312,-1,306,313,304,-1,304,313,314,-1,304,314,315,-1,312,305,308,-1,308,305,316,-1,308,316,309,-1,317,318,319,-1,320,321,313,-1,313,321,322,-1,313,322,314,-1,320,323,321,-1,321,323,324,-1,321,324,325,-1,310,326,306,-1,306,326,319,-1,306,319,327,-1,327,319,318,-1,328,329,330,-1,330,329,331,-1,315,332,304,-1,304,332,331,-1,304,331,333,-1,333,331,329,-1,309,334,307,-1,307,334,335,-1,307,335,336,-1,336,335,337,-1,325,324,338,-1,338,324,339,-1,338,339,340,-1,319,341,317,-1,317,341,342,-1,317,342,343,-1,343,342,344,-1,328,330,345,-1,345,330,346,-1,345,346,347,-1,348,315,256,-1,256,315,314,-1,256,314,257,-1,257,314,349,-1,350,313,279,-1,279,313,306,-1,279,306,277,-1,277,306,351,-1,352,305,302,-1,302,305,304,-1,302,304,303,-1,303,304,353,-1,354,310,292,-1,292,310,311,-1,292,311,293,-1,293,311,355,-1,208,356,218,-1,208,218,209,-1,209,218,214,-1,209,214,357,-1,358,221,207,-1,207,221,219,-1,207,219,206,-1,206,219,359,-1,211,360,213,-1,211,213,210,-1,210,213,212,-1,210,212,361,-1,362,226,204,-1,204,226,220,-1,204,220,205,-1,205,220,363,-1,24,26,364,-1,365,366,367,-1,368,369,370,-1,371,107,106,-1,372,373,374,-1,374,373,371,-1,368,370,375,-1,376,377,378,-1,378,377,375,-1,379,380,365,-1,30,32,379,-1,379,32,381,-1,379,381,380,-1,364,26,379,-1,379,26,28,-1,379,28,30,-1,24,364,22,-1,22,364,382,-1,22,382,20,-1,20,382,383,-1,20,383,18,-1,18,383,384,-1,18,384,16,-1,16,384,14,-1,14,384,385,-1,14,385,12,-1,12,385,386,-1,12,386,10,-1,10,386,8,-1,8,386,387,-1,8,387,6,-1,371,106,374,-1,374,106,111,-1,374,111,388,-1,388,111,113,-1,388,113,389,-1,389,113,127,-1,389,127,390,-1,390,127,129,-1,390,129,391,-1,391,129,120,-1,391,120,392,-1,392,120,122,-1,392,122,393,-1,393,122,119,-1,393,119,394,-1,394,119,117,-1,394,117,395,-1,375,370,378,-1,378,370,396,-1,378,396,397,-1,397,396,398,-1,397,398,399,-1,399,398,400,-1,399,400,401,-1,401,400,402,-1,401,402,403,-1,403,402,404,-1,403,404,405,-1,405,404,406,-1,405,406,407,-1,407,406,408,-1,407,408,409,-1,409,408,410,-1,409,410,411,-1,365,367,379,-1,379,367,412,-1,379,412,364,-1,364,412,413,-1,364,413,382,-1,382,413,414,-1,382,414,383,-1,383,414,415,-1,383,415,384,-1,384,415,416,-1,384,416,385,-1,385,416,417,-1,385,417,386,-1,386,417,418,-1,386,418,387,-1,387,418,419,-1,387,419,420,-1,117,115,421,-1,117,421,395,-1,395,421,422,-1,395,422,423,-1,423,410,395,-1,395,410,408,-1,395,408,394,-1,394,408,406,-1,394,406,393,-1,393,406,404,-1,393,404,392,-1,392,404,402,-1,392,402,391,-1,391,402,400,-1,391,400,390,-1,390,400,398,-1,390,398,389,-1,389,398,396,-1,389,396,388,-1,388,396,370,-1,388,370,374,-1,374,370,369,-1,374,369,372,-1,423,424,410,-1,410,424,425,-1,410,425,411,-1,411,425,426,-1,411,426,427,-1,427,419,411,-1,411,419,418,-1,411,418,409,-1,409,418,417,-1,409,417,407,-1,407,417,416,-1,407,416,405,-1,405,416,415,-1,405,415,403,-1,403,415,414,-1,403,414,401,-1,401,414,413,-1,401,413,399,-1,399,413,412,-1,399,412,397,-1,397,412,367,-1,397,367,378,-1,378,367,366,-1,378,366,376,-1,427,428,419,-1,419,428,429,-1,419,429,420,-1,420,429,430,-1,420,430,431,-1,6,387,4,-1,4,387,420,-1,4,420,2,-1,2,420,431,-1,2,431,0,-1,0,431,132,-1,132,431,432,-1,432,431,433,-1,433,431,430,-1,433,430,434,-1,434,430,429,-1,434,429,435,-1,435,429,428,-1,435,428,436,-1,436,428,427,-1,436,427,437,-1,437,427,426,-1,437,426,438,-1,438,426,425,-1,438,425,439,-1,439,425,424,-1,439,424,440,-1,440,424,423,-1,440,423,441,-1,441,423,422,-1,441,422,442,-1,422,421,442,-1,442,421,115,-1,442,115,138,-1,443,163,161,-1,444,445,443,-1,155,446,447,-1,443,161,444,-1,444,161,159,-1,444,159,447,-1,447,159,157,-1,447,157,155,-1,141,448,143,-1,143,448,449,-1,155,153,446,-1,446,153,151,-1,446,151,450,-1,450,151,149,-1,450,149,451,-1,451,149,147,-1,451,147,449,-1,449,147,145,-1,449,145,143,-1,141,132,432,-1,452,453,454,-1,454,453,455,-1,141,432,448,-1,448,432,433,-1,448,433,434,-1,434,456,448,-1,448,456,457,-1,448,457,449,-1,449,457,458,-1,449,458,451,-1,451,458,459,-1,451,459,450,-1,450,459,460,-1,450,460,446,-1,446,460,461,-1,446,461,447,-1,447,461,454,-1,447,454,444,-1,444,454,455,-1,444,455,445,-1,462,463,452,-1,452,454,462,-1,462,454,461,-1,462,461,464,-1,464,461,460,-1,464,460,465,-1,465,460,459,-1,465,459,466,-1,466,459,458,-1,466,458,467,-1,467,458,457,-1,467,457,468,-1,468,457,456,-1,468,456,469,-1,470,471,472,-1,472,471,473,-1,434,435,456,-1,456,435,436,-1,456,436,469,-1,469,436,437,-1,469,437,438,-1,438,474,469,-1,469,474,475,-1,469,475,468,-1,468,475,476,-1,468,476,467,-1,467,476,477,-1,467,477,466,-1,466,477,478,-1,466,478,465,-1,465,478,479,-1,465,479,464,-1,464,479,472,-1,464,472,462,-1,462,472,473,-1,462,473,463,-1,480,481,482,-1,482,481,470,-1,470,472,482,-1,482,472,479,-1,482,479,483,-1,483,479,478,-1,483,478,484,-1,484,478,477,-1,484,477,485,-1,485,477,476,-1,485,476,486,-1,486,476,475,-1,486,475,487,-1,487,475,474,-1,487,474,488,-1,197,192,480,-1,438,439,474,-1,474,439,440,-1,474,440,488,-1,488,440,441,-1,488,441,442,-1,480,482,197,-1,197,482,483,-1,197,483,198,-1,198,483,484,-1,198,484,200,-1,200,484,485,-1,200,485,202,-1,202,485,486,-1,202,486,203,-1,203,486,487,-1,203,487,195,-1,195,487,488,-1,195,488,193,-1,193,488,442,-1,193,442,138,-1,204,163,362,-1,362,163,443,-1,480,192,210,-1,210,361,480,-1,480,361,489,-1,480,489,481,-1,481,489,490,-1,481,490,470,-1,470,490,491,-1,470,491,471,-1,471,491,492,-1,471,492,473,-1,473,492,493,-1,473,493,463,-1,463,493,494,-1,463,494,452,-1,452,494,495,-1,452,495,453,-1,453,495,496,-1,453,496,455,-1,455,496,497,-1,455,497,445,-1,445,497,498,-1,445,498,443,-1,443,498,499,-1,443,499,362,-1,226,362,499,-1,226,499,240,-1,240,499,498,-1,240,498,239,-1,239,498,497,-1,239,497,238,-1,238,497,496,-1,238,496,254,-1,254,496,495,-1,254,495,255,-1,361,212,489,-1,489,212,241,-1,489,241,490,-1,490,241,237,-1,490,237,491,-1,491,237,236,-1,491,236,492,-1,492,236,253,-1,492,253,493,-1,493,253,255,-1,493,255,494,-1,494,255,495,-1,500,501,502,-1,503,33,31,-1,501,504,505,-1,505,504,506,-1,505,506,503,-1,500,502,507,-1,508,509,510,-1,510,509,507,-1,511,512,513,-1,513,512,508,-1,38,514,515,-1,515,514,516,-1,515,516,511,-1,503,31,505,-1,505,31,29,-1,505,29,517,-1,29,27,517,-1,517,27,25,-1,517,25,518,-1,25,23,518,-1,518,23,21,-1,518,21,519,-1,21,19,519,-1,519,19,17,-1,519,17,520,-1,520,17,15,-1,520,15,521,-1,15,13,521,-1,521,13,11,-1,521,11,522,-1,522,11,9,-1,522,9,523,-1,523,9,7,-1,523,7,524,-1,524,7,5,-1,5,3,524,-1,524,3,1,-1,524,1,525,-1,501,505,502,-1,502,505,517,-1,502,517,526,-1,526,517,518,-1,526,518,527,-1,527,518,519,-1,527,519,528,-1,528,519,520,-1,528,520,529,-1,529,520,521,-1,529,521,530,-1,530,521,522,-1,530,522,531,-1,531,522,523,-1,531,523,532,-1,532,523,524,-1,532,524,533,-1,533,524,525,-1,533,525,534,-1,507,502,510,-1,510,502,526,-1,510,526,535,-1,535,526,527,-1,535,527,536,-1,536,527,528,-1,536,528,537,-1,537,528,529,-1,537,529,538,-1,538,529,530,-1,538,530,539,-1,539,530,531,-1,539,531,540,-1,540,531,532,-1,540,532,541,-1,541,532,533,-1,541,533,542,-1,542,533,534,-1,542,534,543,-1,508,510,513,-1,513,510,535,-1,513,535,544,-1,544,535,536,-1,544,536,545,-1,545,536,537,-1,545,537,546,-1,546,537,538,-1,546,538,547,-1,547,538,539,-1,547,539,548,-1,548,539,540,-1,548,540,549,-1,549,540,541,-1,549,541,550,-1,550,541,542,-1,550,542,551,-1,551,542,543,-1,551,543,552,-1,511,513,515,-1,515,513,544,-1,515,544,553,-1,553,544,545,-1,553,545,554,-1,554,545,546,-1,554,546,555,-1,555,546,547,-1,555,547,556,-1,556,547,548,-1,556,548,557,-1,557,548,549,-1,557,549,558,-1,558,549,550,-1,558,550,559,-1,559,550,551,-1,559,551,560,-1,560,551,552,-1,560,552,561,-1,38,515,40,-1,40,515,553,-1,40,553,42,-1,42,553,554,-1,42,554,45,-1,45,554,555,-1,45,555,43,-1,43,555,556,-1,43,556,57,-1,57,556,557,-1,57,557,55,-1,55,557,558,-1,55,558,52,-1,52,558,559,-1,52,559,50,-1,50,559,560,-1,50,560,34,-1,34,560,561,-1,34,561,35,-1,135,35,561,-1,135,561,562,-1,562,561,552,-1,562,552,563,-1,563,552,543,-1,563,543,564,-1,564,543,534,-1,564,534,565,-1,565,534,525,-1,565,525,566,-1,566,525,1,-1,566,1,133,-1,135,562,567,-1,562,563,568,-1,564,565,569,-1,566,133,140,-1,146,570,571,-1,566,140,572,-1,572,140,142,-1,572,142,571,-1,571,142,144,-1,571,144,146,-1,160,573,158,-1,158,573,574,-1,146,148,570,-1,570,148,150,-1,570,150,575,-1,575,150,152,-1,575,152,576,-1,576,152,154,-1,576,154,574,-1,574,154,156,-1,574,156,158,-1,160,162,577,-1,160,577,573,-1,573,577,578,-1,573,578,579,-1,579,580,573,-1,573,580,581,-1,573,581,574,-1,574,581,582,-1,574,582,576,-1,576,582,583,-1,576,583,575,-1,575,583,584,-1,575,584,570,-1,570,584,585,-1,570,585,571,-1,571,585,569,-1,571,569,572,-1,572,569,565,-1,572,565,566,-1,564,569,586,-1,586,569,585,-1,586,585,587,-1,587,585,584,-1,587,584,588,-1,588,584,583,-1,588,583,589,-1,589,583,582,-1,589,582,590,-1,590,582,581,-1,590,581,591,-1,591,581,580,-1,591,580,592,-1,579,593,580,-1,580,593,594,-1,580,594,592,-1,592,594,595,-1,592,595,596,-1,596,597,592,-1,592,597,598,-1,592,598,591,-1,591,598,599,-1,591,599,590,-1,590,599,600,-1,590,600,589,-1,589,600,601,-1,589,601,588,-1,588,601,602,-1,588,602,587,-1,587,602,568,-1,587,568,586,-1,586,568,563,-1,586,563,564,-1,562,568,567,-1,567,568,602,-1,567,602,603,-1,603,602,601,-1,603,601,604,-1,604,601,600,-1,604,600,605,-1,605,600,599,-1,605,599,606,-1,606,599,598,-1,606,598,607,-1,607,598,597,-1,607,597,608,-1,596,609,597,-1,597,609,610,-1,597,610,608,-1,608,610,611,-1,608,611,612,-1,135,567,171,-1,171,567,603,-1,171,603,172,-1,172,603,604,-1,172,604,174,-1,174,604,605,-1,174,605,176,-1,176,605,606,-1,176,606,177,-1,177,606,607,-1,177,607,169,-1,169,607,608,-1,169,608,167,-1,167,608,612,-1,167,612,165,-1,207,165,358,-1,358,165,612,-1,577,162,205,-1,205,363,577,-1,577,363,613,-1,577,613,578,-1,578,613,614,-1,578,614,579,-1,579,614,615,-1,579,615,593,-1,593,615,616,-1,593,616,594,-1,594,616,617,-1,594,617,595,-1,595,617,618,-1,595,618,596,-1,596,618,619,-1,596,619,609,-1,609,619,620,-1,609,620,610,-1,610,620,621,-1,610,621,611,-1,611,621,622,-1,611,622,612,-1,612,622,623,-1,612,623,358,-1,363,220,613,-1,613,220,222,-1,613,222,614,-1,614,222,224,-1,614,224,615,-1,615,224,223,-1,615,223,616,-1,616,223,251,-1,616,251,617,-1,617,251,252,-1,617,252,618,-1,618,252,619,-1,619,252,250,-1,619,250,620,-1,620,250,249,-1,620,249,621,-1,621,249,225,-1,621,225,622,-1,622,225,235,-1,622,235,623,-1,623,235,221,-1,623,221,358,-1,81,82,624,-1,86,88,625,-1,92,94,626,-1,37,39,627,-1,627,39,628,-1,627,628,629,-1,629,628,630,-1,630,628,631,-1,630,631,632,-1,632,631,633,-1,633,631,634,-1,633,634,635,-1,636,637,634,-1,634,637,638,-1,634,638,635,-1,639,640,641,-1,641,640,642,-1,641,642,636,-1,636,642,643,-1,636,643,637,-1,105,639,102,-1,102,639,641,-1,102,641,100,-1,100,641,98,-1,96,98,644,-1,644,98,641,-1,644,641,645,-1,645,641,636,-1,645,636,646,-1,646,636,634,-1,646,634,647,-1,647,634,631,-1,647,631,648,-1,648,631,628,-1,648,628,41,-1,41,628,39,-1,94,96,626,-1,626,96,644,-1,626,644,649,-1,649,644,645,-1,649,645,650,-1,650,645,646,-1,650,646,651,-1,651,646,647,-1,651,647,652,-1,652,647,648,-1,652,648,47,-1,47,648,41,-1,90,92,653,-1,653,92,626,-1,653,626,654,-1,654,626,649,-1,654,649,655,-1,655,649,650,-1,655,650,656,-1,656,650,651,-1,656,651,657,-1,657,651,652,-1,657,652,46,-1,46,652,47,-1,88,90,625,-1,625,90,653,-1,625,653,658,-1,658,653,654,-1,658,654,659,-1,659,654,655,-1,659,655,660,-1,660,655,656,-1,660,656,661,-1,661,656,657,-1,661,657,44,-1,44,657,46,-1,84,86,662,-1,662,86,625,-1,662,625,663,-1,663,625,658,-1,663,658,664,-1,664,658,659,-1,664,659,665,-1,665,659,660,-1,665,660,666,-1,666,660,661,-1,666,661,59,-1,59,661,44,-1,82,84,624,-1,624,84,662,-1,624,662,667,-1,667,662,663,-1,667,663,668,-1,668,663,664,-1,668,664,669,-1,669,664,665,-1,669,665,670,-1,670,665,666,-1,670,666,58,-1,58,666,59,-1,671,76,78,-1,78,81,671,-1,671,81,624,-1,671,624,672,-1,672,624,667,-1,672,667,673,-1,673,667,668,-1,673,668,674,-1,674,668,669,-1,674,669,675,-1,675,669,670,-1,675,670,56,-1,56,670,58,-1,74,76,676,-1,676,76,671,-1,676,671,677,-1,677,671,672,-1,677,672,678,-1,678,672,673,-1,678,673,679,-1,679,673,674,-1,679,674,680,-1,680,674,675,-1,680,675,54,-1,54,675,56,-1,54,53,680,-1,680,53,681,-1,680,681,679,-1,679,681,682,-1,679,682,678,-1,678,682,683,-1,678,683,677,-1,677,683,684,-1,677,684,676,-1,676,684,685,-1,676,685,74,-1,68,70,685,-1,685,70,72,-1,685,72,74,-1,51,49,686,-1,686,49,687,-1,686,687,688,-1,688,687,689,-1,688,689,690,-1,690,689,691,-1,690,691,692,-1,692,691,693,-1,692,693,694,-1,694,693,695,-1,53,51,681,-1,681,51,686,-1,681,686,682,-1,682,686,688,-1,682,688,683,-1,683,688,690,-1,683,690,684,-1,684,690,692,-1,684,692,685,-1,685,692,694,-1,685,694,68,-1,68,694,695,-1,68,695,66,-1,66,695,64,-1,62,64,696,-1,696,64,695,-1,696,695,697,-1,697,695,693,-1,697,693,698,-1,698,693,691,-1,698,691,699,-1,699,691,689,-1,699,689,700,-1,700,689,687,-1,700,687,48,-1,48,687,49,-1,60,62,701,-1,701,62,696,-1,701,696,702,-1,702,696,697,-1,702,697,703,-1,703,697,698,-1,703,698,704,-1,704,698,699,-1,704,699,705,-1,705,699,700,-1,705,700,36,-1,36,700,48,-1,137,60,701,-1,137,701,706,-1,706,701,702,-1,706,702,707,-1,707,702,703,-1,707,703,708,-1,708,703,704,-1,708,704,709,-1,709,704,705,-1,709,705,710,-1,710,705,36,-1,710,36,134,-1,134,164,710,-1,710,164,711,-1,710,711,709,-1,709,711,712,-1,709,712,708,-1,708,712,713,-1,708,713,707,-1,707,713,714,-1,707,714,706,-1,706,714,715,-1,706,715,137,-1,137,715,188,-1,164,173,711,-1,711,173,716,-1,711,716,712,-1,712,716,717,-1,712,717,713,-1,713,717,718,-1,713,718,714,-1,714,718,719,-1,714,719,715,-1,715,719,720,-1,715,720,188,-1,188,720,186,-1,173,175,716,-1,716,175,721,-1,716,721,717,-1,717,721,722,-1,717,722,718,-1,718,722,723,-1,718,723,719,-1,719,723,724,-1,719,724,720,-1,720,724,725,-1,720,725,186,-1,186,725,184,-1,175,170,721,-1,721,170,726,-1,721,726,722,-1,722,726,727,-1,722,727,723,-1,723,727,728,-1,723,728,724,-1,724,728,729,-1,724,729,725,-1,725,729,730,-1,725,730,184,-1,184,730,182,-1,170,168,726,-1,726,168,731,-1,726,731,727,-1,727,731,732,-1,727,732,728,-1,728,732,733,-1,728,733,729,-1,729,733,734,-1,729,734,730,-1,730,734,735,-1,730,735,182,-1,182,735,180,-1,168,166,731,-1,731,166,736,-1,731,736,732,-1,732,736,737,-1,732,737,733,-1,733,737,738,-1,733,738,734,-1,734,738,739,-1,734,739,735,-1,735,739,740,-1,735,740,180,-1,180,740,178,-1,208,178,356,-1,356,178,740,-1,356,740,741,-1,741,740,742,-1,742,740,739,-1,742,739,743,-1,743,739,744,-1,744,739,738,-1,744,738,745,-1,745,738,746,-1,746,738,737,-1,746,737,747,-1,747,737,748,-1,748,737,736,-1,748,736,749,-1,166,206,736,-1,736,206,359,-1,736,359,749,-1,749,359,219,-1,749,219,748,-1,219,228,748,-1,748,228,216,-1,748,216,747,-1,747,216,746,-1,216,215,746,-1,746,215,244,-1,746,244,745,-1,745,244,245,-1,745,245,744,-1,245,243,744,-1,744,243,242,-1,744,242,743,-1,743,242,217,-1,743,217,742,-1,742,217,227,-1,742,227,741,-1,741,227,218,-1,741,218,356,-1,284,286,750,-1,302,300,352,-1,352,300,751,-1,352,751,752,-1,752,751,753,-1,753,751,754,-1,754,751,755,-1,754,755,756,-1,757,758,759,-1,759,758,760,-1,759,760,755,-1,755,760,761,-1,755,761,756,-1,762,763,764,-1,764,763,765,-1,764,765,759,-1,759,765,766,-1,759,766,757,-1,293,355,290,-1,290,355,767,-1,290,767,288,-1,355,768,767,-1,767,768,769,-1,767,769,764,-1,764,769,770,-1,764,770,762,-1,296,295,771,-1,771,295,772,-1,771,772,773,-1,773,772,774,-1,773,774,775,-1,775,774,776,-1,775,776,777,-1,777,776,778,-1,777,778,779,-1,779,778,780,-1,779,780,282,-1,282,780,280,-1,298,296,781,-1,781,296,771,-1,781,771,782,-1,782,771,773,-1,782,773,783,-1,783,773,775,-1,783,775,784,-1,784,775,777,-1,784,777,750,-1,750,777,779,-1,750,779,284,-1,284,779,282,-1,300,298,751,-1,751,298,781,-1,751,781,755,-1,755,781,782,-1,755,782,759,-1,759,782,783,-1,759,783,764,-1,764,783,784,-1,764,784,767,-1,767,784,750,-1,767,750,288,-1,288,750,286,-1,355,311,768,-1,768,311,769,-1,769,311,770,-1,770,311,312,-1,770,312,308,-1,766,765,308,-1,765,763,308,-1,308,763,762,-1,308,762,770,-1,308,307,766,-1,766,307,336,-1,766,336,757,-1,757,336,337,-1,757,337,758,-1,758,337,760,-1,760,337,335,-1,760,335,761,-1,761,335,334,-1,761,334,756,-1,756,334,309,-1,756,309,754,-1,754,309,316,-1,754,316,753,-1,753,316,752,-1,752,316,305,-1,752,305,352,-1,285,283,785,-1,291,289,786,-1,787,788,786,-1,786,788,354,-1,786,354,291,-1,291,354,292,-1,787,786,789,-1,789,786,790,-1,789,790,791,-1,792,793,794,-1,794,793,795,-1,794,795,790,-1,790,795,796,-1,790,796,791,-1,797,798,799,-1,799,798,800,-1,799,800,794,-1,794,800,801,-1,794,801,792,-1,275,277,802,-1,802,277,351,-1,351,803,802,-1,802,803,804,-1,802,804,799,-1,799,804,805,-1,799,805,797,-1,283,281,785,-1,785,281,806,-1,785,806,807,-1,807,806,808,-1,807,808,809,-1,809,808,810,-1,809,810,811,-1,811,810,812,-1,811,812,813,-1,813,812,814,-1,813,814,272,-1,272,814,270,-1,287,285,815,-1,815,285,785,-1,815,785,816,-1,816,785,807,-1,816,807,817,-1,817,807,809,-1,817,809,818,-1,818,809,811,-1,818,811,819,-1,819,811,813,-1,819,813,274,-1,274,813,272,-1,289,287,786,-1,786,287,815,-1,786,815,790,-1,790,815,816,-1,790,816,794,-1,794,816,817,-1,794,817,799,-1,799,817,818,-1,799,818,802,-1,802,818,819,-1,802,819,275,-1,275,819,274,-1,354,788,310,-1,310,788,326,-1,788,787,326,-1,326,787,789,-1,326,789,319,-1,319,789,791,-1,319,791,341,-1,341,791,796,-1,341,796,342,-1,342,796,795,-1,342,795,344,-1,795,793,344,-1,344,793,792,-1,344,792,343,-1,343,792,801,-1,343,801,317,-1,798,797,318,-1,318,797,805,-1,318,805,327,-1,317,801,318,-1,318,801,800,-1,318,800,798,-1,803,351,306,-1,327,805,306,-1,306,805,804,-1,306,804,803,-1,264,266,820,-1,260,262,821,-1,256,258,348,-1,348,258,822,-1,348,822,823,-1,823,822,824,-1,824,822,825,-1,825,822,826,-1,825,826,827,-1,828,829,830,-1,830,829,831,-1,830,831,826,-1,826,831,832,-1,826,832,827,-1,833,834,835,-1,835,834,836,-1,835,836,830,-1,830,836,837,-1,830,837,828,-1,301,303,838,-1,838,303,353,-1,353,839,838,-1,838,839,840,-1,838,840,835,-1,835,840,841,-1,835,841,833,-1,299,301,842,-1,842,301,838,-1,842,838,843,-1,843,838,835,-1,843,835,844,-1,844,835,830,-1,844,830,845,-1,845,830,826,-1,845,826,821,-1,821,826,822,-1,821,822,260,-1,260,822,258,-1,297,299,846,-1,846,299,842,-1,846,842,847,-1,847,842,843,-1,847,843,848,-1,848,843,844,-1,848,844,849,-1,849,844,845,-1,849,845,820,-1,820,845,821,-1,820,821,264,-1,264,821,262,-1,294,297,850,-1,850,297,846,-1,850,846,851,-1,851,846,847,-1,851,847,852,-1,852,847,848,-1,852,848,853,-1,853,848,849,-1,853,849,854,-1,854,849,820,-1,854,820,268,-1,268,820,266,-1,353,304,839,-1,839,304,840,-1,840,304,841,-1,841,304,333,-1,841,333,329,-1,837,836,329,-1,836,834,329,-1,329,834,833,-1,329,833,841,-1,329,328,837,-1,837,328,345,-1,837,345,828,-1,828,345,347,-1,828,347,829,-1,829,347,831,-1,831,347,346,-1,831,346,832,-1,832,346,330,-1,832,330,827,-1,827,330,331,-1,827,331,825,-1,825,331,332,-1,825,332,824,-1,824,332,823,-1,823,332,315,-1,823,315,348,-1,265,263,855,-1,279,278,350,-1,350,278,856,-1,350,856,857,-1,857,856,858,-1,858,856,859,-1,859,856,860,-1,859,860,861,-1,862,863,864,-1,864,863,865,-1,864,865,860,-1,860,865,866,-1,860,866,861,-1,867,868,869,-1,869,868,870,-1,869,870,864,-1,864,870,871,-1,864,871,862,-1,261,259,872,-1,872,259,257,-1,872,257,349,-1,349,873,872,-1,872,873,874,-1,872,874,869,-1,869,874,875,-1,869,875,867,-1,278,276,856,-1,856,276,876,-1,856,876,860,-1,860,876,877,-1,860,877,864,-1,864,877,878,-1,864,878,869,-1,869,878,879,-1,869,879,872,-1,872,879,855,-1,872,855,261,-1,261,855,263,-1,267,265,880,-1,880,265,855,-1,880,855,881,-1,881,855,879,-1,881,879,882,-1,882,879,878,-1,882,878,883,-1,883,878,877,-1,883,877,884,-1,884,877,876,-1,884,876,273,-1,273,876,276,-1,269,267,885,-1,885,267,880,-1,885,880,886,-1,886,880,881,-1,886,881,887,-1,887,881,882,-1,887,882,888,-1,888,882,883,-1,888,883,889,-1,889,883,884,-1,889,884,271,-1,271,884,273,-1,350,857,313,-1,313,857,320,-1,857,858,320,-1,320,858,859,-1,320,859,323,-1,323,859,861,-1,323,861,324,-1,324,861,866,-1,324,866,339,-1,339,866,865,-1,339,865,340,-1,865,863,340,-1,340,863,862,-1,340,862,338,-1,338,862,871,-1,338,871,325,-1,868,867,321,-1,321,867,875,-1,321,875,322,-1,325,871,321,-1,321,871,870,-1,321,870,868,-1,873,349,314,-1,322,875,314,-1,314,875,874,-1,314,874,873,-1,83,890,891,-1,104,103,892,-1,892,103,893,-1,892,893,894,-1,895,896,897,-1,897,896,898,-1,899,900,901,-1,901,900,895,-1,902,903,904,-1,904,903,905,-1,906,907,908,-1,908,907,902,-1,109,108,906,-1,103,101,893,-1,893,101,99,-1,893,99,909,-1,909,99,97,-1,909,97,95,-1,93,910,95,-1,95,910,911,-1,95,911,909,-1,93,91,910,-1,910,91,89,-1,910,89,912,-1,912,89,87,-1,912,87,891,-1,891,87,85,-1,891,85,83,-1,890,83,913,-1,913,83,80,-1,913,80,79,-1,79,77,913,-1,913,77,75,-1,913,75,914,-1,914,75,73,-1,914,73,915,-1,915,73,71,-1,915,71,916,-1,63,917,65,-1,65,917,918,-1,65,918,67,-1,67,918,916,-1,67,916,69,-1,69,916,71,-1,895,897,901,-1,901,897,919,-1,901,919,920,-1,920,919,921,-1,920,921,922,-1,922,921,923,-1,922,923,924,-1,924,923,925,-1,924,925,926,-1,926,925,927,-1,926,927,928,-1,928,927,929,-1,928,929,930,-1,930,929,931,-1,930,931,932,-1,932,931,933,-1,932,933,934,-1,934,933,935,-1,934,935,936,-1,936,935,937,-1,936,937,938,-1,938,937,939,-1,938,939,940,-1,940,939,941,-1,940,941,942,-1,902,904,908,-1,908,904,943,-1,908,943,944,-1,944,943,945,-1,944,945,946,-1,946,945,947,-1,946,947,948,-1,948,947,949,-1,948,949,950,-1,950,949,951,-1,950,951,952,-1,952,951,953,-1,952,953,954,-1,954,953,955,-1,954,955,956,-1,956,955,957,-1,956,957,958,-1,958,957,959,-1,958,959,960,-1,960,959,961,-1,960,961,962,-1,962,961,963,-1,962,963,964,-1,964,963,965,-1,964,965,966,-1,63,61,967,-1,63,967,917,-1,917,967,968,-1,917,968,969,-1,969,941,917,-1,917,941,939,-1,917,939,918,-1,918,939,937,-1,918,937,916,-1,916,937,935,-1,916,935,915,-1,915,935,933,-1,915,933,914,-1,914,933,931,-1,914,931,913,-1,913,931,929,-1,913,929,890,-1,890,929,927,-1,890,927,891,-1,891,927,925,-1,891,925,912,-1,912,925,923,-1,912,923,910,-1,910,923,921,-1,910,921,911,-1,911,921,919,-1,911,919,909,-1,909,919,897,-1,909,897,893,-1,893,897,898,-1,893,898,894,-1,969,970,941,-1,941,970,971,-1,941,971,942,-1,942,971,972,-1,942,972,973,-1,973,965,942,-1,942,965,963,-1,942,963,940,-1,940,963,961,-1,940,961,938,-1,938,961,959,-1,938,959,936,-1,936,959,957,-1,936,957,934,-1,934,957,955,-1,934,955,932,-1,932,955,953,-1,932,953,930,-1,930,953,951,-1,930,951,928,-1,928,951,949,-1,928,949,926,-1,926,949,947,-1,926,947,924,-1,924,947,945,-1,924,945,922,-1,922,945,943,-1,922,943,920,-1,920,943,904,-1,920,904,901,-1,901,904,905,-1,901,905,899,-1,973,974,965,-1,965,974,975,-1,965,975,966,-1,966,975,976,-1,966,976,977,-1,906,908,109,-1,109,908,944,-1,109,944,110,-1,110,944,946,-1,110,946,112,-1,112,946,948,-1,112,948,125,-1,125,948,950,-1,125,950,126,-1,126,950,952,-1,126,952,128,-1,128,952,954,-1,128,954,130,-1,130,954,956,-1,130,956,131,-1,131,956,958,-1,131,958,121,-1,121,958,960,-1,121,960,123,-1,123,960,962,-1,123,962,124,-1,124,962,964,-1,124,964,118,-1,118,964,966,-1,118,966,116,-1,116,966,977,-1,116,977,114,-1,114,977,139,-1,139,977,978,-1,978,977,979,-1,979,977,976,-1,979,976,980,-1,980,976,975,-1,980,975,981,-1,981,975,974,-1,981,974,982,-1,982,974,973,-1,982,973,983,-1,983,973,972,-1,983,972,984,-1,984,972,971,-1,984,971,985,-1,985,971,970,-1,985,970,986,-1,986,970,969,-1,986,969,987,-1,987,969,968,-1,987,968,988,-1,968,967,988,-1,988,967,61,-1,988,61,136,-1,194,139,978,-1,194,978,989,-1,978,979,989,-1,989,979,980,-1,989,980,990,-1,980,981,990,-1,990,981,982,-1,990,982,991,-1,982,983,991,-1,991,983,984,-1,991,984,992,-1,191,190,993,-1,993,190,994,-1,993,994,995,-1,995,994,996,-1,995,996,997,-1,997,996,998,-1,997,998,999,-1,999,998,1000,-1,999,1000,1001,-1,1001,1000,1002,-1,1001,1002,179,-1,190,199,994,-1,994,199,1003,-1,994,1003,996,-1,996,1003,1004,-1,996,1004,998,-1,998,1004,1005,-1,998,1005,1000,-1,1000,1005,1006,-1,1000,1006,1002,-1,1002,1006,1007,-1,199,201,1003,-1,1003,201,1008,-1,1003,1008,1004,-1,1004,1008,1009,-1,1004,1009,1005,-1,1005,1009,1010,-1,1005,1010,1006,-1,1006,1010,1011,-1,1006,1011,1007,-1,1007,1011,1012,-1,201,196,1008,-1,1008,196,1013,-1,1008,1013,1009,-1,1009,1013,1014,-1,1009,1014,1010,-1,1010,1014,1015,-1,1010,1015,1011,-1,1011,1015,1016,-1,1011,1016,1012,-1,1012,1016,1017,-1,196,194,1013,-1,1013,194,989,-1,1013,989,1014,-1,1014,989,990,-1,1014,990,1015,-1,1015,990,991,-1,1015,991,1016,-1,1016,991,992,-1,1016,992,1017,-1,1017,992,1018,-1,984,985,992,-1,992,985,986,-1,992,986,1018,-1,1018,986,987,-1,1018,987,988,-1,179,1002,181,-1,181,1002,1007,-1,181,1007,183,-1,183,1007,1012,-1,183,1012,185,-1,185,1012,1017,-1,185,1017,187,-1,187,1017,1018,-1,187,1018,189,-1,189,1018,988,-1,189,988,136,-1,211,191,360,-1,360,191,993,-1,360,993,1019,-1,1019,993,1020,-1,1020,993,995,-1,1020,995,1021,-1,1021,995,1022,-1,1022,995,997,-1,1022,997,1023,-1,1023,997,1024,-1,1024,997,999,-1,1024,999,1025,-1,1025,999,1026,-1,1026,999,1001,-1,1026,1001,1027,-1,179,209,1001,-1,1001,209,357,-1,1001,357,1027,-1,247,231,1022,-1,1022,231,1021,-1,1021,231,232,-1,1021,232,1020,-1,1020,232,233,-1,1020,233,1019,-1,1019,233,213,-1,1019,213,360,-1,247,1022,248,-1,248,1022,1023,-1,248,1023,246,-1,246,1023,1024,-1,246,1024,229,-1,1026,234,230,-1,229,1024,230,-1,230,1024,1025,-1,230,1025,1026,-1,234,1026,214,-1,214,1026,1027,-1,214,1027,357,-1,
        ]
    }
}
Shape{
    appearance Appearance {
        material  Material {
            diffuseColor 0.9019607843137255 0.8627450980392157 0.7843137254901961
            specularColor 0.27058823529411763 0.25882352941176473 0.23529411764705882
            ambientIntensity 0.8655
            transparency 0.0
            shininess 0.5
        }
    }
    geometry IndexedFaceSet {
        ccw TRUE
        solid FALSE
        coord DEF co Coordinate {
            point [
                -0.5118 0.6299 0.0591, -0.5118 0.6299 0.2953, -0.5118 0.4331 0.0591, -0.5118 0.4331 0.2953, -0.2756 0.4331 0.0591, -0.2756 0.4331 0.2953, -0.2756 0.6299 0.0591, -0.2756 0.6299 0.2953, -0.2756 0.6299 1.3425, -0.2756 0.6299 1.0039, -0.2756 0.4331 1.3425, -0.2756 0.4331 1.0039, -0.5118 0.4331 1.3425, -0.5118 0.4331 1.0039, -0.5118 0.6299 1.3425, -0.5118 0.6299 1.0039, -0.4724 0.4331 1.3425, -0.315 0.4331 1.3425
            ]
        }
        coordIndex [
            0,1,2,-1,2,1,3,-1,4,5,6,-1,6,5,7,-1,8,9,10,-1,10,9,11,-1,12,13,14,-1,14,13,15,-1,12,14,16,-1,16,14,8,-1,16,8,17,-1,17,8,10,-1,
        ]
    }
}
Shape{
    appearance Appearance {
        material  Material {
            diffuseColor 0.7686274509803922 0.7686274509803922 0.7686274509803922
            specularColor 0.615686274509804 0.615686274509804 0.615686274509804
            ambientIntensity 0.7686
            transparency 0.0
            shininess 0.5
        }
    }
    geometry IndexedFaceSet {
        ccw TRUE
        solid FALSE
        coord DEF co Coordinate {
            point [
                -0.4724 0.5315 1.0501, -0.315 0.5315 1.0501, -0.4724 0.5297 1.0658, -0.315 0.5297 1.0658, -0.4724 0.5275 1.0733, -0.315 0.5275 1.0733, -0.4724 0.5243 1.0841, -0.315 0.5243 1.0841, -0.4724 0.5185 1.0958, -0.315 0.5185 1.0958, -0.4724 0.5179 1.0971, -0.315 0.5179 1.0971, -0.4724 0.5069 1.1123, -0.315 0.5069 1.1123, -0.4724 0.5051 1.1142, -0.315 0.5051 1.1142, -0.4724 0.5016 1.1179, -0.315 0.5017 1.1178, -0.4724 0.4868 1.1297, -0.315 0.4869 1.1297, -0.4724 0.4864 1.1299, -0.315 0.4864 1.1299, -0.4724 0.4725 1.1374, -0.315 0.4726 1.1374, -0.4724 0.4608 1.1416, -0.315 0.4608 1.1416, -0.4724 0.4555 1.1436, -0.315 0.4555 1.1436, -0.4724 0.4454 1.1448, -0.315 0.4454 1.1448, -0.4724 0.4389 1.1456, -0.315 0.4389 1.1456, -0.4724 0.4331 1.1457, -0.315 0.4331 1.1457, -0.2953 0.549 1.0695, -0.2953 0.5511 1.0506, -0.2953 0.7085 1.0551, -0.2953 0.4331 1.3228, -0.2953 0.4331 1.1654, -0.2953 0.4449 1.3225, -0.2953 0.4395 1.1653, -0.2953 0.4636 1.3208, -0.2953 0.4603 1.1627, -0.2953 0.4976 1.1461, -0.2953 0.5674 1.2879, -0.2953 0.4805 1.1554, -0.2953 0.5351 1.3033, -0.2953 0.5004 1.3141, -0.2953 0.7052 1.0905, -0.2953 0.6986 1.1205, -0.2953 0.5425 1.0914, -0.2953 0.6864 1.1551, -0.2953 0.5349 1.107, -0.2953 0.6701 1.1875, -0.2953 0.6591 1.2047, -0.2953 0.5217 1.1253, -0.2953 0.6369 1.2327, -0.2953 0.5154 1.1319, -0.2953 0.6251 1.2449, -0.2953 0.5975 1.2684, -0.315 0.7282 1.0557, -0.4724 0.7282 1.0557, -0.315 0.7246 1.0937, -0.4724 0.7246 1.0937, -0.315 0.7178 1.1247, -0.4724 0.7178 1.1247, -0.315 0.7175 1.1258, -0.4724 0.7175 1.1258, -0.315 0.7045 1.1628, -0.4724 0.7045 1.1628, -0.315 0.6909 1.1898, -0.4724 0.6909 1.1898, -0.315 0.687 1.1975, -0.4724 0.687 1.1975, -0.315 0.6753 1.2159, -0.4724 0.6753 1.2159, -0.315 0.6515 1.246, -0.4724 0.6514 1.246, -0.315 0.6493 1.2482, -0.4724 0.6493 1.2482, -0.4724 0.6486 1.2489, -0.315 0.6486 1.2489, -0.315 0.6389 1.259, -0.4724 0.6389 1.259, -0.315 0.6092 1.2842, -0.4724 0.6092 1.2842, -0.315 0.595 1.2934, -0.4724 0.595 1.2934, -0.315 0.577 1.305, -0.4724 0.577 1.305, -0.315 0.5423 1.3216, -0.4724 0.5423 1.3216, -0.315 0.5326 1.3246, -0.4724 0.5326 1.3246, -0.315 0.505 1.3332, -0.4724 0.505 1.3332, -0.315 0.466 1.3403, -0.4724 0.466 1.3403, -0.315 0.4649 1.3404, -0.4724 0.4649 1.3404, -0.315 0.446 1.3421, -0.4724 0.446 1.3421, -0.315 0.4441 1.3422, -0.4724 0.4441 1.3422, -0.4724 0.4331 1.3425, -0.315 0.4331 1.3425, -0.4921 0.4395 1.1653, -0.4921 0.4331 1.1654, -0.4921 0.4331 1.3228, -0.4921 0.4449 1.3225, -0.4921 0.4636 1.3208, -0.4921 0.4602 1.1627, -0.4921 0.5004 1.3141, -0.4921 0.4804 1.1554, -0.4921 0.7085 1.0551, -0.4921 0.5511 1.0506, -0.4921 0.7052 1.0905, -0.4921 0.549 1.0695, -0.4921 0.6986 1.1205, -0.4921 0.5425 1.0914, -0.4921 0.5217 1.1253, -0.4921 0.6591 1.2047, -0.4921 0.5349 1.107, -0.4921 0.6701 1.1875, -0.4921 0.6864 1.1551, -0.4921 0.5351 1.3033, -0.4921 0.5674 1.2879, -0.4921 0.4976 1.1462, -0.4921 0.5975 1.2684, -0.4921 0.5154 1.132, -0.4921 0.6251 1.2449, -0.4921 0.6369 1.2327, -0.4724 0.5533 0.2868, -0.315 0.5533 0.2868, -0.2953 0.7304 0.2919, -0.2953 0.573 0.2874, -0.4724 0.7501 0.2925, -0.315 0.7501 0.2925, -0.4921 0.573 0.2874, -0.4921 0.7304 0.2919, -0.315 0.5604 0.2304, -0.4724 0.5604 0.2304, -0.315 0.5663 0.2125, -0.4724 0.5663 0.2125, -0.315 0.5782 0.1764, -0.4724 0.5782 0.1764, -0.315 0.5967 0.1434, -0.4724 0.5967 0.1434, -0.315 0.6059 0.1269, -0.4724 0.6059 0.1269, -0.315 0.6427 0.0835, -0.4724 0.6427 0.0835, -0.315 0.6871 0.048, -0.4724 0.6871 0.048, -0.315 0.7038 0.0392, -0.4724 0.7038 0.0392, -0.315 0.7374 0.0217, -0.4724 0.7374 0.0217, -0.315 0.7738 0.0109, -0.4724 0.7738 0.0109, -0.315 0.7919 0.0055, -0.4724 0.7919 0.0055, -0.315 0.8485 0.0, -0.4724 0.8485 0.0, -0.2953 0.7351 0.262, -0.2953 0.8485 0.0197, -0.2953 0.8485 0.1772, -0.2953 0.7957 0.0248, -0.2953 0.8184 0.181, -0.2953 0.7448 0.0399, -0.2953 0.7904 0.1924, -0.2953 0.5796 0.2348, -0.2953 0.5962 0.1844, -0.2953 0.7473 0.2343, -0.2953 0.6221 0.1381, -0.2953 0.7662 0.2106, -0.2953 0.6564 0.0976, -0.2953 0.6978 0.0645, -0.315 0.8485 0.1969, -0.4724 0.8485 0.1969, -0.315 0.8234 0.2001, -0.4724 0.8234 0.2001, -0.315 0.8001 0.2096, -0.4724 0.8001 0.2096, -0.315 0.7799 0.2247, -0.4724 0.7799 0.2247, -0.315 0.7642 0.2444, -0.4724 0.7642 0.2444, -0.315 0.754 0.2675, -0.4724 0.754 0.2675, -0.4921 0.8184 0.181, -0.4921 0.8485 0.1772, -0.4921 0.8485 0.0197, -0.4921 0.5796 0.2348, -0.4921 0.7351 0.262, -0.4921 0.5962 0.1844, -0.4921 0.7473 0.2343, -0.4921 0.7957 0.0248, -0.4921 0.7448 0.0399, -0.4921 0.7904 0.1924, -0.4921 0.6978 0.0645, -0.4921 0.7662 0.2106, -0.4921 0.6564 0.0976, -0.4921 0.6221 0.1381, -0.4724 1.4961 0.0, -0.315 1.4961 0.0, -0.2953 1.4961 0.1772, -0.2953 1.4961 0.0197, -0.315 1.4961 0.1969, -0.4724 1.4961 0.1969, -0.4921 1.4961 0.0197, -0.4921 1.4961 0.1772, -0.4309 1.6535 0.0422, -0.4309 1.6535 0.1547, -0.3565 1.6535 0.0422, -0.3565 1.6535 0.1547, -0.4493 1.6535 0.1406, -0.4485 1.6535 0.143, -0.4485 1.6535 0.0538, -0.4359 1.6535 0.0428, -0.4493 1.6535 0.0562, -0.4499 1.6535 0.0612, -0.4499 1.6535 0.1356, -0.3375 1.6535 0.1356, -0.3375 1.6535 0.0612, -0.3515 1.6535 0.0428, -0.3469 1.6535 0.0447, -0.3491 1.6535 0.0436, -0.3389 1.6535 0.0538, -0.3515 1.6535 0.154, -0.3389 1.6535 0.143, -0.3381 1.6535 0.1406, -0.3491 1.6535 0.1532, -0.3469 1.6535 0.1521, -0.34 1.6535 0.1452, -0.3381 1.6535 0.0562, -0.4383 1.6535 0.0436, -0.4405 1.6535 0.0447, -0.4474 1.6535 0.0516, -0.4426 1.6535 0.0461, -0.4461 1.6535 0.0495, -0.4444 1.6535 0.0477, -0.4444 1.6535 0.1492, -0.4426 1.6535 0.1508, -0.4461 1.6535 0.1473, -0.4405 1.6535 0.1521, -0.4474 1.6535 0.1452, -0.4383 1.6535 0.1532, -0.4359 1.6535 0.154, -0.3413 1.6535 0.1473, -0.3448 1.6535 0.1508, -0.343 1.6535 0.1492, -0.34 1.6535 0.0516, -0.3413 1.6535 0.0495, -0.3448 1.6535 0.0461, -0.343 1.6535 0.0477, -0.4724 0.2362 1.1457, -0.315 0.2362 1.1457, -0.4724 0.1456 1.1457, -0.315 0.1456 1.1457, -0.4724 -0.0342 1.1457, -0.315 -0.0342 1.1457, -0.4724 -0.5709 1.1457, -0.315 -0.5709 1.1457, -0.4724 -0.8412 1.1457, -0.315 -0.8412 1.1457, -0.4724 -1.0967 1.1457, -0.315 -1.0967 1.1457, -0.4724 -1.378 1.1457, -0.315 -1.378 1.1457, -0.4921 0.2362 1.3228, -0.4921 0.2362 1.1654, -0.4921 0.1463 1.3228, -0.4921 0.1456 1.1654, -0.4921 -0.1498 1.3228, -0.4921 -0.5709 1.3228, -0.4921 -0.5709 1.1654, -0.4921 -1.378 1.3228, -0.4921 -1.0967 1.1654, -0.4921 -1.378 1.1654, -0.315 0.2362 1.3425, -0.4724 0.2362 1.3425, -0.315 0.1463 1.3425, -0.4724 0.1463 1.3425, -0.315 -0.0342 1.3425, -0.4724 -0.0342 1.3425, -0.315 -0.1498 1.3425, -0.4724 -0.1498 1.3425, -0.315 -0.5709 1.3425, -0.4724 -0.5709 1.3425, -0.315 -0.8412 1.3425, -0.4724 -0.8412 1.3425, -0.4724 -1.378 1.3425, -0.315 -1.378 1.3425, -0.2953 0.2362 1.1654, -0.2953 0.2362 1.3228, -0.2953 0.1463 1.3228, -0.2953 0.1456 1.1654, -0.2953 -0.1498 1.3228, -0.2953 -0.5709 1.1654, -0.2953 -0.5709 1.3228, -0.2953 -1.0967 1.1654, -0.2953 -1.378 1.3228, -0.2953 -1.378 1.1654, -0.4405 -1.5354 1.1904, -0.4383 -1.5354 1.1893, -0.4485 -1.5354 1.1995, -0.4499 -1.5354 1.2069, -0.3375 -1.5354 1.2069, -0.4499 -1.5354 1.2813, -0.3375 -1.5354 1.2813, -0.3565 -1.5354 1.1879, -0.4309 -1.5354 1.1879, -0.4359 -1.5354 1.1885, -0.3469 -1.5354 1.2978, -0.3491 -1.5354 1.2989, -0.3389 -1.5354 1.2887, -0.4493 -1.5354 1.2019, -0.4309 -1.5354 1.3003, -0.3565 -1.5354 1.3003, -0.3515 -1.5354 1.2997, -0.3515 -1.5354 1.1885, -0.3491 -1.5354 1.1893, -0.3381 -1.5354 1.2019, -0.3389 -1.5354 1.1995, -0.3381 -1.5354 1.2863, -0.4359 -1.5354 1.2997, -0.4485 -1.5354 1.2887, -0.4493 -1.5354 1.2863, -0.4383 -1.5354 1.2989, -0.4405 -1.5354 1.2978, -0.4474 -1.5354 1.2909, -0.4474 -1.5354 1.1973, -0.4461 -1.5354 1.1952, -0.4426 -1.5354 1.1917, -0.4444 -1.5354 1.1934, -0.34 -1.5354 1.1973, -0.3469 -1.5354 1.1904, -0.3413 -1.5354 1.1952, -0.3448 -1.5354 1.1917, -0.343 -1.5354 1.1934, -0.34 -1.5354 1.2909, -0.3413 -1.5354 1.293, -0.3448 -1.5354 1.2965, -0.343 -1.5354 1.2948, -0.4461 -1.5354 1.293, -0.4426 -1.5354 1.2965, -0.4444 -1.5354 1.2948, -0.3143 -1.378 1.1457, -0.4731 -1.378 1.1457, -0.4921 -1.378 1.1647, -0.4921 -1.378 1.3235, -0.2953 -1.378 1.3235, -0.2953 -1.378 1.1647, -0.4731 -1.378 1.3425, -0.3143 -1.378 1.3425, -0.3143 1.4961 0.1968, -0.4731 1.4961 0.1968, -0.2953 1.4961 0.019, -0.2953 1.4961 0.1778, -0.4921 1.4961 0.1778, -0.4921 1.4961 0.019, -0.4731 1.4961 0.0, -0.3143 1.4961 0.0, -0.4775 0.4557 1.1442, -0.4787 0.4331 1.1467, -0.4829 0.4331 1.1487, -0.4823 0.439 1.1482, -0.489 0.4331 1.1547, -0.4894 0.4331 1.1556, -0.4895 0.4392 1.1554, -0.4916 0.4331 1.1607, -0.491 0.4331 1.1588, -0.4914 0.4331 1.1603, -0.4915 0.4394 1.1602, -0.4878 0.4331 1.1531, -0.4845 0.4331 1.1498, -0.4863 0.4331 1.1515, -0.4864 0.4391 1.1513, -0.4775 0.4389 1.1463, -0.4775 0.4331 1.1464, -0.4768 0.4331 1.1461, -0.4775 0.4728 1.138, -0.4775 0.4872 1.1302, -0.4775 0.5021 1.1183, -0.4775 0.5074 1.1128, -0.4775 0.5185 1.0974, -0.4775 0.5249 1.0843, -0.4915 0.459 1.1577, -0.4915 0.4784 1.1508, -0.4915 0.4948 1.1419, -0.4915 0.5118 1.1283, -0.4915 0.5179 1.1219, -0.4915 0.5305 1.1044, -0.4915 0.5378 1.0895, -0.4915 0.544 1.0686, -0.4895 0.4579 1.1531, -0.4864 0.4569 1.1492, -0.4895 0.4765 1.1464, -0.4864 0.4748 1.1427, -0.4895 0.4922 1.1379, -0.4864 0.49 1.1345, -0.4895 0.5085 1.1249, -0.4864 0.5057 1.122, -0.4895 0.5143 1.1188, -0.4864 0.5112 1.1161, -0.4895 0.5264 1.102, -0.4864 0.5229 1.1, -0.4895 0.5334 1.0877, -0.4864 0.5296 1.0862, -0.4895 0.5394 1.0676, -0.4864 0.5354 1.0669, -0.4823 0.4561 1.1461, -0.4823 0.4736 1.1398, -0.4823 0.4883 1.1319, -0.4823 0.5035 1.1197, -0.4823 0.5089 1.1141, -0.4823 0.5202 1.0984, -0.4823 0.5267 1.085, -0.4823 0.5323 1.0663, -0.4775 0.5304 1.0659, -0.4916 0.5468 1.0505, -0.4915 0.546 1.0505, -0.49 0.5426 1.0504, -0.4895 0.5413 1.0503, -0.4877 0.539 1.0503, -0.4864 0.5372 1.0502, -0.4846 0.5359 1.0502, -0.4823 0.5341 1.0501, -0.4809 0.5335 1.0501, -0.4775 0.5321 1.0501, -0.4768 0.532 1.0501, -0.4768 0.5539 0.2868, -0.4775 0.554 0.2868, -0.4809 0.5554 0.2869, -0.4823 0.5559 0.2869, -0.4846 0.5577 0.287, -0.4864 0.5591 0.287, -0.4877 0.5608 0.287, -0.4895 0.5631 0.2871, -0.49 0.5645 0.2871, -0.4915 0.5679 0.2872, -0.4916 0.5686 0.2873, -0.4768 0.8485 0.0006, -0.4775 0.792 0.0061, -0.4775 0.8485 0.0007, -0.4775 0.6874 0.0486, -0.4775 0.7377 0.0223, -0.4775 0.5611 0.2306, -0.4775 0.5788 0.1767, -0.4775 0.6432 0.084, -0.4775 0.6065 0.1272, -0.4846 0.8485 0.0044, -0.4823 0.8485 0.0026, -0.4823 0.7924 0.0081, -0.4809 0.8485 0.0021, -0.4823 0.563 0.231, -0.4823 0.5806 0.1775, -0.4823 0.6081 0.1284, -0.4823 0.6445 0.0854, -0.4823 0.6885 0.0502, -0.4823 0.7384 0.0241, -0.4864 0.793 0.0111, -0.4864 0.8485 0.0058, -0.4864 0.7396 0.027, -0.4864 0.6902 0.0528, -0.4864 0.6467 0.0877, -0.4864 0.6107 0.1302, -0.4864 0.5834 0.1788, -0.4864 0.566 0.2317, -0.49 0.8485 0.0112, -0.4895 0.8485 0.0098, -0.4895 0.7938 0.0151, -0.4877 0.8485 0.0075, -0.4895 0.57 0.2326, -0.4895 0.5872 0.1804, -0.4895 0.614 0.1325, -0.4895 0.6495 0.0906, -0.4895 0.6924 0.0563, -0.4895 0.7411 0.0308, -0.4916 0.8485 0.0153, -0.4915 0.8485 0.0146, -0.4915 0.7947 0.0198, -0.4915 0.7429 0.0352, -0.4915 0.695 0.0602, -0.4915 0.6529 0.094, -0.4915 0.6179 0.1352, -0.4915 0.5915 0.1823, -0.4915 0.5746 0.2336, -0.4915 1.4965 0.0153, -0.4913 1.4966 0.0142, -0.49 1.4968 0.0112, -0.4894 1.497 0.0097, -0.4877 1.497 0.0075, -0.4864 1.4971 0.0058, -0.4846 1.497 0.0044, -0.4825 1.497 0.0027, -0.4809 1.4968 0.0021, -0.478 1.4966 0.0008, -0.4768 1.4965 0.0006, -0.3043 0.4331 1.1488, -0.3052 0.4331 1.1484, -0.3051 0.439 1.1482, -0.3103 0.4331 1.1462, -0.3084 0.4331 1.1468, -0.3099 0.4389 1.1462, -0.3099 0.4331 1.1464, -0.3027 0.4331 1.15, -0.2994 0.4331 1.1533, -0.3011 0.4331 1.1515, -0.301 0.4391 1.1513, -0.2963 0.4331 1.1591, -0.2983 0.4331 1.1549, -0.2979 0.4392 1.1554, -0.2958 0.4331 1.161, -0.2959 0.4394 1.1602, -0.296 0.4331 1.1603, -0.3099 0.4557 1.1442, -0.3099 0.4728 1.138, -0.3099 0.4872 1.1302, -0.3099 0.5021 1.1183, -0.3099 0.5074 1.1128, -0.3099 0.5185 1.0974, -0.3099 0.5249 1.0843, -0.3099 0.5304 1.0659, -0.3099 0.5321 1.0501, -0.3051 0.4562 1.1461, -0.3051 0.4736 1.1398, -0.3051 0.4883 1.1319, -0.3051 0.5035 1.1197, -0.3051 0.5089 1.1141, -0.3051 0.5202 1.0984, -0.3051 0.5267 1.0851, -0.3051 0.5323 1.0663, -0.3051 0.5341 1.0501, -0.301 0.4569 1.1491, -0.301 0.4749 1.1427, -0.301 0.49 1.1345, -0.301 0.5057 1.122, -0.301 0.5112 1.1161, -0.301 0.5229 1.1, -0.301 0.5296 1.0862, -0.301 0.5354 1.0669, -0.301 0.5372 1.0502, -0.2979 0.4579 1.1531, -0.2979 0.4765 1.1464, -0.2979 0.4923 1.1379, -0.2979 0.5085 1.1249, -0.2979 0.5143 1.1188, -0.2979 0.5264 1.102, -0.2979 0.5334 1.0878, -0.2979 0.5394 1.0677, -0.2979 0.5413 1.0503, -0.2959 0.459 1.1577, -0.2959 0.4784 1.1508, -0.2959 0.4949 1.1419, -0.2959 0.5118 1.1283, -0.2959 0.5179 1.1219, -0.2959 0.5305 1.1044, -0.2959 0.5378 1.0895, -0.2959 0.544 1.0686, -0.2959 0.546 1.0505, -0.2959 0.5679 0.2872, -0.2979 0.5631 0.2871, -0.301 0.5591 0.287, -0.3051 0.5559 0.2869, -0.3099 0.554 0.2868, -0.2959 0.5746 0.2336, -0.2979 0.57 0.2326, -0.3051 0.563 0.231, -0.3099 0.6065 0.1272, -0.3099 0.5788 0.1767, -0.3099 0.5611 0.2306, -0.3099 0.792 0.0061, -0.3099 0.7377 0.0223, -0.3099 0.6432 0.084, -0.3099 0.6874 0.0486, -0.3106 0.8485 0.0006, -0.3099 0.8485 0.0007, -0.3065 0.8485 0.0021, -0.3051 0.7924 0.0081, -0.3051 0.7384 0.0241, -0.3051 0.6885 0.0502, -0.3051 0.6445 0.0854, -0.3051 0.6081 0.1284, -0.3051 0.5806 0.1775, -0.301 0.566 0.2317, -0.301 0.5834 0.1788, -0.301 0.6107 0.1302, -0.301 0.6467 0.0877, -0.301 0.6902 0.0528, -0.301 0.7396 0.027, -0.301 0.793 0.0111, -0.3051 0.8485 0.0026, -0.3028 0.8485 0.0044, -0.301 0.8485 0.0058, -0.2997 0.8485 0.0075, -0.2979 0.7938 0.0151, -0.2979 0.7411 0.0308, -0.2979 0.6924 0.0563, -0.2979 0.6495 0.0906, -0.2979 0.614 0.1325, -0.2979 0.5872 0.1804, -0.2959 0.5915 0.1823, -0.2959 0.6179 0.1352, -0.2959 0.6529 0.094, -0.2959 0.695 0.0602, -0.2959 0.7429 0.0352, -0.2959 0.7947 0.0198, -0.2979 0.8485 0.0098, -0.2974 0.8485 0.0112, -0.2959 0.8485 0.0146, -0.2959 0.8485 0.0153, -0.3106 1.4965 0.0006, -0.3094 1.4966 0.0008, -0.3065 1.4968 0.0021, -0.3049 1.497 0.0027, -0.3028 1.497 0.0044, -0.301 1.4971 0.0058, -0.2997 1.497 0.0075, -0.298 1.497 0.0097, -0.2974 1.4968 0.0112, -0.2961 1.4966 0.0142, -0.2959 1.4965 0.0153, -0.3099 0.6384 1.2585, -0.3099 0.5767 1.3045, -0.3099 0.5049 1.3326, -0.2958 0.4331 1.3275, -0.2959 0.4452 1.3276, -0.296 0.4331 1.3279, -0.2964 0.4331 1.3294, -0.2979 0.4454 1.3323, -0.298 0.4331 1.3326, -0.2984 0.4331 1.3335, -0.301 0.4456 1.3364, -0.2996 0.4331 1.3351, -0.3051 0.4458 1.3395, -0.3029 0.4331 1.3384, -0.3011 0.4331 1.3367, -0.3106 0.4331 1.342, -0.3099 0.4331 1.3418, -0.3099 0.4459 1.3415, -0.3087 0.4331 1.3415, -0.3045 0.4331 1.3395, -0.3099 0.466 1.3397, -0.3051 0.4657 1.3377, -0.301 0.4653 1.3346, -0.2979 0.4648 1.3306, -0.2959 0.4643 1.3259, -0.3051 0.5044 1.3307, -0.301 0.5037 1.3276, -0.2979 0.5027 1.3237, -0.2959 0.5016 1.3191, -0.3099 0.5421 1.3209, -0.3051 0.5414 1.3191, -0.301 0.5402 1.3162, -0.2979 0.5387 1.3124, -0.2959 0.537 1.308, -0.3051 0.5757 1.3027, -0.301 0.5742 1.3, -0.2979 0.5722 1.2965, -0.2959 0.5699 1.2923, -0.3099 0.6088 1.2837, -0.3051 0.6077 1.2821, -0.301 0.6058 1.2796, -0.2979 0.6034 1.2763, -0.2959 0.6005 1.2725, -0.3051 0.637 1.2571, -0.301 0.6348 1.2549, -0.2979 0.632 1.2519, -0.2959 0.6287 1.2485, -0.3099 0.651 1.2455, -0.3051 0.6495 1.2442, -0.301 0.6472 1.2421, -0.2979 0.6442 1.2393, -0.2959 0.6406 1.2362, -0.3099 0.6747 1.2156, -0.3051 0.6731 1.2144, -0.301 0.6705 1.2127, -0.2979 0.6672 1.2103, -0.2959 0.6633 1.2076, -0.2959 0.6744 1.1901, -0.2979 0.6785 1.1925, -0.301 0.6821 1.1946, -0.3051 0.6848 1.1962, -0.3099 0.6864 1.1972, -0.2959 0.6911 1.1571, -0.2959 0.7035 1.1219, -0.2979 0.6955 1.1589, -0.2979 0.708 1.1231, -0.301 0.6992 1.1605, -0.301 0.712 1.1242, -0.3051 0.7021 1.1618, -0.3051 0.715 1.1251, -0.3099 0.7039 1.1625, -0.3099 0.7169 1.1256, -0.3099 0.7239 1.0936, -0.3051 0.722 1.0932, -0.301 0.7189 1.0927, -0.2979 0.7149 1.0921, -0.2959 0.7102 1.0913, -0.3099 0.7276 1.0557, -0.3051 0.7256 1.0556, -0.301 0.7225 1.0555, -0.2979 0.7184 1.0554, -0.2959 0.7136 1.0553, -0.3099 0.7494 0.2924, -0.3051 0.7474 0.2924, -0.301 0.7443 0.2923, -0.2979 0.7402 0.2922, -0.2959 0.7355 0.292, -0.2959 0.74 0.2634, -0.2979 0.7446 0.2648, -0.301 0.7485 0.2659, -0.3051 0.7515 0.2668, -0.3099 0.7534 0.2674, -0.2959 0.7517 0.2369, -0.2979 0.7558 0.2394, -0.301 0.7592 0.2415, -0.3051 0.7619 0.2431, -0.3099 0.7636 0.2441, -0.2959 0.7697 0.2142, -0.2979 0.773 0.2176, -0.301 0.7759 0.2206, -0.3051 0.778 0.2228, -0.3099 0.7794 0.2242, -0.2959 0.7929 0.1969, -0.2979 0.7952 0.201, -0.301 0.7972 0.2046, -0.3051 0.7988 0.2073, -0.3099 0.7997 0.209, -0.2959 0.8197 0.186, -0.2979 0.8209 0.1906, -0.301 0.822 0.1945, -0.3051 0.8228 0.1975, -0.3099 0.8233 0.1994, -0.2959 0.8485 0.1823, -0.2979 0.8485 0.187, -0.301 0.8485 0.1911, -0.3051 0.8485 0.1942, -0.3099 0.8485 0.1962, -0.3099 1.4966 0.1961, -0.3094 1.4966 0.1961, -0.3051 1.4969 0.1942, -0.3049 1.497 0.1941, -0.301 1.4971 0.1911, -0.298 1.497 0.1872, -0.2979 1.4969 0.187, -0.2961 1.4966 0.1827, -0.296 1.4966 0.1823, -0.3099 -0.1498 1.3418, -0.2959 -0.5709 1.3279, -0.2957 -1.3784 1.3268, -0.296 -1.3785 1.3279, -0.2962 -1.3785 1.3283, -0.2979 -0.5709 1.3327, -0.2971 -1.3788 1.3312, -0.3022 -1.379 1.3379, -0.3011 -1.379 1.3367, -0.301 -0.5709 1.3368, -0.3008 -1.379 1.3365, -0.298 -1.3789 1.3329, -0.3079 -1.3787 1.3412, -0.3061 -1.3788 1.3404, -0.3051 -0.5709 1.3399, -0.3052 -1.3788 1.3398, -0.305 -1.3788 1.3397, -0.3099 -0.5709 1.3418, -0.3124 -1.3782 1.3423, -0.3099 -1.3785 1.3417, -0.3095 -1.3785 1.3416, -0.2959 0.1463 1.3279, -0.2959 0.2362 1.3279, -0.2979 0.1463 1.3327, -0.2979 0.2362 1.3327, -0.301 0.1463 1.3368, -0.301 0.2362 1.3368, -0.3051 0.1463 1.3399, -0.3051 0.2362 1.3399, -0.3099 0.1463 1.3418, -0.3099 0.2362 1.3418, -0.2959 -0.1498 1.3279, -0.2979 -0.1498 1.3327, -0.301 -0.1498 1.3368, -0.3051 -0.1498 1.3399, -0.4775 0.1463 1.3418, -0.4775 -0.5709 1.3418, -0.4775 -1.3785 1.3418, -0.4764 -1.3784 1.3421, -0.4779 -1.3785 1.3416, -0.4823 -0.5709 1.3399, -0.4808 -1.3788 1.3407, -0.4875 -1.379 1.3356, -0.4864 -1.379 1.3367, -0.4864 -0.5709 1.3368, -0.4861 -1.379 1.337, -0.4825 -1.3789 1.3398, -0.4908 -1.3787 1.3299, -0.49 -1.3788 1.3317, -0.4895 -0.5709 1.3327, -0.4894 -1.3788 1.3326, -0.4893 -1.3788 1.3328, -0.4915 -0.5709 1.3279, -0.492 -1.3782 1.3254, -0.4913 -1.3785 1.3279, -0.4912 -1.3785 1.3283, -0.4775 0.2362 1.3418, -0.4823 0.1463 1.3399, -0.4823 0.2362 1.3399, -0.4864 0.1463 1.3368, -0.4864 0.2362 1.3368, -0.4895 0.1463 1.3327, -0.4895 0.2362 1.3327, -0.4915 0.1463 1.3279, -0.4915 0.2362 1.3279, -0.4775 -0.1498 1.3418, -0.4823 -0.1498 1.3399, -0.4864 -0.1498 1.3368, -0.4895 -0.1498 1.3327, -0.4915 -0.1498 1.3279, -0.3099 0.1456 1.1463, -0.3099 -0.5709 1.1463, -0.3099 -1.0967 1.1463, -0.311 -1.3784 1.1461, -0.3099 -1.3785 1.1464, -0.3095 -1.3785 1.1466, -0.3051 -1.0967 1.1483, -0.3066 -1.3788 1.1475, -0.2999 -1.379 1.1526, -0.3011 -1.379 1.1514, -0.301 -1.0967 1.1514, -0.3013 -1.379 1.1512, -0.3049 -1.3789 1.1484, -0.2966 -1.3787 1.1583, -0.2974 -1.3788 1.1565, -0.2979 -1.0967 1.1555, -0.298 -1.3788 1.1556, -0.2981 -1.3788 1.1554, -0.2959 -1.0967 1.1603, -0.2954 -1.3782 1.1628, -0.2961 -1.3785 1.1603, -0.2962 -1.3785 1.1599, -0.2959 -0.5709 1.1603, -0.2979 -0.5709 1.1555, -0.301 -0.5709 1.1514, -0.3051 -0.5709 1.1483, -0.2959 0.1456 1.1603, -0.2979 0.1456 1.1555, -0.301 0.1456 1.1514, -0.3051 0.1456 1.1483, -0.2959 0.2362 1.1603, -0.2979 0.2362 1.1555, -0.301 0.2362 1.1514, -0.3051 0.2362 1.1483, -0.3099 0.2362 1.1463, -0.4775 -0.5709 1.1463, -0.4915 -1.0967 1.1603, -0.4917 -1.3784 1.1614, -0.4914 -1.3785 1.1603, -0.4912 -1.3785 1.1599, -0.4895 -1.0967 1.1555, -0.4903 -1.3788 1.157, -0.4852 -1.379 1.1503, -0.4864 -1.379 1.1514, -0.4864 -1.0967 1.1514, -0.4866 -1.379 1.1517, -0.4894 -1.3789 1.1553, -0.4795 -1.3787 1.147, -0.4813 -1.3788 1.1478, -0.4823 -1.0967 1.1483, -0.4822 -1.3788 1.1484, -0.4824 -1.3788 1.1485, -0.4775 -1.0967 1.1463, -0.475 -1.3782 1.1458, -0.4775 -1.3785 1.1465, -0.4779 -1.3785 1.1466, -0.4915 -0.5709 1.1603, -0.4895 -0.5709 1.1555, -0.4864 -0.5709 1.1514, -0.4823 -0.5709 1.1483, -0.4775 0.1456 1.1463, -0.4823 0.1456 1.1483, -0.4864 0.1456 1.1514, -0.4895 0.1456 1.1555, -0.4915 0.1456 1.1603, -0.4775 0.2362 1.1463, -0.4823 0.2362 1.1483, -0.4864 0.2362 1.1514, -0.4895 0.2362 1.1555, -0.4915 0.2362 1.1603, -0.4775 0.6384 1.2585, -0.4775 0.6088 1.2837, -0.4771 0.4331 1.342, -0.4775 0.4459 1.3415, -0.4775 0.4331 1.3418, -0.4831 0.4331 1.3394, -0.4822 0.4331 1.3398, -0.4823 0.4458 1.3395, -0.479 0.4331 1.3414, -0.4863 0.4331 1.3367, -0.4847 0.4331 1.3382, -0.4864 0.4456 1.3364, -0.4911 0.4331 1.3291, -0.4891 0.4331 1.3333, -0.4895 0.4454 1.3323, -0.488 0.4331 1.3349, -0.4916 0.4331 1.3272, -0.4914 0.4331 1.3279, -0.4915 0.4452 1.3276, -0.4775 0.4659 1.3397, -0.4775 0.5421 1.3209, -0.4775 0.5049 1.3326, -0.4775 0.5767 1.3045, -0.4775 0.6509 1.2455, -0.4775 0.6747 1.2156, -0.4775 0.6864 1.1972, -0.4775 0.7039 1.1625, -0.4775 0.7239 1.0936, -0.4775 0.7169 1.1256, -0.4823 0.4657 1.3377, -0.4864 0.4653 1.3346, -0.4823 0.5044 1.3307, -0.4864 0.5037 1.3276, -0.4823 0.5414 1.3191, -0.4864 0.5402 1.3162, -0.4823 0.5757 1.3027, -0.4864 0.5742 1.3, -0.4823 0.6076 1.2821, -0.4864 0.6058 1.2796, -0.4823 0.637 1.2571, -0.4864 0.6348 1.2549, -0.4823 0.6495 1.2442, -0.4864 0.6472 1.2421, -0.4823 0.6731 1.2144, -0.4864 0.6705 1.2127, -0.4823 0.6847 1.1962, -0.4864 0.682 1.1946, -0.4823 0.7021 1.1618, -0.4864 0.6992 1.1605, -0.4823 0.715 1.1251, -0.4864 0.712 1.1243, -0.4823 0.722 1.0932, -0.4864 0.7189 1.0927, -0.4895 0.4648 1.3306, -0.4915 0.4642 1.3259, -0.4895 0.5027 1.3237, -0.4915 0.5016 1.3191, -0.4895 0.5387 1.3124, -0.4915 0.5369 1.308, -0.4895 0.5722 1.2965, -0.4915 0.5699 1.2923, -0.4895 0.6033 1.2763, -0.4915 0.6005 1.2725, -0.4895 0.632 1.2519, -0.4915 0.6287 1.2485, -0.4895 0.6442 1.2394, -0.4915 0.6406 1.2362, -0.4895 0.6672 1.2103, -0.4915 0.6633 1.2076, -0.4895 0.6785 1.1925, -0.4915 0.6744 1.1901, -0.4895 0.6955 1.1589, -0.4915 0.6911 1.1571, -0.4895 0.708 1.1232, -0.4915 0.7035 1.1219, -0.4895 0.7149 1.0921, -0.4915 0.7102 1.0913, -0.4768 0.7277 1.0557, -0.4775 0.7276 1.0557, -0.4809 0.7261 1.0556, -0.4823 0.7256 1.0556, -0.4846 0.7238 1.0556, -0.4864 0.7225 1.0555, -0.4877 0.7207 1.0555, -0.4895 0.7184 1.0554, -0.49 0.717 1.0554, -0.4915 0.7136 1.0553, -0.4916 0.7129 1.0553, -0.4916 0.7348 0.292, -0.4915 0.7355 0.292, -0.49 0.7389 0.2921, -0.4895 0.7402 0.2922, -0.4877 0.7426 0.2922, -0.4864 0.7443 0.2923, -0.4846 0.7457 0.2923, -0.4823 0.7474 0.2924, -0.4809 0.748 0.2924, -0.4775 0.7494 0.2924, -0.4768 0.7495 0.2924, -0.4915 0.74 0.2634, -0.4895 0.7446 0.2648, -0.4864 0.7485 0.2659, -0.4823 0.7515 0.2668, -0.4915 0.8485 0.1823, -0.4915 0.8197 0.186, -0.4895 0.8485 0.187, -0.4895 0.8209 0.1906, -0.4864 0.8485 0.1911, -0.4864 0.822 0.1945, -0.4823 0.8485 0.1942, -0.4823 0.8228 0.1975, -0.4775 0.8485 0.1962, -0.4775 0.8233 0.1994, -0.4915 0.7929 0.1969, -0.4895 0.7952 0.201, -0.4864 0.7972 0.2046, -0.4823 0.7988 0.2073, -0.4775 0.7997 0.209, -0.4915 0.7697 0.2142, -0.4895 0.773 0.2176, -0.4864 0.7759 0.2206, -0.4823 0.778 0.2228, -0.4775 0.7794 0.2242, -0.4915 0.7517 0.2369, -0.4895 0.7558 0.2394, -0.4864 0.7592 0.2415, -0.4823 0.7619 0.2431, -0.4775 0.7636 0.2441, -0.4775 0.7534 0.2674, -0.4914 1.4966 0.1823, -0.4913 1.4966 0.1827, -0.4895 1.4969 0.187, -0.4894 1.497 0.1872, -0.4864 1.4971 0.1911, -0.4825 1.497 0.1941, -0.4823 1.4969 0.1942, -0.478 1.4966 0.1961, -0.4775 1.4966 0.1961
            ]
        }
        coordIndex [
            0,1,2,-1,2,1,3,-1,2,3,4,-1,4,3,5,-1,4,5,6,-1,6,5,7,-1,6,7,8,-1,8,7,9,-1,8,9,10,-1,10,9,11,-1,10,11,12,-1,12,11,13,-1,12,13,14,-1,14,13,15,-1,14,15,16,-1,16,15,17,-1,16,17,18,-1,18,17,19,-1,18,19,20,-1,20,19,21,-1,20,21,22,-1,22,21,23,-1,22,23,24,-1,24,23,25,-1,24,25,26,-1,26,25,27,-1,26,27,28,-1,28,27,29,-1,28,29,30,-1,30,29,31,-1,30,31,32,-1,32,31,33,-1,34,35,36,-1,37,38,39,-1,39,38,40,-1,39,40,41,-1,41,40,42,-1,43,44,45,-1,45,44,46,-1,45,46,42,-1,42,46,47,-1,42,47,41,-1,36,48,34,-1,34,48,49,-1,34,49,50,-1,50,49,51,-1,50,51,52,-1,51,53,52,-1,52,53,54,-1,52,54,55,-1,55,54,56,-1,55,56,57,-1,57,56,58,-1,57,58,43,-1,43,58,59,-1,43,59,44,-1,60,61,62,-1,62,61,63,-1,62,63,64,-1,64,63,65,-1,64,65,66,-1,66,65,67,-1,66,67,68,-1,68,67,69,-1,68,69,70,-1,70,69,71,-1,70,71,72,-1,72,71,73,-1,72,73,74,-1,74,73,75,-1,74,75,76,-1,76,75,77,-1,76,77,78,-1,77,79,78,-1,78,79,80,-1,78,80,81,-1,81,80,82,-1,82,80,83,-1,82,83,84,-1,84,83,85,-1,84,85,86,-1,86,85,87,-1,86,87,88,-1,88,87,89,-1,88,89,90,-1,90,89,91,-1,90,91,92,-1,92,91,93,-1,92,93,94,-1,94,93,95,-1,94,95,96,-1,96,95,97,-1,96,97,98,-1,98,97,99,-1,98,99,100,-1,100,99,101,-1,100,101,102,-1,101,103,102,-1,102,103,104,-1,102,104,105,-1,106,107,108,-1,108,109,106,-1,106,109,110,-1,106,110,111,-1,111,110,112,-1,111,112,113,-1,114,115,116,-1,116,115,117,-1,116,117,118,-1,118,117,119,-1,120,121,122,-1,122,121,123,-1,122,123,119,-1,119,123,124,-1,119,124,118,-1,112,125,113,-1,113,125,126,-1,113,126,127,-1,127,126,128,-1,127,128,129,-1,129,128,130,-1,129,130,120,-1,120,130,131,-1,120,131,121,-1,132,133,0,-1,0,133,1,-1,36,35,134,-1,134,35,135,-1,61,60,136,-1,136,60,137,-1,115,114,138,-1,138,114,139,-1,133,132,140,-1,140,132,141,-1,140,141,142,-1,142,141,143,-1,142,143,144,-1,144,143,145,-1,144,145,146,-1,146,145,147,-1,146,147,148,-1,148,147,149,-1,148,149,150,-1,150,149,151,-1,150,151,152,-1,152,151,153,-1,152,153,154,-1,154,153,155,-1,154,155,156,-1,156,155,157,-1,156,157,158,-1,158,157,159,-1,158,159,160,-1,160,159,161,-1,160,161,162,-1,162,161,163,-1,164,134,135,-1,165,166,167,-1,167,166,168,-1,167,168,169,-1,169,168,170,-1,135,171,164,-1,164,171,172,-1,164,172,173,-1,173,172,174,-1,173,174,175,-1,175,174,176,-1,175,176,170,-1,170,176,177,-1,170,177,169,-1,178,179,180,-1,180,179,181,-1,180,181,182,-1,182,181,183,-1,182,183,184,-1,184,183,185,-1,184,185,186,-1,186,185,187,-1,186,187,188,-1,188,187,189,-1,188,189,137,-1,137,189,136,-1,190,191,192,-1,138,139,193,-1,193,139,194,-1,193,194,195,-1,195,194,196,-1,192,197,190,-1,190,197,198,-1,190,198,199,-1,199,198,200,-1,199,200,201,-1,201,200,202,-1,201,202,196,-1,196,202,203,-1,196,203,195,-1,204,205,163,-1,163,205,162,-1,166,165,206,-1,206,165,207,-1,208,209,178,-1,178,209,179,-1,192,191,210,-1,210,191,211,-1,212,213,214,-1,214,213,215,-1,216,217,213,-1,218,212,219,-1,218,220,212,-1,212,220,221,-1,212,221,213,-1,213,221,222,-1,213,222,216,-1,215,223,214,-1,214,223,224,-1,214,224,225,-1,226,227,228,-1,229,230,215,-1,215,230,231,-1,215,231,223,-1,229,232,230,-1,230,232,233,-1,230,233,234,-1,225,224,227,-1,227,224,235,-1,227,235,228,-1,219,236,218,-1,218,236,237,-1,218,237,238,-1,238,237,239,-1,238,239,240,-1,240,239,241,-1,242,243,244,-1,244,243,245,-1,244,245,246,-1,246,245,247,-1,246,247,217,-1,217,247,248,-1,217,248,213,-1,234,233,249,-1,249,233,250,-1,249,250,251,-1,228,252,226,-1,226,252,253,-1,226,253,254,-1,254,253,255,-1,256,257,258,-1,258,257,259,-1,258,259,260,-1,260,259,261,-1,260,261,262,-1,262,261,263,-1,262,263,264,-1,264,263,265,-1,264,265,266,-1,266,265,267,-1,266,267,268,-1,268,267,269,-1,270,271,272,-1,272,271,273,-1,272,273,274,-1,274,273,275,-1,275,273,276,-1,275,276,277,-1,277,276,278,-1,277,278,279,-1,280,281,282,-1,282,281,283,-1,282,283,284,-1,284,283,285,-1,284,285,286,-1,286,285,287,-1,286,287,288,-1,288,287,289,-1,288,289,290,-1,289,291,290,-1,290,291,292,-1,290,292,293,-1,294,295,296,-1,294,296,297,-1,297,296,298,-1,297,298,299,-1,299,298,300,-1,299,300,301,-1,301,300,302,-1,301,302,303,-1,304,305,306,-1,307,308,309,-1,309,308,310,-1,311,308,312,-1,312,308,307,-1,312,307,313,-1,314,315,316,-1,313,307,305,-1,305,307,317,-1,305,317,306,-1,318,309,319,-1,319,309,310,-1,319,310,320,-1,311,321,308,-1,308,321,322,-1,308,322,323,-1,323,322,324,-1,320,310,315,-1,315,310,325,-1,315,325,316,-1,326,327,318,-1,318,327,328,-1,318,328,309,-1,326,329,327,-1,327,329,330,-1,327,330,331,-1,306,332,304,-1,304,332,333,-1,304,333,334,-1,334,333,335,-1,324,322,336,-1,336,322,337,-1,336,337,338,-1,338,337,339,-1,338,339,340,-1,316,341,314,-1,314,341,342,-1,314,342,343,-1,343,342,344,-1,331,330,345,-1,345,330,346,-1,345,346,347,-1,269,348,311,-1,269,311,268,-1,268,311,312,-1,268,312,349,-1,350,307,279,-1,279,307,309,-1,279,309,277,-1,277,309,351,-1,302,352,310,-1,302,310,303,-1,303,310,308,-1,303,308,353,-1,354,318,292,-1,292,318,319,-1,292,319,293,-1,293,319,355,-1,208,356,215,-1,208,215,209,-1,209,215,213,-1,209,213,357,-1,358,224,207,-1,207,224,223,-1,207,223,206,-1,206,223,359,-1,211,360,222,-1,211,222,210,-1,210,222,221,-1,210,221,361,-1,362,212,204,-1,204,212,214,-1,204,214,205,-1,205,214,363,-1,24,26,364,-1,365,366,367,-1,368,369,370,-1,371,107,106,-1,372,373,374,-1,374,373,371,-1,368,370,375,-1,376,377,378,-1,378,377,375,-1,379,380,365,-1,30,32,379,-1,379,32,381,-1,379,381,380,-1,364,26,379,-1,379,26,28,-1,379,28,30,-1,24,364,22,-1,22,364,382,-1,22,382,20,-1,20,382,383,-1,20,383,18,-1,18,383,384,-1,18,384,16,-1,16,384,14,-1,14,384,385,-1,14,385,12,-1,12,385,386,-1,12,386,10,-1,10,386,8,-1,8,386,387,-1,8,387,6,-1,371,106,374,-1,374,106,111,-1,374,111,388,-1,388,111,113,-1,388,113,389,-1,389,113,127,-1,389,127,390,-1,390,127,129,-1,390,129,391,-1,391,129,120,-1,391,120,392,-1,392,120,122,-1,392,122,393,-1,393,122,119,-1,393,119,394,-1,394,119,117,-1,394,117,395,-1,375,370,378,-1,378,370,396,-1,378,396,397,-1,397,396,398,-1,397,398,399,-1,399,398,400,-1,399,400,401,-1,401,400,402,-1,401,402,403,-1,403,402,404,-1,403,404,405,-1,405,404,406,-1,405,406,407,-1,407,406,408,-1,407,408,409,-1,409,408,410,-1,409,410,411,-1,365,367,379,-1,379,367,412,-1,379,412,364,-1,364,412,413,-1,364,413,382,-1,382,413,414,-1,382,414,383,-1,383,414,415,-1,383,415,384,-1,384,415,416,-1,384,416,385,-1,385,416,417,-1,385,417,386,-1,386,417,418,-1,386,418,387,-1,387,418,419,-1,387,419,420,-1,117,115,421,-1,117,421,395,-1,395,421,422,-1,395,422,423,-1,423,410,395,-1,395,410,408,-1,395,408,394,-1,394,408,406,-1,394,406,393,-1,393,406,404,-1,393,404,392,-1,392,404,402,-1,392,402,391,-1,391,402,400,-1,391,400,390,-1,390,400,398,-1,390,398,389,-1,389,398,396,-1,389,396,388,-1,388,396,370,-1,388,370,374,-1,374,370,369,-1,374,369,372,-1,423,424,410,-1,410,424,425,-1,410,425,411,-1,411,425,426,-1,411,426,427,-1,427,419,411,-1,411,419,418,-1,411,418,409,-1,409,418,417,-1,409,417,407,-1,407,417,416,-1,407,416,405,-1,405,416,415,-1,405,415,403,-1,403,415,414,-1,403,414,401,-1,401,414,413,-1,401,413,399,-1,399,413,412,-1,399,412,397,-1,397,412,367,-1,397,367,378,-1,378,367,366,-1,378,366,376,-1,427,428,419,-1,419,428,429,-1,419,429,420,-1,420,429,430,-1,420,430,431,-1,6,387,4,-1,4,387,420,-1,4,420,2,-1,2,420,431,-1,2,431,0,-1,0,431,132,-1,132,431,432,-1,432,431,433,-1,433,431,430,-1,433,430,434,-1,434,430,429,-1,434,429,435,-1,435,429,428,-1,435,428,436,-1,436,428,427,-1,436,427,437,-1,437,427,426,-1,437,426,438,-1,438,426,425,-1,438,425,439,-1,439,425,424,-1,439,424,440,-1,440,424,423,-1,440,423,441,-1,441,423,422,-1,441,422,442,-1,422,421,442,-1,442,421,115,-1,442,115,138,-1,443,163,161,-1,444,445,443,-1,155,446,447,-1,443,161,444,-1,444,161,159,-1,444,159,447,-1,447,159,157,-1,447,157,155,-1,141,448,143,-1,143,448,449,-1,155,153,446,-1,446,153,151,-1,446,151,450,-1,450,151,149,-1,450,149,451,-1,451,149,147,-1,451,147,449,-1,449,147,145,-1,449,145,143,-1,141,132,432,-1,452,453,454,-1,454,453,455,-1,141,432,448,-1,448,432,433,-1,448,433,434,-1,434,456,448,-1,448,456,457,-1,448,457,449,-1,449,457,458,-1,449,458,451,-1,451,458,459,-1,451,459,450,-1,450,459,460,-1,450,460,446,-1,446,460,461,-1,446,461,447,-1,447,461,454,-1,447,454,444,-1,444,454,455,-1,444,455,445,-1,462,463,452,-1,452,454,462,-1,462,454,461,-1,462,461,464,-1,464,461,460,-1,464,460,465,-1,465,460,459,-1,465,459,466,-1,466,459,458,-1,466,458,467,-1,467,458,457,-1,467,457,468,-1,468,457,456,-1,468,456,469,-1,470,471,472,-1,472,471,473,-1,434,435,456,-1,456,435,436,-1,456,436,469,-1,469,436,437,-1,469,437,438,-1,438,474,469,-1,469,474,475,-1,469,475,468,-1,468,475,476,-1,468,476,467,-1,467,476,477,-1,467,477,466,-1,466,477,478,-1,466,478,465,-1,465,478,479,-1,465,479,464,-1,464,479,472,-1,464,472,462,-1,462,472,473,-1,462,473,463,-1,480,481,482,-1,482,481,470,-1,470,472,482,-1,482,472,479,-1,482,479,483,-1,483,479,478,-1,483,478,484,-1,484,478,477,-1,484,477,485,-1,485,477,476,-1,485,476,486,-1,486,476,475,-1,486,475,487,-1,487,475,474,-1,487,474,488,-1,197,192,480,-1,438,439,474,-1,474,439,440,-1,474,440,488,-1,488,440,441,-1,488,441,442,-1,480,482,197,-1,197,482,483,-1,197,483,198,-1,198,483,484,-1,198,484,200,-1,200,484,485,-1,200,485,202,-1,202,485,486,-1,202,486,203,-1,203,486,487,-1,203,487,195,-1,195,487,488,-1,195,488,193,-1,193,488,442,-1,193,442,138,-1,204,163,362,-1,362,163,443,-1,480,192,210,-1,210,361,480,-1,480,361,489,-1,480,489,481,-1,481,489,490,-1,481,490,470,-1,470,490,491,-1,470,491,471,-1,471,491,492,-1,471,492,473,-1,473,492,493,-1,473,493,463,-1,463,493,494,-1,463,494,452,-1,452,494,495,-1,452,495,453,-1,453,495,496,-1,453,496,455,-1,455,496,497,-1,455,497,445,-1,445,497,498,-1,445,498,443,-1,443,498,499,-1,443,499,362,-1,212,362,499,-1,212,499,219,-1,219,499,498,-1,219,498,236,-1,236,498,497,-1,236,497,237,-1,237,497,496,-1,237,496,239,-1,239,496,495,-1,239,495,241,-1,361,221,489,-1,489,221,220,-1,489,220,490,-1,490,220,218,-1,490,218,491,-1,491,218,238,-1,491,238,492,-1,492,238,240,-1,492,240,493,-1,493,240,241,-1,493,241,494,-1,494,241,495,-1,500,501,502,-1,503,33,31,-1,501,504,505,-1,505,504,506,-1,505,506,503,-1,500,502,507,-1,508,509,510,-1,510,509,507,-1,511,512,513,-1,513,512,508,-1,38,514,515,-1,515,514,516,-1,515,516,511,-1,503,31,505,-1,505,31,29,-1,505,29,517,-1,29,27,517,-1,517,27,25,-1,517,25,518,-1,25,23,518,-1,518,23,21,-1,518,21,519,-1,21,19,519,-1,519,19,17,-1,519,17,520,-1,520,17,15,-1,520,15,521,-1,15,13,521,-1,521,13,11,-1,521,11,522,-1,522,11,9,-1,522,9,523,-1,523,9,7,-1,523,7,524,-1,524,7,5,-1,5,3,524,-1,524,3,1,-1,524,1,525,-1,501,505,502,-1,502,505,517,-1,502,517,526,-1,526,517,518,-1,526,518,527,-1,527,518,519,-1,527,519,528,-1,528,519,520,-1,528,520,529,-1,529,520,521,-1,529,521,530,-1,530,521,522,-1,530,522,531,-1,531,522,523,-1,531,523,532,-1,532,523,524,-1,532,524,533,-1,533,524,525,-1,533,525,534,-1,507,502,510,-1,510,502,526,-1,510,526,535,-1,535,526,527,-1,535,527,536,-1,536,527,528,-1,536,528,537,-1,537,528,529,-1,537,529,538,-1,538,529,530,-1,538,530,539,-1,539,530,531,-1,539,531,540,-1,540,531,532,-1,540,532,541,-1,541,532,533,-1,541,533,542,-1,542,533,534,-1,542,534,543,-1,508,510,513,-1,513,510,535,-1,513,535,544,-1,544,535,536,-1,544,536,545,-1,545,536,537,-1,545,537,546,-1,546,537,538,-1,546,538,547,-1,547,538,539,-1,547,539,548,-1,548,539,540,-1,548,540,549,-1,549,540,541,-1,549,541,550,-1,550,541,542,-1,550,542,551,-1,551,542,543,-1,551,543,552,-1,511,513,515,-1,515,513,544,-1,515,544,553,-1,553,544,545,-1,553,545,554,-1,554,545,546,-1,554,546,555,-1,555,546,547,-1,555,547,556,-1,556,547,548,-1,556,548,557,-1,557,548,549,-1,557,549,558,-1,558,549,550,-1,558,550,559,-1,559,550,551,-1,559,551,560,-1,560,551,552,-1,560,552,561,-1,38,515,40,-1,40,515,553,-1,40,553,42,-1,42,553,554,-1,42,554,45,-1,45,554,555,-1,45,555,43,-1,43,555,556,-1,43,556,57,-1,57,556,557,-1,57,557,55,-1,55,557,558,-1,55,558,52,-1,52,558,559,-1,52,559,50,-1,50,559,560,-1,50,560,34,-1,34,560,561,-1,34,561,35,-1,135,35,561,-1,135,561,562,-1,562,561,552,-1,562,552,563,-1,563,552,543,-1,563,543,564,-1,564,543,534,-1,564,534,565,-1,565,534,525,-1,565,525,566,-1,566,525,1,-1,566,1,133,-1,135,562,567,-1,562,563,568,-1,564,565,569,-1,566,133,140,-1,146,570,571,-1,566,140,572,-1,572,140,142,-1,572,142,571,-1,571,142,144,-1,571,144,146,-1,160,573,158,-1,158,573,574,-1,146,148,570,-1,570,148,150,-1,570,150,575,-1,575,150,152,-1,575,152,576,-1,576,152,154,-1,576,154,574,-1,574,154,156,-1,574,156,158,-1,160,162,577,-1,160,577,573,-1,573,577,578,-1,573,578,579,-1,579,580,573,-1,573,580,581,-1,573,581,574,-1,574,581,582,-1,574,582,576,-1,576,582,583,-1,576,583,575,-1,575,583,584,-1,575,584,570,-1,570,584,585,-1,570,585,571,-1,571,585,569,-1,571,569,572,-1,572,569,565,-1,572,565,566,-1,564,569,586,-1,586,569,585,-1,586,585,587,-1,587,585,584,-1,587,584,588,-1,588,584,583,-1,588,583,589,-1,589,583,582,-1,589,582,590,-1,590,582,581,-1,590,581,591,-1,591,581,580,-1,591,580,592,-1,579,593,580,-1,580,593,594,-1,580,594,592,-1,592,594,595,-1,592,595,596,-1,596,597,592,-1,592,597,598,-1,592,598,591,-1,591,598,599,-1,591,599,590,-1,590,599,600,-1,590,600,589,-1,589,600,601,-1,589,601,588,-1,588,601,602,-1,588,602,587,-1,587,602,568,-1,587,568,586,-1,586,568,563,-1,586,563,564,-1,562,568,567,-1,567,568,602,-1,567,602,603,-1,603,602,601,-1,603,601,604,-1,604,601,600,-1,604,600,605,-1,605,600,599,-1,605,599,606,-1,606,599,598,-1,606,598,607,-1,607,598,597,-1,607,597,608,-1,596,609,597,-1,597,609,610,-1,597,610,608,-1,608,610,611,-1,608,611,612,-1,135,567,171,-1,171,567,603,-1,171,603,172,-1,172,603,604,-1,172,604,174,-1,174,604,605,-1,174,605,176,-1,176,605,606,-1,176,606,177,-1,177,606,607,-1,177,607,169,-1,169,607,608,-1,169,608,167,-1,167,608,612,-1,167,612,165,-1,207,165,358,-1,358,165,612,-1,577,162,205,-1,205,363,577,-1,577,363,613,-1,577,613,578,-1,578,613,614,-1,578,614,579,-1,579,614,615,-1,579,615,593,-1,593,615,616,-1,593,616,594,-1,594,616,617,-1,594,617,595,-1,595,617,618,-1,595,618,596,-1,596,618,619,-1,596,619,609,-1,609,619,620,-1,609,620,610,-1,610,620,621,-1,610,621,611,-1,611,621,622,-1,611,622,612,-1,612,622,623,-1,612,623,358,-1,363,214,613,-1,613,214,225,-1,613,225,614,-1,614,225,227,-1,614,227,615,-1,615,227,226,-1,615,226,616,-1,616,226,254,-1,616,254,617,-1,617,254,255,-1,617,255,618,-1,618,255,619,-1,619,255,253,-1,619,253,620,-1,620,253,252,-1,620,252,621,-1,621,252,228,-1,621,228,622,-1,622,228,235,-1,622,235,623,-1,623,235,224,-1,623,224,358,-1,81,82,624,-1,86,88,625,-1,92,94,626,-1,37,39,627,-1,627,39,628,-1,627,628,629,-1,629,628,630,-1,630,628,631,-1,630,631,632,-1,632,631,633,-1,633,631,634,-1,633,634,635,-1,636,637,634,-1,634,637,638,-1,634,638,635,-1,639,640,641,-1,641,640,642,-1,641,642,636,-1,636,642,643,-1,636,643,637,-1,105,639,102,-1,102,639,641,-1,102,641,100,-1,100,641,98,-1,96,98,644,-1,644,98,641,-1,644,641,645,-1,645,641,636,-1,645,636,646,-1,646,636,634,-1,646,634,647,-1,647,634,631,-1,647,631,648,-1,648,631,628,-1,648,628,41,-1,41,628,39,-1,94,96,626,-1,626,96,644,-1,626,644,649,-1,649,644,645,-1,649,645,650,-1,650,645,646,-1,650,646,651,-1,651,646,647,-1,651,647,652,-1,652,647,648,-1,652,648,47,-1,47,648,41,-1,90,92,653,-1,653,92,626,-1,653,626,654,-1,654,626,649,-1,654,649,655,-1,655,649,650,-1,655,650,656,-1,656,650,651,-1,656,651,657,-1,657,651,652,-1,657,652,46,-1,46,652,47,-1,88,90,625,-1,625,90,653,-1,625,653,658,-1,658,653,654,-1,658,654,659,-1,659,654,655,-1,659,655,660,-1,660,655,656,-1,660,656,661,-1,661,656,657,-1,661,657,44,-1,44,657,46,-1,84,86,662,-1,662,86,625,-1,662,625,663,-1,663,625,658,-1,663,658,664,-1,664,658,659,-1,664,659,665,-1,665,659,660,-1,665,660,666,-1,666,660,661,-1,666,661,59,-1,59,661,44,-1,82,84,624,-1,624,84,662,-1,624,662,667,-1,667,662,663,-1,667,663,668,-1,668,663,664,-1,668,664,669,-1,669,664,665,-1,669,665,670,-1,670,665,666,-1,670,666,58,-1,58,666,59,-1,671,76,78,-1,78,81,671,-1,671,81,624,-1,671,624,672,-1,672,624,667,-1,672,667,673,-1,673,667,668,-1,673,668,674,-1,674,668,669,-1,674,669,675,-1,675,669,670,-1,675,670,56,-1,56,670,58,-1,74,76,676,-1,676,76,671,-1,676,671,677,-1,677,671,672,-1,677,672,678,-1,678,672,673,-1,678,673,679,-1,679,673,674,-1,679,674,680,-1,680,674,675,-1,680,675,54,-1,54,675,56,-1,54,53,680,-1,680,53,681,-1,680,681,679,-1,679,681,682,-1,679,682,678,-1,678,682,683,-1,678,683,677,-1,677,683,684,-1,677,684,676,-1,676,684,685,-1,676,685,74,-1,68,70,685,-1,685,70,72,-1,685,72,74,-1,51,49,686,-1,686,49,687,-1,686,687,688,-1,688,687,689,-1,688,689,690,-1,690,689,691,-1,690,691,692,-1,692,691,693,-1,692,693,694,-1,694,693,695,-1,53,51,681,-1,681,51,686,-1,681,686,682,-1,682,686,688,-1,682,688,683,-1,683,688,690,-1,683,690,684,-1,684,690,692,-1,684,692,685,-1,685,692,694,-1,685,694,68,-1,68,694,695,-1,68,695,66,-1,66,695,64,-1,62,64,696,-1,696,64,695,-1,696,695,697,-1,697,695,693,-1,697,693,698,-1,698,693,691,-1,698,691,699,-1,699,691,689,-1,699,689,700,-1,700,689,687,-1,700,687,48,-1,48,687,49,-1,60,62,701,-1,701,62,696,-1,701,696,702,-1,702,696,697,-1,702,697,703,-1,703,697,698,-1,703,698,704,-1,704,698,699,-1,704,699,705,-1,705,699,700,-1,705,700,36,-1,36,700,48,-1,137,60,701,-1,137,701,706,-1,706,701,702,-1,706,702,707,-1,707,702,703,-1,707,703,708,-1,708,703,704,-1,708,704,709,-1,709,704,705,-1,709,705,710,-1,710,705,36,-1,710,36,134,-1,134,164,710,-1,710,164,711,-1,710,711,709,-1,709,711,712,-1,709,712,708,-1,708,712,713,-1,708,713,707,-1,707,713,714,-1,707,714,706,-1,706,714,715,-1,706,715,137,-1,137,715,188,-1,164,173,711,-1,711,173,716,-1,711,716,712,-1,712,716,717,-1,712,717,713,-1,713,717,718,-1,713,718,714,-1,714,718,719,-1,714,719,715,-1,715,719,720,-1,715,720,188,-1,188,720,186,-1,173,175,716,-1,716,175,721,-1,716,721,717,-1,717,721,722,-1,717,722,718,-1,718,722,723,-1,718,723,719,-1,719,723,724,-1,719,724,720,-1,720,724,725,-1,720,725,186,-1,186,725,184,-1,175,170,721,-1,721,170,726,-1,721,726,722,-1,722,726,727,-1,722,727,723,-1,723,727,728,-1,723,728,724,-1,724,728,729,-1,724,729,725,-1,725,729,730,-1,725,730,184,-1,184,730,182,-1,170,168,726,-1,726,168,731,-1,726,731,727,-1,727,731,732,-1,727,732,728,-1,728,732,733,-1,728,733,729,-1,729,733,734,-1,729,734,730,-1,730,734,735,-1,730,735,182,-1,182,735,180,-1,168,166,731,-1,731,166,736,-1,731,736,732,-1,732,736,737,-1,732,737,733,-1,733,737,738,-1,733,738,734,-1,734,738,739,-1,734,739,735,-1,735,739,740,-1,735,740,180,-1,180,740,178,-1,208,178,356,-1,356,178,740,-1,356,740,741,-1,741,740,742,-1,742,740,739,-1,742,739,743,-1,743,739,744,-1,744,739,738,-1,744,738,745,-1,745,738,746,-1,746,738,737,-1,746,737,747,-1,747,737,748,-1,748,737,736,-1,748,736,749,-1,166,206,736,-1,736,206,359,-1,736,359,749,-1,749,359,223,-1,749,223,748,-1,223,231,748,-1,748,231,230,-1,748,230,747,-1,747,230,746,-1,230,234,746,-1,746,234,249,-1,746,249,745,-1,745,249,251,-1,745,251,744,-1,251,250,744,-1,744,250,233,-1,744,233,743,-1,743,233,232,-1,743,232,742,-1,742,232,229,-1,742,229,741,-1,741,229,215,-1,741,215,356,-1,284,286,750,-1,302,300,352,-1,352,300,751,-1,352,751,752,-1,752,751,753,-1,753,751,754,-1,754,751,755,-1,754,755,756,-1,757,758,759,-1,759,758,760,-1,759,760,755,-1,755,760,761,-1,755,761,756,-1,762,763,764,-1,764,763,765,-1,764,765,759,-1,759,765,766,-1,759,766,757,-1,293,355,290,-1,290,355,767,-1,290,767,288,-1,355,768,767,-1,767,768,769,-1,767,769,764,-1,764,769,770,-1,764,770,762,-1,296,295,771,-1,771,295,772,-1,771,772,773,-1,773,772,774,-1,773,774,775,-1,775,774,776,-1,775,776,777,-1,777,776,778,-1,777,778,779,-1,779,778,780,-1,779,780,282,-1,282,780,280,-1,298,296,781,-1,781,296,771,-1,781,771,782,-1,782,771,773,-1,782,773,783,-1,783,773,775,-1,783,775,784,-1,784,775,777,-1,784,777,750,-1,750,777,779,-1,750,779,284,-1,284,779,282,-1,300,298,751,-1,751,298,781,-1,751,781,755,-1,755,781,782,-1,755,782,759,-1,759,782,783,-1,759,783,764,-1,764,783,784,-1,764,784,767,-1,767,784,750,-1,767,750,288,-1,288,750,286,-1,355,319,768,-1,768,319,769,-1,769,319,770,-1,770,319,320,-1,770,320,315,-1,766,765,315,-1,765,763,315,-1,315,763,762,-1,315,762,770,-1,315,314,766,-1,766,314,343,-1,766,343,757,-1,757,343,344,-1,757,344,758,-1,758,344,760,-1,760,344,342,-1,760,342,761,-1,761,342,341,-1,761,341,756,-1,756,341,316,-1,756,316,754,-1,754,316,325,-1,754,325,753,-1,753,325,752,-1,752,325,310,-1,752,310,352,-1,285,283,785,-1,291,289,786,-1,787,788,786,-1,786,788,354,-1,786,354,291,-1,291,354,292,-1,787,786,789,-1,789,786,790,-1,789,790,791,-1,792,793,794,-1,794,793,795,-1,794,795,790,-1,790,795,796,-1,790,796,791,-1,797,798,799,-1,799,798,800,-1,799,800,794,-1,794,800,801,-1,794,801,792,-1,275,277,802,-1,802,277,351,-1,351,803,802,-1,802,803,804,-1,802,804,799,-1,799,804,805,-1,799,805,797,-1,283,281,785,-1,785,281,806,-1,785,806,807,-1,807,806,808,-1,807,808,809,-1,809,808,810,-1,809,810,811,-1,811,810,812,-1,811,812,813,-1,813,812,814,-1,813,814,272,-1,272,814,270,-1,287,285,815,-1,815,285,785,-1,815,785,816,-1,816,785,807,-1,816,807,817,-1,817,807,809,-1,817,809,818,-1,818,809,811,-1,818,811,819,-1,819,811,813,-1,819,813,274,-1,274,813,272,-1,289,287,786,-1,786,287,815,-1,786,815,790,-1,790,815,816,-1,790,816,794,-1,794,816,817,-1,794,817,799,-1,799,817,818,-1,799,818,802,-1,802,818,819,-1,802,819,275,-1,275,819,274,-1,354,788,318,-1,318,788,326,-1,788,787,326,-1,326,787,789,-1,326,789,329,-1,329,789,791,-1,329,791,330,-1,330,791,796,-1,330,796,346,-1,346,796,795,-1,346,795,347,-1,795,793,347,-1,347,793,792,-1,347,792,345,-1,345,792,801,-1,345,801,331,-1,798,797,327,-1,327,797,805,-1,327,805,328,-1,331,801,327,-1,327,801,800,-1,327,800,798,-1,803,351,309,-1,328,805,309,-1,309,805,804,-1,309,804,803,-1,261,259,820,-1,265,263,821,-1,269,267,348,-1,348,267,822,-1,348,822,823,-1,823,822,824,-1,824,822,825,-1,825,822,826,-1,825,826,827,-1,828,829,830,-1,830,829,831,-1,830,831,826,-1,826,831,832,-1,826,832,827,-1,833,834,835,-1,835,834,836,-1,835,836,830,-1,830,836,837,-1,830,837,828,-1,301,303,838,-1,838,303,353,-1,353,839,838,-1,838,839,840,-1,838,840,835,-1,835,840,841,-1,835,841,833,-1,299,301,842,-1,842,301,838,-1,842,838,843,-1,843,838,835,-1,843,835,844,-1,844,835,830,-1,844,830,845,-1,845,830,826,-1,845,826,821,-1,821,826,822,-1,821,822,265,-1,265,822,267,-1,297,299,846,-1,846,299,842,-1,846,842,847,-1,847,842,843,-1,847,843,848,-1,848,843,844,-1,848,844,849,-1,849,844,845,-1,849,845,820,-1,820,845,821,-1,820,821,261,-1,261,821,263,-1,294,297,850,-1,850,297,846,-1,850,846,851,-1,851,846,847,-1,851,847,852,-1,852,847,848,-1,852,848,853,-1,853,848,849,-1,853,849,854,-1,854,849,820,-1,854,820,257,-1,257,820,259,-1,353,308,839,-1,839,308,840,-1,840,308,841,-1,841,308,323,-1,841,323,324,-1,837,836,324,-1,836,834,324,-1,324,834,833,-1,324,833,841,-1,324,336,837,-1,837,336,338,-1,837,338,828,-1,828,338,340,-1,828,340,829,-1,829,340,831,-1,831,340,339,-1,831,339,832,-1,832,339,337,-1,832,337,827,-1,827,337,322,-1,827,322,825,-1,825,322,321,-1,825,321,824,-1,824,321,823,-1,823,321,311,-1,823,311,348,-1,260,262,855,-1,279,278,350,-1,350,278,856,-1,350,856,857,-1,857,856,858,-1,858,856,859,-1,859,856,860,-1,859,860,861,-1,862,863,864,-1,864,863,865,-1,864,865,860,-1,860,865,866,-1,860,866,861,-1,867,868,869,-1,869,868,870,-1,869,870,864,-1,864,870,871,-1,864,871,862,-1,264,266,872,-1,872,266,268,-1,872,268,349,-1,349,873,872,-1,872,873,874,-1,872,874,869,-1,869,874,875,-1,869,875,867,-1,278,276,856,-1,856,276,876,-1,856,876,860,-1,860,876,877,-1,860,877,864,-1,864,877,878,-1,864,878,869,-1,869,878,879,-1,869,879,872,-1,872,879,855,-1,872,855,264,-1,264,855,262,-1,258,260,880,-1,880,260,855,-1,880,855,881,-1,881,855,879,-1,881,879,882,-1,882,879,878,-1,882,878,883,-1,883,878,877,-1,883,877,884,-1,884,877,876,-1,884,876,273,-1,273,876,276,-1,256,258,885,-1,885,258,880,-1,885,880,886,-1,886,880,881,-1,886,881,887,-1,887,881,882,-1,887,882,888,-1,888,882,883,-1,888,883,889,-1,889,883,884,-1,889,884,271,-1,271,884,273,-1,350,857,307,-1,307,857,317,-1,857,858,317,-1,317,858,859,-1,317,859,306,-1,306,859,861,-1,306,861,332,-1,332,861,866,-1,332,866,333,-1,333,866,865,-1,333,865,335,-1,865,863,335,-1,335,863,862,-1,335,862,334,-1,334,862,871,-1,334,871,304,-1,868,867,305,-1,305,867,875,-1,305,875,313,-1,304,871,305,-1,305,871,870,-1,305,870,868,-1,873,349,312,-1,313,875,312,-1,312,875,874,-1,312,874,873,-1,83,890,891,-1,104,103,892,-1,892,103,893,-1,892,893,894,-1,895,896,897,-1,897,896,898,-1,899,900,901,-1,901,900,895,-1,902,903,904,-1,904,903,905,-1,906,907,908,-1,908,907,902,-1,109,108,906,-1,103,101,893,-1,893,101,99,-1,893,99,909,-1,909,99,97,-1,909,97,95,-1,93,910,95,-1,95,910,911,-1,95,911,909,-1,93,91,910,-1,910,91,89,-1,910,89,912,-1,912,89,87,-1,912,87,891,-1,891,87,85,-1,891,85,83,-1,890,83,913,-1,913,83,80,-1,913,80,79,-1,79,77,913,-1,913,77,75,-1,913,75,914,-1,914,75,73,-1,914,73,915,-1,915,73,71,-1,915,71,916,-1,63,917,65,-1,65,917,918,-1,65,918,67,-1,67,918,916,-1,67,916,69,-1,69,916,71,-1,895,897,901,-1,901,897,919,-1,901,919,920,-1,920,919,921,-1,920,921,922,-1,922,921,923,-1,922,923,924,-1,924,923,925,-1,924,925,926,-1,926,925,927,-1,926,927,928,-1,928,927,929,-1,928,929,930,-1,930,929,931,-1,930,931,932,-1,932,931,933,-1,932,933,934,-1,934,933,935,-1,934,935,936,-1,936,935,937,-1,936,937,938,-1,938,937,939,-1,938,939,940,-1,940,939,941,-1,940,941,942,-1,902,904,908,-1,908,904,943,-1,908,943,944,-1,944,943,945,-1,944,945,946,-1,946,945,947,-1,946,947,948,-1,948,947,949,-1,948,949,950,-1,950,949,951,-1,950,951,952,-1,952,951,953,-1,952,953,954,-1,954,953,955,-1,954,955,956,-1,956,955,957,-1,956,957,958,-1,958,957,959,-1,958,959,960,-1,960,959,961,-1,960,961,962,-1,962,961,963,-1,962,963,964,-1,964,963,965,-1,964,965,966,-1,63,61,967,-1,63,967,917,-1,917,967,968,-1,917,968,969,-1,969,941,917,-1,917,941,939,-1,917,939,918,-1,918,939,937,-1,918,937,916,-1,916,937,935,-1,916,935,915,-1,915,935,933,-1,915,933,914,-1,914,933,931,-1,914,931,913,-1,913,931,929,-1,913,929,890,-1,890,929,927,-1,890,927,891,-1,891,927,925,-1,891,925,912,-1,912,925,923,-1,912,923,910,-1,910,923,921,-1,910,921,911,-1,911,921,919,-1,911,919,909,-1,909,919,897,-1,909,897,893,-1,893,897,898,-1,893,898,894,-1,969,970,941,-1,941,970,971,-1,941,971,942,-1,942,971,972,-1,942,972,973,-1,973,965,942,-1,942,965,963,-1,942,963,940,-1,940,963,961,-1,940,961,938,-1,938,961,959,-1,938,959,936,-1,936,959,957,-1,936,957,934,-1,934,957,955,-1,934,955,932,-1,932,955,953,-1,932,953,930,-1,930,953,951,-1,930,951,928,-1,928,951,949,-1,928,949,926,-1,926,949,947,-1,926,947,924,-1,924,947,945,-1,924,945,922,-1,922,945,943,-1,922,943,920,-1,920,943,904,-1,920,904,901,-1,901,904,905,-1,901,905,899,-1,973,974,965,-1,965,974,975,-1,965,975,966,-1,966,975,976,-1,966,976,977,-1,906,908,109,-1,109,908,944,-1,109,944,110,-1,110,944,946,-1,110,946,112,-1,112,946,948,-1,112,948,125,-1,125,948,950,-1,125,950,126,-1,126,950,952,-1,126,952,128,-1,128,952,954,-1,128,954,130,-1,130,954,956,-1,130,956,131,-1,131,956,958,-1,131,958,121,-1,121,958,960,-1,121,960,123,-1,123,960,962,-1,123,962,124,-1,124,962,964,-1,124,964,118,-1,118,964,966,-1,118,966,116,-1,116,966,977,-1,116,977,114,-1,114,977,139,-1,139,977,978,-1,978,977,979,-1,979,977,976,-1,979,976,980,-1,980,976,975,-1,980,975,981,-1,981,975,974,-1,981,974,982,-1,982,974,973,-1,982,973,983,-1,983,973,972,-1,983,972,984,-1,984,972,971,-1,984,971,985,-1,985,971,970,-1,985,970,986,-1,986,970,969,-1,986,969,987,-1,987,969,968,-1,987,968,988,-1,968,967,988,-1,988,967,61,-1,988,61,136,-1,194,139,978,-1,194,978,989,-1,978,979,989,-1,989,979,980,-1,989,980,990,-1,980,981,990,-1,990,981,982,-1,990,982,991,-1,982,983,991,-1,991,983,984,-1,991,984,992,-1,191,190,993,-1,993,190,994,-1,993,994,995,-1,995,994,996,-1,995,996,997,-1,997,996,998,-1,997,998,999,-1,999,998,1000,-1,999,1000,1001,-1,1001,1000,1002,-1,1001,1002,179,-1,190,199,994,-1,994,199,1003,-1,994,1003,996,-1,996,1003,1004,-1,996,1004,998,-1,998,1004,1005,-1,998,1005,1000,-1,1000,1005,1006,-1,1000,1006,1002,-1,1002,1006,1007,-1,199,201,1003,-1,1003,201,1008,-1,1003,1008,1004,-1,1004,1008,1009,-1,1004,1009,1005,-1,1005,1009,1010,-1,1005,1010,1006,-1,1006,1010,1011,-1,1006,1011,1007,-1,1007,1011,1012,-1,201,196,1008,-1,1008,196,1013,-1,1008,1013,1009,-1,1009,1013,1014,-1,1009,1014,1010,-1,1010,1014,1015,-1,1010,1015,1011,-1,1011,1015,1016,-1,1011,1016,1012,-1,1012,1016,1017,-1,196,194,1013,-1,1013,194,989,-1,1013,989,1014,-1,1014,989,990,-1,1014,990,1015,-1,1015,990,991,-1,1015,991,1016,-1,1016,991,992,-1,1016,992,1017,-1,1017,992,1018,-1,984,985,992,-1,992,985,986,-1,992,986,1018,-1,1018,986,987,-1,1018,987,988,-1,179,1002,181,-1,181,1002,1007,-1,181,1007,183,-1,183,1007,1012,-1,183,1012,185,-1,185,1012,1017,-1,185,1017,187,-1,187,1017,1018,-1,187,1018,189,-1,189,1018,988,-1,189,988,136,-1,211,191,360,-1,360,191,993,-1,360,993,1019,-1,1019,993,1020,-1,1020,993,995,-1,1020,995,1021,-1,1021,995,1022,-1,1022,995,997,-1,1022,997,1023,-1,1023,997,1024,-1,1024,997,999,-1,1024,999,1025,-1,1025,999,1026,-1,1026,999,1001,-1,1026,1001,1027,-1,179,209,1001,-1,1001,209,357,-1,1001,357,1027,-1,244,246,1022,-1,1022,246,1021,-1,1021,246,217,-1,1021,217,1020,-1,1020,217,216,-1,1020,216,1019,-1,1019,216,222,-1,1019,222,360,-1,244,1022,242,-1,242,1022,1023,-1,242,1023,243,-1,243,1023,1024,-1,243,1024,245,-1,1026,248,247,-1,245,1024,247,-1,247,1024,1025,-1,247,1025,1026,-1,248,1026,213,-1,213,1026,1027,-1,213,1027,357,-1,
        ]
    }
}
Shape{
    appearance Appearance {
        material  Material {
            diffuseColor 0.0 0.0 0.0
            specularColor 0.0 0.0 0.0
            ambientIntensity 0.0
            transparency 0.0
            shininess 0.5
        }
    }
    geometry IndexedFaceSet {
        ccw TRUE
        solid FALSE
        coord DEF co Coordinate {
            point [
                -0.1178 -1.4203 2.1657, -0.1177 -1.4066 2.1657, -0.1178 -1.4203 2.1654, -0.1177 -1.4066 2.1654, -0.07 -1.4206 2.1657, -0.07 -1.4206 2.1654, -0.0707 -1.5271 2.1657, -0.0707 -1.5265 2.1654, -0.0707 -1.5271 2.1654, -0.0552 -1.5272 2.1657, -0.0552 -1.5272 2.1654, -0.0544 -1.4071 2.1654, -0.0544 -1.4071 2.1657, -0.0552 -1.5265 2.1654, -0.2126 -1.4109 2.1654, -0.2126 -1.4109 2.1657, -0.2105 -1.4099 2.1657, -0.1793 -1.4042 2.1657, -0.1793 -1.4042 2.1654, -0.1831 -1.4045 2.1654, -0.1976 -1.4058 2.1657, -0.1976 -1.4058 2.1654, -0.2073 -1.4089 2.1654, -0.2105 -1.4099 2.1654, -0.2127 -1.4258 2.1657, -0.2127 -1.4258 2.1654, -0.2073 -1.4234 2.1654, -0.2009 -1.4206 2.1657, -0.2009 -1.4206 2.1654, -0.1873 -1.4181 2.1654, -0.1873 -1.4181 2.1657, -0.1816 -1.418 2.1654, -0.1816 -1.418 2.1657, -0.1695 -1.4195 2.1654, -0.1695 -1.4195 2.1657, -0.161 -1.4229 2.1654, -0.161 -1.4229 2.1657, -0.1532 -1.4285 2.1654, -0.1532 -1.4285 2.1657, -0.1508 -1.4308 2.1654, -0.1508 -1.4308 2.1657, -0.145 -1.439 2.1654, -0.145 -1.439 2.1657, -0.1412 -1.4487 2.1654, -0.1412 -1.4487 2.1657, -0.1394 -1.4607 2.1654, -0.1394 -1.4607 2.1657, -0.1393 -1.4652 2.1654, -0.1393 -1.4652 2.1657, -0.1414 -1.4819 2.1654, -0.1414 -1.4819 2.1657, -0.1456 -1.4922 2.1654, -0.1456 -1.4922 2.1657, -0.1522 -1.5012 2.1654, -0.1522 -1.5012 2.1657, -0.1604 -1.5079 2.1654, -0.1604 -1.5079 2.1657, -0.1699 -1.5122 2.1654, -0.1699 -1.5122 2.1657, -0.1803 -1.5141 2.1654, -0.1803 -1.5141 2.1657, -0.185 -1.5143 2.1654, -0.185 -1.5143 2.1657, -0.2132 -1.507 2.1654, -0.2132 -1.507 2.1657, -0.2119 -1.5077 2.1657, -0.1998 -1.5124 2.1654, -0.1998 -1.5124 2.1657, -0.2073 -1.5095 2.1654, -0.2119 -1.5077 2.1654, -0.2134 -1.5232 2.1657, -0.2134 -1.5232 2.1654, -0.2021 -1.5265 2.1654, -0.2009 -1.5269 2.1657, -0.2073 -1.525 2.1654, -0.2009 -1.5269 2.1654, -0.1852 -1.5283 2.1654, -0.1852 -1.5283 2.1657, -0.1849 -1.5283 2.1654, -0.1849 -1.5283 2.1657, -0.1674 -1.5263 2.1657, -0.1698 -1.5265 2.1654, -0.1674 -1.5263 2.1654, -0.1548 -1.5214 2.1654, -0.1548 -1.5214 2.1657, -0.1436 -1.5136 2.1654, -0.1436 -1.5136 2.1657, -0.1407 -1.5109 2.1654, -0.1407 -1.5109 2.1657, -0.1319 -1.4996 2.1654, -0.1319 -1.4996 2.1657, -0.1276 -1.4896 2.1654, -0.1261 -1.4863 2.1657, -0.1261 -1.4863 2.1654, -0.1233 -1.4706 2.1654, -0.1233 -1.4706 2.1657, -0.123 -1.4644 2.1654, -0.123 -1.4644 2.1657, -0.1248 -1.4464 2.1654, -0.1248 -1.4464 2.1657, -0.1276 -1.4387 2.1654, -0.1294 -1.4335 2.1657, -0.1294 -1.4335 2.1654, -0.1362 -1.423 2.1654, -0.1362 -1.423 2.1657, -0.1381 -1.4208 2.1654, -0.1381 -1.4208 2.1657, -0.1731 -1.4045 2.1654, -0.172 -1.4045 2.1657, -0.172 -1.4045 2.1654, -0.159 -1.4073 2.1657, -0.159 -1.4073 2.1654, -0.1477 -1.4127 2.1657, -0.1477 -1.4127 2.1654, -0.3013 -1.419 2.1657, -0.3012 -1.4053 2.1657, -0.3013 -1.419 2.1654, -0.3012 -1.4053 2.1654, -0.2522 -1.4194 2.1654, -0.2522 -1.4194 2.1657, -0.2836 -1.4191 2.1654, -0.2525 -1.4598 2.1657, -0.2525 -1.4598 2.1654, -0.2954 -1.4595 2.1654, -0.2954 -1.4595 2.1657, -0.2836 -1.4595 2.1654, -0.2955 -1.4732 2.1657, -0.2955 -1.4732 2.1654, -0.2526 -1.4735 2.1654, -0.2526 -1.4735 2.1657, -0.2836 -1.4733 2.1654, -0.2528 -1.512 2.1657, -0.2528 -1.512 2.1654, -0.2992 -1.5116 2.1654, -0.2992 -1.5116 2.1657, -0.2836 -1.5117 2.1654, -0.2993 -1.5254 2.1657, -0.2993 -1.5254 2.1654, -0.2374 -1.5259 2.1654, -0.2374 -1.5259 2.1657, -0.2836 -1.5255 2.1654, -0.2366 -1.4058 2.1657, -0.2366 -1.4058 2.1654, -0.2836 -1.4054 2.1654, -0.3987 -1.4383 2.1657, -0.3927 -1.4309 2.1657, -0.4036 -1.4214 2.1657, -0.3905 -1.4289 2.1657, -0.3912 -1.4126 2.1657, -0.3825 -1.4237 2.1657, -0.3775 -1.4073 2.1657, -0.3722 -1.4202 2.1657, -0.3569 -1.4049 2.1657, -0.3569 -1.4186 2.1657, -0.3238 -1.4052 2.1657, -0.3394 -1.4187 2.1657, -0.3247 -1.5253 2.1657, -0.3401 -1.5113 2.1657, -0.359 -1.525 2.1657, -0.3582 -1.5112 2.1657, -0.3773 -1.5229 2.1657, -0.3737 -1.5094 2.1657, -0.3917 -1.5175 2.1657, -0.3841 -1.5056 2.1657, -0.4043 -1.5088 2.1657, -0.3928 -1.4997 2.1657, -0.4084 -1.5047 2.1657, -0.3967 -1.4956 2.1657, -0.4157 -1.4942 2.1657, -0.4012 -1.4887 2.1657, -0.4201 -1.4828 2.1657, -0.4044 -1.4796 2.1657, -0.4221 -1.466 2.1657, -0.4058 -1.4657 2.1657, -0.4217 -1.4584 2.1657, -0.4053 -1.4581 2.1657, -0.4187 -1.4444 2.1657, -0.4029 -1.4472 2.1657, -0.4127 -1.432 2.1657, -0.3569 -1.4049 2.1654, -0.3238 -1.4052 2.1654, -0.3775 -1.4073 2.1654, -0.3912 -1.4126 2.1654, -0.4036 -1.4214 2.1654, -0.4127 -1.432 2.1654, -0.4187 -1.4444 2.1654, -0.4217 -1.4584 2.1654, -0.4221 -1.466 2.1654, -0.4201 -1.4828 2.1654, -0.4157 -1.4942 2.1654, -0.4084 -1.5047 2.1654, -0.4043 -1.5088 2.1654, -0.3917 -1.5175 2.1654, -0.3773 -1.5229 2.1654, -0.359 -1.525 2.1654, -0.3247 -1.5253 2.1654, -0.3582 -1.5112 2.1654, -0.3401 -1.5113 2.1654, -0.3394 -1.4187 2.1654, -0.3569 -1.4186 2.1654, -0.3927 -1.4309 2.1654, -0.3905 -1.4289 2.1654, -0.3825 -1.4237 2.1654, -0.3722 -1.4202 2.1654, -0.4058 -1.4657 2.1654, -0.4053 -1.4581 2.1654, -0.4029 -1.4472 2.1654, -0.3987 -1.4383 2.1654, -0.3928 -1.4997 2.1654, -0.3967 -1.4956 2.1654, -0.4012 -1.4887 2.1654, -0.4044 -1.4796 2.1654, -0.3737 -1.5094 2.1654, -0.3841 -1.5056 2.1654
            ]
        }
        coordIndex [
            0,1,2,-1,2,1,3,-1,4,0,5,-1,5,0,2,-1,4,5,6,-1,6,5,7,-1,6,7,8,-1,9,6,10,-1,10,6,8,-1,11,12,13,-1,13,12,9,-1,13,9,10,-1,1,12,3,-1,3,12,11,-1,6,9,4,-1,4,9,12,-1,4,12,0,-1,0,12,1,-1,14,15,16,-1,17,18,19,-1,17,19,20,-1,19,21,20,-1,20,21,22,-1,20,22,16,-1,16,22,23,-1,16,23,14,-1,24,15,25,-1,25,15,14,-1,24,25,26,-1,24,26,27,-1,26,28,27,-1,27,28,29,-1,27,29,30,-1,30,29,31,-1,30,31,32,-1,32,31,33,-1,32,33,34,-1,34,33,35,-1,34,35,36,-1,36,35,37,-1,36,37,38,-1,38,37,39,-1,38,39,40,-1,40,39,41,-1,40,41,42,-1,42,41,43,-1,42,43,44,-1,44,43,45,-1,44,45,46,-1,46,45,47,-1,46,47,48,-1,48,47,49,-1,48,49,50,-1,50,49,51,-1,50,51,52,-1,52,51,53,-1,52,53,54,-1,54,53,55,-1,54,55,56,-1,56,55,57,-1,56,57,58,-1,58,57,59,-1,58,59,60,-1,60,59,61,-1,60,61,62,-1,63,64,65,-1,62,61,66,-1,62,66,67,-1,67,66,68,-1,67,68,65,-1,65,68,69,-1,65,69,63,-1,70,64,71,-1,71,64,63,-1,72,73,74,-1,74,73,70,-1,74,70,71,-1,72,75,73,-1,73,75,76,-1,73,76,77,-1,77,76,78,-1,77,78,79,-1,80,79,81,-1,81,79,78,-1,81,82,80,-1,80,82,83,-1,80,83,84,-1,84,83,85,-1,84,85,86,-1,86,85,87,-1,86,87,88,-1,88,87,89,-1,88,89,90,-1,90,89,91,-1,90,91,92,-1,91,93,92,-1,92,93,94,-1,92,94,95,-1,95,94,96,-1,95,96,97,-1,97,96,98,-1,97,98,99,-1,99,98,100,-1,99,100,101,-1,100,102,101,-1,101,102,103,-1,101,103,104,-1,104,103,105,-1,104,105,106,-1,18,17,107,-1,107,17,108,-1,107,108,109,-1,109,108,110,-1,109,110,111,-1,111,110,112,-1,111,112,113,-1,113,112,106,-1,113,106,105,-1,65,64,70,-1,56,86,54,-1,54,86,88,-1,54,88,52,-1,52,88,90,-1,52,90,50,-1,65,70,67,-1,67,70,73,-1,67,73,62,-1,62,73,77,-1,62,77,60,-1,60,77,79,-1,60,79,58,-1,58,79,80,-1,58,80,56,-1,56,80,84,-1,56,84,86,-1,15,24,16,-1,16,24,27,-1,16,27,20,-1,20,27,30,-1,20,30,17,-1,17,30,32,-1,17,32,108,-1,108,32,34,-1,108,34,110,-1,110,34,36,-1,110,36,112,-1,112,36,38,-1,112,38,106,-1,106,38,40,-1,106,40,104,-1,104,40,42,-1,104,42,101,-1,97,48,95,-1,95,48,50,-1,95,50,92,-1,92,50,90,-1,101,42,99,-1,99,42,44,-1,99,44,97,-1,97,44,46,-1,97,46,48,-1,114,115,116,-1,116,115,117,-1,118,119,120,-1,120,119,114,-1,120,114,116,-1,121,119,122,-1,122,119,118,-1,123,124,125,-1,125,124,121,-1,125,121,122,-1,126,124,127,-1,127,124,123,-1,128,129,130,-1,130,129,126,-1,130,126,127,-1,131,129,132,-1,132,129,128,-1,133,134,135,-1,135,134,131,-1,135,131,132,-1,136,134,137,-1,137,134,133,-1,138,139,140,-1,140,139,136,-1,140,136,137,-1,141,139,142,-1,142,139,138,-1,117,115,143,-1,143,115,141,-1,143,141,142,-1,141,115,114,-1,114,119,141,-1,141,119,121,-1,141,121,139,-1,134,136,131,-1,131,136,139,-1,131,139,129,-1,129,139,121,-1,129,121,126,-1,126,121,124,-1,144,145,146,-1,146,145,147,-1,146,147,148,-1,148,147,149,-1,148,149,150,-1,150,149,151,-1,150,151,152,-1,152,151,153,-1,152,153,154,-1,154,153,155,-1,154,155,156,-1,156,155,157,-1,156,157,158,-1,158,157,159,-1,158,159,160,-1,160,159,161,-1,160,161,162,-1,162,161,163,-1,162,163,164,-1,164,163,165,-1,164,165,166,-1,166,165,167,-1,166,167,168,-1,168,167,169,-1,168,169,170,-1,170,169,171,-1,170,171,172,-1,172,171,173,-1,172,173,174,-1,174,173,175,-1,174,175,176,-1,176,175,177,-1,176,177,178,-1,178,177,144,-1,178,144,146,-1,152,154,179,-1,179,154,180,-1,152,179,181,-1,152,181,150,-1,150,181,182,-1,150,182,148,-1,148,182,183,-1,148,183,146,-1,146,183,184,-1,146,184,178,-1,178,184,185,-1,178,185,176,-1,176,185,186,-1,176,186,174,-1,174,186,187,-1,174,187,172,-1,172,187,188,-1,172,188,170,-1,170,188,189,-1,170,189,168,-1,168,189,190,-1,168,190,166,-1,166,190,191,-1,166,191,164,-1,164,191,192,-1,164,192,162,-1,162,192,193,-1,162,193,160,-1,160,193,194,-1,160,194,158,-1,156,158,195,-1,195,158,194,-1,154,156,180,-1,180,156,195,-1,159,157,196,-1,196,157,197,-1,157,155,197,-1,197,155,198,-1,155,153,198,-1,198,153,199,-1,145,200,201,-1,145,201,147,-1,147,201,202,-1,147,202,149,-1,149,202,203,-1,149,203,151,-1,151,203,199,-1,151,199,153,-1,173,204,205,-1,173,205,175,-1,175,205,206,-1,175,206,177,-1,177,206,207,-1,177,207,144,-1,144,207,200,-1,144,200,145,-1,165,208,209,-1,165,209,167,-1,167,209,210,-1,167,210,169,-1,169,210,211,-1,169,211,171,-1,171,211,204,-1,171,204,173,-1,159,196,212,-1,159,212,161,-1,161,212,213,-1,161,213,163,-1,163,213,208,-1,163,208,165,-1,
        ]
    }
}
Shape{
    appearance Appearance {
        material  Material {
            diffuseColor 0.9019607843137255 0.8627450980392157 0.7843137254901961
            specularColor 0.27058823529411763 0.25882352941176473 0.23529411764705882
            ambientIntensity 0.8655
            transparency 0.0
            shininess 0.5
        }
    }
    geometry IndexedFaceSet {
        ccw TRUE
        solid FALSE
        coord DEF co Coordinate {
            point [
                -0.3401 -1.5113 2.1654, -0.3394 -1.4187 2.1654, -0.3582 -1.5112 2.1654, -0.3569 -1.4186 2.1654, -0.3722 -1.4202 2.1654, -0.3825 -1.4237 2.1654, -0.3905 -1.4289 2.1654, -0.3927 -1.4309 2.1654, -0.3987 -1.4383 2.1654, -0.4029 -1.4472 2.1654, -0.4053 -1.4581 2.1654, -0.4058 -1.4657 2.1654, -0.4044 -1.4796 2.1654, -0.4012 -1.4887 2.1654, -0.3967 -1.4956 2.1654, -0.3928 -1.4997 2.1654, -0.3737 -1.5094 2.1654, -0.3841 -1.5056 2.1654
            ]
        }
        coordIndex [
            0,1,2,-1,2,1,3,-1,2,3,4,-1,4,5,2,-1,2,5,6,-1,2,6,7,-1,7,8,2,-1,2,8,9,-1,2,9,10,-1,10,11,2,-1,2,11,12,-1,2,12,13,-1,13,14,2,-1,2,14,15,-1,2,15,16,-1,16,15,17,-1,
        ]
    }
}
Shape{
    appearance Appearance {
        material  Material {
            diffuseColor 0.0 0.0 0.0
            specularColor 0.0 0.0 0.0
            ambientIntensity 0.0
            transparency 0.0
            shininess 0.5
        }
    }
    geometry IndexedFaceSet {
        ccw TRUE
        solid FALSE
        coord DEF co Coordinate {
            point [
                -0.4622 -1.4506 2.1657, -0.4572 -1.4371 2.1657, -0.5025 -1.4503 2.1657, -0.5072 -1.4367 2.1657, -0.4805 -1.5004 2.1657, -0.4749 -1.5242 2.1657, -0.4283 -1.4044 2.1657, -0.4454 -1.4043 2.1657, -0.4816 -1.504 2.1657, -0.4825 -1.5088 2.1657, -0.4915 -1.5241 2.1657, -0.4829 -1.5088 2.1657, -0.4838 -1.5037 2.1657, -0.4847 -1.5004 2.1657, -0.5364 -1.4036 2.1657, -0.5192 -1.4038 2.1657, -0.4915 -1.5241 2.1654, -0.536 -1.4045 2.1654, -0.5364 -1.4036 2.1654, -0.4749 -1.5242 2.1654, -0.4283 -1.4045 2.1654, -0.4283 -1.4044 2.1654, -0.4616 -1.49 2.1654, -0.4454 -1.4043 2.1654, -0.4572 -1.4371 2.1654, -0.4455 -1.4045 2.1654, -0.5072 -1.4367 2.1654, -0.4616 -1.437 2.1654, -0.519 -1.4045 2.1654, -0.5192 -1.4038 2.1654, -0.4622 -1.4506 2.1654, -0.5025 -1.4503 2.1654, -0.4847 -1.5004 2.1654, -0.4829 -1.5088 2.1654, -0.4838 -1.5037 2.1654, -0.4825 -1.5088 2.1654, -0.4805 -1.5004 2.1654, -0.4816 -1.504 2.1654
            ]
        }
        coordIndex [
            0,1,2,-1,2,1,3,-1,4,5,0,-1,0,5,6,-1,0,6,1,-1,1,6,7,-1,4,8,5,-1,5,8,9,-1,5,9,10,-1,10,9,11,-1,10,11,12,-1,12,13,10,-1,10,13,2,-1,10,2,14,-1,14,2,3,-1,14,3,15,-1,16,10,17,-1,17,10,14,-1,17,14,18,-1,5,10,19,-1,19,10,16,-1,20,21,6,-1,20,6,22,-1,22,6,5,-1,22,5,19,-1,7,6,23,-1,23,6,21,-1,24,1,25,-1,25,1,7,-1,25,7,23,-1,26,3,27,-1,27,3,1,-1,27,1,24,-1,3,26,15,-1,15,26,28,-1,15,28,29,-1,14,15,18,-1,18,15,29,-1,0,2,30,-1,30,2,31,-1,2,13,31,-1,31,13,32,-1,11,33,34,-1,11,34,12,-1,12,34,32,-1,12,32,13,-1,11,9,33,-1,33,9,35,-1,4,36,37,-1,4,37,8,-1,8,37,35,-1,8,35,9,-1,4,0,36,-1,36,0,30,-1,
        ]
    }
}
Shape{
    appearance Appearance {
        material  Material {
            diffuseColor 0.9019607843137255 0.8627450980392157 0.7843137254901961
            specularColor 0.27058823529411763 0.25882352941176473 0.23529411764705882
            ambientIntensity 0.8655
            transparency 0.0
            shininess 0.5
        }
    }
    geometry IndexedFaceSet {
        ccw TRUE
        solid FALSE
        coord DEF co Coordinate {
            point [
                -0.4829 -1.5088 2.1654, -0.4825 -1.5088 2.1654, -0.4838 -1.5037 2.1654, -0.4816 -1.504 2.1654, -0.4847 -1.5004 2.1654, -0.4805 -1.5004 2.1654, -0.5025 -1.4503 2.1654, -0.4622 -1.4506 2.1654
            ]
        }
        coordIndex [
            0,1,2,-1,2,1,3,-1,2,3,4,-1,4,3,5,-1,4,5,6,-1,6,5,7,-1,
        ]
    }
}
Shape{
    appearance Appearance {
        material  Material {
            diffuseColor 0.0 0.0 0.0
            specularColor 0.0 0.0 0.0
            ambientIntensity 0.0
            transparency 0.0
            shininess 0.5
        }
    }
    geometry IndexedFaceSet {
        ccw TRUE
        solid FALSE
        coord DEF co Coordinate {
            point [
                -0.1177 -1.2298 2.1657, -0.1176 -1.2161 2.1657, -0.1177 -1.2298 2.1654, -0.1176 -1.2161 2.1654, -0.0686 -1.2301 2.1657, -0.0686 -1.2301 2.1654, -0.0689 -1.2705 2.1657, -0.0689 -1.2705 2.1654, -0.1118 -1.2702 2.1657, -0.1118 -1.2702 2.1654, -0.1119 -1.284 2.1657, -0.1119 -1.284 2.1654, -0.069 -1.2843 2.1657, -0.069 -1.2843 2.1654, -0.0693 -1.3227 2.1657, -0.0693 -1.3227 2.1654, -0.1156 -1.3224 2.1657, -0.1156 -1.3224 2.1654, -0.1157 -1.3331 2.1654, -0.1157 -1.3362 2.1657, -0.1157 -1.3355 2.1654, -0.1157 -1.3362 2.1654, -0.0539 -1.3366 2.1657, -0.0539 -1.3366 2.1654, -0.053 -1.2165 2.1654, -0.053 -1.2165 2.1657, -0.0538 -1.3331 2.1654, -0.0538 -1.3355 2.1654, -0.1494 -1.264 2.1657, -0.143 -1.2608 2.1657, -0.1515 -1.2509 2.1657, -0.2013 -1.2707 2.1657, -0.1862 -1.2586 2.1657, -0.1861 -1.2504 2.1657, -0.1856 -1.2289 2.1657, -0.186 -1.2289 2.1657, -0.1852 -1.2431 2.1657, -0.1497 -1.2487 2.1657, -0.1383 -1.2568 2.1657, -0.1483 -1.2459 2.1657, -0.1353 -1.2525 2.1657, -0.1476 -1.2424 2.1657, -0.1859 -1.2156 2.1657, -0.2009 -1.2155 2.1657, -0.1535 -1.2524 2.1657, -0.1572 -1.2541 2.1657, -0.1608 -1.2667 2.1657, -0.1661 -1.2561 2.1657, -0.1863 -1.2701 2.1657, -0.1332 -1.2472 2.1657, -0.1322 -1.2407 2.1657, -0.1474 -1.2401 2.1657, -0.1322 -1.2389 2.1657, -0.1478 -1.2366 2.1657, -0.1329 -1.2321 2.1657, -0.1488 -1.2339 2.1657, -0.1347 -1.227 2.1657, -0.1504 -1.2313 2.1657, -0.1858 -1.2767 2.1657, -0.2002 -1.2823 2.1657, -0.1843 -1.2821 2.1657, -0.1979 -1.2891 2.1657, -0.1826 -1.2852 2.1657, -0.1948 -1.2939 2.1657, -0.1803 -1.2876 2.1657, -0.1908 -1.2978 2.1657, -0.1777 -1.2894 2.1657, -0.1858 -1.3007 2.1657, -0.1742 -1.2907 2.1657, -0.1794 -1.3026 2.1657, -0.169 -1.2912 2.1657, -0.1705 -1.3035 2.1657, -0.1608 -1.2905 2.1657, -0.1552 -1.3017 2.1657, -0.1513 -1.2875 2.1657, -0.144 -1.2974 2.1657, -0.1408 -1.2811 2.1657, -0.1409 -1.2957 2.1657, -0.183 -1.2377 2.1657, -0.1796 -1.233 2.1657, -0.183 -1.2251 2.1657, -0.178 -1.2314 2.1657, -0.1782 -1.2201 2.1657, -0.1738 -1.2285 2.1657, -0.1727 -1.2165 2.1657, -0.1693 -1.2268 2.1657, -0.1665 -1.2145 2.1657, -0.1632 -1.2261 2.1657, -0.1592 -1.2138 2.1657, -0.1581 -1.2267 2.1657, -0.1378 -1.2223 2.1657, -0.1394 -1.2207 2.1657, -0.1517 -1.23 2.1657, -0.1442 -1.2172 2.1657, -0.1547 -1.228 2.1657, -0.1499 -1.2149 2.1657, -0.157 -1.2138 2.1657, -0.1705 -1.3035 2.1654, -0.1552 -1.3017 2.1654, -0.144 -1.2974 2.1654, -0.1409 -1.2957 2.1654, -0.1408 -1.2811 2.1654, -0.1513 -1.2875 2.1654, -0.1608 -1.2905 2.1654, -0.169 -1.2912 2.1654, -0.1742 -1.2907 2.1654, -0.1777 -1.2894 2.1654, -0.1803 -1.2876 2.1654, -0.1826 -1.2852 2.1654, -0.1843 -1.2821 2.1654, -0.1858 -1.2767 2.1654, -0.1863 -1.2701 2.1654, -0.1608 -1.2667 2.1654, -0.1494 -1.264 2.1654, -0.143 -1.2608 2.1654, -0.1383 -1.2568 2.1654, -0.1353 -1.2525 2.1654, -0.1332 -1.2472 2.1654, -0.1322 -1.2407 2.1654, -0.1322 -1.2389 2.1654, -0.1329 -1.2321 2.1654, -0.1347 -1.227 2.1654, -0.1378 -1.2223 2.1654, -0.1394 -1.2207 2.1654, -0.1442 -1.2172 2.1654, -0.1499 -1.2149 2.1654, -0.157 -1.2138 2.1654, -0.1592 -1.2138 2.1654, -0.1665 -1.2145 2.1654, -0.1727 -1.2165 2.1654, -0.1782 -1.2201 2.1654, -0.183 -1.2251 2.1654, -0.1856 -1.2289 2.1654, -0.186 -1.2289 2.1654, -0.1859 -1.2156 2.1654, -0.2009 -1.2155 2.1654, -0.2013 -1.2707 2.1654, -0.2002 -1.2823 2.1654, -0.1979 -1.2891 2.1654, -0.1948 -1.2939 2.1654, -0.1908 -1.2978 2.1654, -0.1858 -1.3007 2.1654, -0.1794 -1.3026 2.1654, -0.1515 -1.2509 2.1654, -0.1535 -1.2524 2.1654, -0.1572 -1.2541 2.1654, -0.1661 -1.2561 2.1654, -0.1474 -1.2401 2.1654, -0.1476 -1.2424 2.1654, -0.1483 -1.2459 2.1654, -0.1497 -1.2487 2.1654, -0.1517 -1.23 2.1654, -0.1504 -1.2313 2.1654, -0.1488 -1.2339 2.1654, -0.1478 -1.2366 2.1654, -0.1632 -1.2261 2.1654, -0.1581 -1.2267 2.1654, -0.1547 -1.228 2.1654, -0.1796 -1.233 2.1654, -0.178 -1.2314 2.1654, -0.1738 -1.2285 2.1654, -0.1693 -1.2268 2.1654, -0.1861 -1.2504 2.1654, -0.1852 -1.2431 2.1654, -0.183 -1.2377 2.1654, -0.1862 -1.2586 2.1654
            ]
        }
        coordIndex [
            0,1,2,-1,2,1,3,-1,4,0,5,-1,5,0,2,-1,6,4,7,-1,7,4,5,-1,8,6,9,-1,9,6,7,-1,10,8,11,-1,11,8,9,-1,12,10,13,-1,13,10,11,-1,14,12,15,-1,15,12,13,-1,16,14,17,-1,17,14,15,-1,16,17,18,-1,16,18,19,-1,19,18,20,-1,19,20,21,-1,22,19,23,-1,23,19,21,-1,24,25,26,-1,26,25,22,-1,26,22,27,-1,27,22,23,-1,1,25,3,-1,3,25,24,-1,25,1,0,-1,0,4,25,-1,25,4,6,-1,25,6,22,-1,16,19,14,-1,14,19,22,-1,14,22,12,-1,12,22,6,-1,12,6,10,-1,10,6,8,-1,28,29,30,-1,31,32,33,-1,34,35,36,-1,30,29,37,-1,37,29,38,-1,37,38,39,-1,39,38,40,-1,39,40,41,-1,42,43,35,-1,35,43,31,-1,35,31,36,-1,36,31,33,-1,30,44,28,-1,28,44,45,-1,28,45,46,-1,46,45,47,-1,46,47,48,-1,40,49,41,-1,41,49,50,-1,41,50,51,-1,51,50,52,-1,51,52,53,-1,53,52,54,-1,53,54,55,-1,55,54,56,-1,55,56,57,-1,47,32,48,-1,48,32,31,-1,48,31,58,-1,58,31,59,-1,58,59,60,-1,60,59,61,-1,60,61,62,-1,62,61,63,-1,62,63,64,-1,64,63,65,-1,64,65,66,-1,66,65,67,-1,66,67,68,-1,68,67,69,-1,68,69,70,-1,70,69,71,-1,70,71,72,-1,72,71,73,-1,72,73,74,-1,74,73,75,-1,74,75,76,-1,76,75,77,-1,36,78,34,-1,34,78,79,-1,34,79,80,-1,80,79,81,-1,80,81,82,-1,82,81,83,-1,82,83,84,-1,84,83,85,-1,84,85,86,-1,86,85,87,-1,86,87,88,-1,88,87,89,-1,56,90,57,-1,57,90,91,-1,57,91,92,-1,92,91,93,-1,92,93,94,-1,94,93,95,-1,94,95,89,-1,89,95,96,-1,89,96,88,-1,71,97,98,-1,71,98,73,-1,73,98,99,-1,73,99,75,-1,75,99,100,-1,75,100,77,-1,76,77,101,-1,101,77,100,-1,76,101,102,-1,76,102,74,-1,74,102,103,-1,74,103,72,-1,72,103,104,-1,72,104,70,-1,70,104,105,-1,70,105,68,-1,68,105,106,-1,68,106,66,-1,66,106,107,-1,66,107,64,-1,64,107,108,-1,64,108,62,-1,62,108,109,-1,62,109,60,-1,60,109,110,-1,60,110,58,-1,58,110,111,-1,58,111,48,-1,46,48,112,-1,112,48,111,-1,46,112,113,-1,46,113,28,-1,28,113,114,-1,28,114,29,-1,29,114,115,-1,29,115,38,-1,38,115,116,-1,38,116,40,-1,40,116,117,-1,40,117,49,-1,49,117,118,-1,49,118,50,-1,50,118,119,-1,50,119,52,-1,52,119,120,-1,52,120,54,-1,54,120,121,-1,54,121,56,-1,56,121,122,-1,56,122,90,-1,90,122,123,-1,90,123,91,-1,91,123,124,-1,91,124,93,-1,93,124,125,-1,93,125,95,-1,95,125,126,-1,95,126,96,-1,96,126,127,-1,96,127,88,-1,88,127,128,-1,88,128,86,-1,86,128,129,-1,86,129,84,-1,84,129,130,-1,84,130,82,-1,82,130,131,-1,82,131,80,-1,80,131,132,-1,80,132,34,-1,35,34,133,-1,133,34,132,-1,42,35,134,-1,134,35,133,-1,43,42,135,-1,135,42,134,-1,31,43,136,-1,136,43,135,-1,31,136,137,-1,31,137,59,-1,59,137,138,-1,59,138,61,-1,61,138,139,-1,61,139,63,-1,63,139,140,-1,63,140,65,-1,65,140,141,-1,65,141,67,-1,67,141,142,-1,67,142,69,-1,69,142,97,-1,69,97,71,-1,30,143,144,-1,30,144,44,-1,44,144,145,-1,44,145,45,-1,45,145,146,-1,45,146,47,-1,51,147,148,-1,51,148,41,-1,41,148,149,-1,41,149,39,-1,39,149,150,-1,39,150,37,-1,37,150,143,-1,37,143,30,-1,92,151,152,-1,92,152,57,-1,57,152,153,-1,57,153,55,-1,55,153,154,-1,55,154,53,-1,53,154,147,-1,53,147,51,-1,87,155,156,-1,87,156,89,-1,89,156,157,-1,89,157,94,-1,94,157,151,-1,94,151,92,-1,79,158,159,-1,79,159,81,-1,81,159,160,-1,81,160,83,-1,83,160,161,-1,83,161,85,-1,85,161,155,-1,85,155,87,-1,33,162,163,-1,33,163,36,-1,36,163,164,-1,36,164,78,-1,78,164,158,-1,78,158,79,-1,33,32,162,-1,162,32,165,-1,32,47,165,-1,165,47,146,-1,
        ]
    }
}
Shape{
    appearance Appearance {
        material  Material {
            diffuseColor 0.9019607843137255 0.8627450980392157 0.7843137254901961
            specularColor 0.27058823529411763 0.25882352941176473 0.23529411764705882
            ambientIntensity 0.8655
            transparency 0.0
            shininess 0.5
        }
    }
    geometry IndexedFaceSet {
        ccw TRUE
        solid FALSE
        coord DEF co Coordinate {
            point [
                -0.1861 -1.2504 2.1654, -0.1862 -1.2586 2.1654, -0.1661 -1.2561 2.1654, -0.178 -1.2314 2.1654, -0.1796 -1.233 2.1654, -0.1693 -1.2268 2.1654, -0.1572 -1.2541 2.1654, -0.1535 -1.2524 2.1654, -0.1738 -1.2285 2.1654, -0.183 -1.2377 2.1654, -0.1852 -1.2431 2.1654, -0.1483 -1.2459 2.1654, -0.1476 -1.2424 2.1654, -0.1474 -1.2401 2.1654, -0.1478 -1.2366 2.1654, -0.1547 -1.228 2.1654, -0.1581 -1.2267 2.1654, -0.1517 -1.23 2.1654, -0.1632 -1.2261 2.1654, -0.1515 -1.2509 2.1654, -0.1497 -1.2487 2.1654, -0.1488 -1.2339 2.1654, -0.1504 -1.2313 2.1654
            ]
        }
        coordIndex [
            0,1,2,-1,3,4,2,-1,5,6,7,-1,6,5,2,-1,2,5,8,-1,2,8,3,-1,4,9,2,-1,2,9,10,-1,2,10,0,-1,11,12,5,-1,5,12,13,-1,5,13,14,-1,15,16,17,-1,17,16,18,-1,17,18,5,-1,7,19,5,-1,5,19,20,-1,5,20,11,-1,14,21,5,-1,5,21,22,-1,5,22,17,-1,
        ]
    }
}
Shape{
    appearance Appearance {
        material  Material {
            diffuseColor 0.0 0.0 0.0
            specularColor 0.0 0.0 0.0
            ambientIntensity 0.0
            transparency 0.0
            shininess 0.5
        }
    }
    geometry IndexedFaceSet {
        ccw TRUE
        solid FALSE
        coord DEF co Coordinate {
            point [
                -0.2214 -1.2339 2.1654, -0.2214 -1.2339 2.1657, -0.2268 -1.2305 2.1657, -0.2461 -1.2254 2.1657, -0.2461 -1.2254 2.1654, -0.2362 -1.2267 2.1654, -0.2362 -1.2267 2.1657, -0.2289 -1.2296 2.1654, -0.2268 -1.2305 2.1654, -0.2213 -1.2184 2.1657, -0.2213 -1.2184 2.1654, -0.2446 -1.2132 2.1654, -0.2446 -1.2132 2.1657, -0.2318 -1.2146 2.1657, -0.2289 -1.2156 2.1654, -0.2318 -1.2146 2.1654, -0.2583 -1.2147 2.1654, -0.2583 -1.2147 2.1657, -0.2662 -1.2177 2.1654, -0.2662 -1.2177 2.1657, -0.2696 -1.2198 2.1654, -0.2696 -1.2198 2.1657, -0.2742 -1.2239 2.1654, -0.2742 -1.2239 2.1657, -0.277 -1.2278 2.1654, -0.277 -1.2278 2.1657, -0.2787 -1.2326 2.1654, -0.2787 -1.2326 2.1657, -0.2794 -1.2383 2.1654, -0.2794 -1.2383 2.1657, -0.2787 -1.2443 2.1654, -0.2787 -1.2443 2.1657, -0.277 -1.2487 2.1654, -0.277 -1.2487 2.1657, -0.2745 -1.2525 2.1654, -0.2745 -1.2525 2.1657, -0.2709 -1.2557 2.1654, -0.2709 -1.2557 2.1657, -0.261 -1.2613 2.1654, -0.261 -1.2613 2.1657, -0.2551 -1.2637 2.1654, -0.2551 -1.2637 2.1657, -0.2459 -1.2679 2.1654, -0.2459 -1.2679 2.1657, -0.2406 -1.2712 2.1654, -0.2406 -1.2712 2.1657, -0.2391 -1.2728 2.1654, -0.2391 -1.2728 2.1657, -0.2381 -1.2749 2.1654, -0.2381 -1.2749 2.1657, -0.2375 -1.2772 2.1654, -0.2375 -1.2772 2.1657, -0.2374 -1.2792 2.1654, -0.2374 -1.2792 2.1657, -0.2376 -1.2816 2.1654, -0.2376 -1.2816 2.1657, -0.2384 -1.2836 2.1654, -0.2384 -1.2836 2.1657, -0.2397 -1.2855 2.1654, -0.2397 -1.2855 2.1657, -0.242 -1.2875 2.1654, -0.242 -1.2875 2.1657, -0.2454 -1.2893 2.1654, -0.2454 -1.2893 2.1657, -0.2494 -1.2903 2.1654, -0.2494 -1.2903 2.1657, -0.2539 -1.2906 2.1654, -0.2539 -1.2906 2.1657, -0.2644 -1.2893 2.1654, -0.2644 -1.2893 2.1657, -0.2729 -1.2859 2.1654, -0.2729 -1.2859 2.1657, -0.2756 -1.2843 2.1654, -0.2756 -1.2843 2.1657, -0.2757 -1.2989 2.1657, -0.2757 -1.2989 2.1654, -0.266 -1.3018 2.1654, -0.266 -1.3018 2.1657, -0.2554 -1.3029 2.1654, -0.2554 -1.3029 2.1657, -0.2433 -1.3015 2.1654, -0.2433 -1.3015 2.1657, -0.2353 -1.2984 2.1654, -0.2353 -1.2984 2.1657, -0.2316 -1.2962 2.1654, -0.2316 -1.2962 2.1657, -0.2269 -1.2919 2.1657, -0.2289 -1.2938 2.1654, -0.2269 -1.2919 2.1654, -0.2241 -1.2879 2.1654, -0.2241 -1.2879 2.1657, -0.2224 -1.283 2.1654, -0.2224 -1.283 2.1657, -0.2218 -1.278 2.1654, -0.2218 -1.278 2.1657, -0.2225 -1.2717 2.1654, -0.2225 -1.2717 2.1657, -0.2242 -1.2672 2.1654, -0.2242 -1.2672 2.1657, -0.226 -1.2644 2.1654, -0.226 -1.2644 2.1657, -0.2444 -1.2529 2.1654, -0.2444 -1.2529 2.1657, -0.2355 -1.2571 2.1657, -0.2285 -1.2618 2.1654, -0.2285 -1.2618 2.1657, -0.2289 -1.2615 2.1654, -0.2355 -1.2571 2.1654, -0.2543 -1.2487 2.1654, -0.2543 -1.2487 2.1657, -0.2601 -1.2451 2.1654, -0.2601 -1.2451 2.1657, -0.262 -1.2431 2.1654, -0.262 -1.2431 2.1657, -0.2632 -1.2411 2.1654, -0.2632 -1.2411 2.1657, -0.2638 -1.2388 2.1654, -0.2638 -1.2388 2.1657, -0.264 -1.2369 2.1654, -0.264 -1.2369 2.1657, -0.2636 -1.234 2.1654, -0.2636 -1.234 2.1657, -0.2628 -1.2319 2.1654, -0.2628 -1.2319 2.1657, -0.2615 -1.23 2.1654, -0.2615 -1.23 2.1657, -0.2598 -1.2284 2.1654, -0.2598 -1.2284 2.1657, -0.2584 -1.2276 2.1654, -0.2584 -1.2276 2.1657, -0.2545 -1.2262 2.1654, -0.2545 -1.2262 2.1657, -0.2468 -1.2254 2.1654, -0.2468 -1.2254 2.1657, -0.3544 -1.3002 2.1657, -0.37 -1.3001 2.1657, -0.3544 -1.3002 2.1654, -0.37 -1.3001 2.1654, -0.3305 -1.2358 2.1657, -0.3305 -1.2358 2.1654, -0.3294 -1.2318 2.1654, -0.3294 -1.2318 2.1657, -0.3286 -1.2288 2.1654, -0.3286 -1.2288 2.1657, -0.3282 -1.2288 2.1657, -0.3282 -1.2288 2.1654, -0.3265 -1.2359 2.1657, -0.3265 -1.2359 2.1654, -0.3045 -1.3005 2.1654, -0.3045 -1.3005 2.1657, -0.3126 -1.2768 2.1654, -0.2877 -1.3007 2.1657, -0.2877 -1.3007 2.1654, -0.3207 -1.2148 2.1654, -0.3207 -1.2148 2.1657, -0.3126 -1.236 2.1654, -0.314 -1.1993 2.1657, -0.314 -1.1993 2.1654, -0.3126 -1.1967 2.1654, -0.3107 -1.1934 2.1657, -0.3107 -1.1934 2.1654, -0.3075 -1.1902 2.1654, -0.3075 -1.1902 2.1657, -0.3047 -1.1885 2.1654, -0.3047 -1.1885 2.1657, -0.3014 -1.1875 2.1654, -0.3014 -1.1875 2.1657, -0.2985 -1.1873 2.1654, -0.2985 -1.1873 2.1657, -0.2931 -1.188 2.1654, -0.2931 -1.188 2.1657, -0.29 -1.1891 2.1654, -0.29 -1.1891 2.1657, -0.2899 -1.1757 2.1657, -0.2899 -1.1757 2.1654, -0.2962 -1.1745 2.1654, -0.2962 -1.1745 2.1657, -0.2996 -1.1744 2.1654, -0.2996 -1.1744 2.1657, -0.3058 -1.1751 2.1654, -0.3058 -1.1751 2.1657, -0.3118 -1.1773 2.1654, -0.3118 -1.1773 2.1657, -0.3126 -1.1779 2.1654, -0.317 -1.181 2.1657, -0.317 -1.181 2.1654, -0.3175 -1.1814 2.1654, -0.3175 -1.1814 2.1657, -0.3231 -1.1878 2.1654, -0.3231 -1.1878 2.1657, -0.3304 -1.2016 2.1654, -0.3304 -1.2016 2.1657, -0.4503 -1.2274 2.1657, -0.4502 -1.2137 2.1657, -0.4503 -1.2274 2.1654, -0.4502 -1.2137 2.1654, -0.4012 -1.2278 2.1654, -0.4012 -1.2278 2.1657, -0.4252 -1.2276 2.1654, -0.4015 -1.2682 2.1657, -0.4015 -1.2682 2.1654, -0.4445 -1.2679 2.1654, -0.4445 -1.2679 2.1657, -0.4252 -1.268 2.1654, -0.4446 -1.2816 2.1657, -0.4446 -1.2816 2.1654, -0.4016 -1.2819 2.1654, -0.4016 -1.2819 2.1657, -0.4252 -1.2818 2.1654, -0.4019 -1.3204 2.1657, -0.4019 -1.3204 2.1654, -0.4482 -1.32 2.1654, -0.4482 -1.32 2.1657, -0.4252 -1.3202 2.1654, -0.4483 -1.3338 2.1657, -0.4483 -1.3331 2.1654, -0.4483 -1.3338 2.1654, -0.3865 -1.3343 2.1654, -0.3865 -1.3343 2.1657, -0.4252 -1.334 2.1654, -0.3856 -1.2142 2.1654, -0.3856 -1.2142 2.1657, -0.3865 -1.3331 2.1654, -0.4252 -1.2139 2.1654, -0.5478 -1.2467 2.1657, -0.5417 -1.2393 2.1657, -0.5527 -1.2298 2.1657, -0.5395 -1.2373 2.1657, -0.5402 -1.221 2.1657, -0.5315 -1.2321 2.1657, -0.5266 -1.2157 2.1657, -0.5212 -1.2286 2.1657, -0.5059 -1.2133 2.1657, -0.5059 -1.227 2.1657, -0.4729 -1.2136 2.1657, -0.4885 -1.2271 2.1657, -0.4738 -1.3337 2.1657, -0.4892 -1.3197 2.1657, -0.508 -1.3334 2.1657, -0.5073 -1.3196 2.1657, -0.5263 -1.3313 2.1657, -0.5228 -1.3178 2.1657, -0.5408 -1.3259 2.1657, -0.5331 -1.314 2.1657, -0.5533 -1.3172 2.1657, -0.5419 -1.3081 2.1657, -0.5574 -1.3131 2.1657, -0.5458 -1.304 2.1657, -0.5648 -1.3026 2.1657, -0.5503 -1.2971 2.1657, -0.5692 -1.2912 2.1657, -0.5534 -1.288 2.1657, -0.5711 -1.2745 2.1657, -0.5548 -1.2741 2.1657, -0.5707 -1.2668 2.1657, -0.5544 -1.2666 2.1657, -0.5677 -1.2528 2.1657, -0.552 -1.2556 2.1657, -0.5617 -1.2404 2.1657, -0.5059 -1.2133 2.1654, -0.4729 -1.2136 2.1654, -0.5266 -1.2157 2.1654, -0.5402 -1.221 2.1654, -0.5527 -1.2298 2.1654, -0.5617 -1.2404 2.1654, -0.5677 -1.2528 2.1654, -0.5707 -1.2668 2.1654, -0.5711 -1.2745 2.1654, -0.5692 -1.2912 2.1654, -0.5648 -1.3026 2.1654, -0.5574 -1.3131 2.1654, -0.5533 -1.3172 2.1654, -0.508 -1.3334 2.1654, -0.5105 -1.3331 2.1654, -0.5263 -1.3313 2.1654, -0.5408 -1.3259 2.1654, -0.4738 -1.3337 2.1654, -0.4737 -1.3331 2.1654, -0.5073 -1.3196 2.1654, -0.4892 -1.3197 2.1654, -0.4885 -1.2271 2.1654, -0.5059 -1.227 2.1654, -0.5417 -1.2393 2.1654, -0.5395 -1.2373 2.1654, -0.5315 -1.2321 2.1654, -0.5212 -1.2286 2.1654, -0.5548 -1.2741 2.1654, -0.5544 -1.2666 2.1654, -0.552 -1.2556 2.1654, -0.5478 -1.2467 2.1654, -0.5419 -1.3081 2.1654, -0.5458 -1.304 2.1654, -0.5503 -1.2971 2.1654, -0.5534 -1.288 2.1654, -0.5228 -1.3178 2.1654, -0.5331 -1.314 2.1654
            ]
        }
        coordIndex [
            0,1,2,-1,3,4,5,-1,3,5,6,-1,6,5,7,-1,6,7,2,-1,2,7,8,-1,2,8,0,-1,9,1,10,-1,10,1,0,-1,11,12,13,-1,9,10,14,-1,9,14,13,-1,13,14,15,-1,13,15,11,-1,12,11,16,-1,12,16,17,-1,17,16,18,-1,17,18,19,-1,19,18,20,-1,19,20,21,-1,21,20,22,-1,21,22,23,-1,23,22,24,-1,23,24,25,-1,25,24,26,-1,25,26,27,-1,27,26,28,-1,27,28,29,-1,29,28,30,-1,29,30,31,-1,31,30,32,-1,31,32,33,-1,33,32,34,-1,33,34,35,-1,35,34,36,-1,35,36,37,-1,37,36,38,-1,37,38,39,-1,39,38,40,-1,39,40,41,-1,41,40,42,-1,41,42,43,-1,43,42,44,-1,43,44,45,-1,45,44,46,-1,45,46,47,-1,47,46,48,-1,47,48,49,-1,49,48,50,-1,49,50,51,-1,51,50,52,-1,51,52,53,-1,53,52,54,-1,53,54,55,-1,55,54,56,-1,55,56,57,-1,57,56,58,-1,57,58,59,-1,59,58,60,-1,59,60,61,-1,61,60,62,-1,61,62,63,-1,63,62,64,-1,63,64,65,-1,65,64,66,-1,65,66,67,-1,67,66,68,-1,67,68,69,-1,69,68,70,-1,69,70,71,-1,71,70,72,-1,71,72,73,-1,74,73,75,-1,75,73,72,-1,74,75,76,-1,74,76,77,-1,77,76,78,-1,77,78,79,-1,79,78,80,-1,79,80,81,-1,81,80,82,-1,81,82,83,-1,83,82,84,-1,83,84,85,-1,86,85,87,-1,87,85,84,-1,87,88,86,-1,86,88,89,-1,86,89,90,-1,90,89,91,-1,90,91,92,-1,92,91,93,-1,92,93,94,-1,94,93,95,-1,94,95,96,-1,96,95,97,-1,96,97,98,-1,98,97,99,-1,98,99,100,-1,101,102,103,-1,100,99,104,-1,100,104,105,-1,105,104,106,-1,105,106,103,-1,103,106,107,-1,103,107,101,-1,102,101,108,-1,102,108,109,-1,109,108,110,-1,109,110,111,-1,111,110,112,-1,111,112,113,-1,113,112,114,-1,113,114,115,-1,115,114,116,-1,115,116,117,-1,117,116,118,-1,117,118,119,-1,119,118,120,-1,119,120,121,-1,121,120,122,-1,121,122,123,-1,123,122,124,-1,123,124,125,-1,125,124,126,-1,125,126,127,-1,127,126,128,-1,127,128,129,-1,129,128,130,-1,129,130,131,-1,131,130,132,-1,131,132,133,-1,133,132,4,-1,133,4,3,-1,57,59,85,-1,85,59,83,-1,83,59,61,-1,83,61,81,-1,123,23,25,-1,109,41,102,-1,102,41,43,-1,123,25,121,-1,121,25,27,-1,121,27,119,-1,119,27,29,-1,119,29,117,-1,117,29,31,-1,117,31,115,-1,115,31,33,-1,115,33,113,-1,113,33,35,-1,113,35,111,-1,111,35,37,-1,111,37,109,-1,109,37,39,-1,109,39,41,-1,23,123,21,-1,21,123,125,-1,21,125,19,-1,12,3,13,-1,13,3,6,-1,13,6,9,-1,9,6,2,-1,9,2,1,-1,61,63,81,-1,81,63,65,-1,81,65,79,-1,79,65,67,-1,79,67,77,-1,77,67,69,-1,77,69,74,-1,74,69,71,-1,74,71,73,-1,125,127,19,-1,19,127,129,-1,19,129,17,-1,17,129,131,-1,17,131,12,-1,12,131,133,-1,12,133,3,-1,85,86,57,-1,57,86,90,-1,57,90,55,-1,55,90,92,-1,55,92,53,-1,53,92,94,-1,53,94,51,-1,51,94,96,-1,51,96,49,-1,49,96,98,-1,49,98,47,-1,47,98,100,-1,47,100,45,-1,45,100,105,-1,45,105,43,-1,43,105,103,-1,43,103,102,-1,134,135,136,-1,136,135,137,-1,138,134,139,-1,139,134,136,-1,138,139,140,-1,138,140,141,-1,141,140,142,-1,141,142,143,-1,144,143,145,-1,145,143,142,-1,146,144,147,-1,147,144,145,-1,148,149,150,-1,150,149,146,-1,150,146,147,-1,151,149,152,-1,152,149,148,-1,153,154,155,-1,155,154,151,-1,155,151,152,-1,156,154,157,-1,157,154,153,-1,156,157,158,-1,156,158,159,-1,158,160,159,-1,159,160,161,-1,159,161,162,-1,162,161,163,-1,162,163,164,-1,164,163,165,-1,164,165,166,-1,166,165,167,-1,166,167,168,-1,168,167,169,-1,168,169,170,-1,170,169,171,-1,170,171,172,-1,173,172,174,-1,174,172,171,-1,173,174,175,-1,173,175,176,-1,176,175,177,-1,176,177,178,-1,178,177,179,-1,178,179,180,-1,180,179,181,-1,180,181,182,-1,182,181,183,-1,182,183,184,-1,183,185,184,-1,184,185,186,-1,184,186,187,-1,187,186,188,-1,187,188,189,-1,189,188,190,-1,189,190,191,-1,135,191,137,-1,137,191,190,-1,141,143,191,-1,135,134,191,-1,191,134,138,-1,191,138,141,-1,149,151,146,-1,146,151,154,-1,146,154,144,-1,143,144,191,-1,191,144,154,-1,191,154,189,-1,154,156,189,-1,189,156,159,-1,189,159,187,-1,187,159,162,-1,172,173,170,-1,170,173,176,-1,170,176,168,-1,168,176,178,-1,168,178,166,-1,166,178,180,-1,166,180,164,-1,164,180,182,-1,164,182,162,-1,162,182,184,-1,162,184,187,-1,192,193,194,-1,194,193,195,-1,196,197,198,-1,198,197,192,-1,198,192,194,-1,199,197,200,-1,200,197,196,-1,201,202,203,-1,203,202,199,-1,203,199,200,-1,204,202,205,-1,205,202,201,-1,206,207,208,-1,208,207,204,-1,208,204,205,-1,209,207,210,-1,210,207,206,-1,211,212,213,-1,213,212,209,-1,213,209,210,-1,212,211,214,-1,214,211,215,-1,214,215,216,-1,217,218,219,-1,219,218,214,-1,219,214,216,-1,220,221,222,-1,222,221,218,-1,222,218,217,-1,195,193,223,-1,223,193,221,-1,223,221,220,-1,212,214,209,-1,209,214,218,-1,209,218,207,-1,193,192,221,-1,221,192,197,-1,221,197,199,-1,202,204,199,-1,199,204,207,-1,199,207,221,-1,221,207,218,-1,224,225,226,-1,226,225,227,-1,226,227,228,-1,228,227,229,-1,228,229,230,-1,230,229,231,-1,230,231,232,-1,232,231,233,-1,232,233,234,-1,234,233,235,-1,234,235,236,-1,236,235,237,-1,236,237,238,-1,238,237,239,-1,238,239,240,-1,240,239,241,-1,240,241,242,-1,242,241,243,-1,242,243,244,-1,244,243,245,-1,244,245,246,-1,246,245,247,-1,246,247,248,-1,248,247,249,-1,248,249,250,-1,250,249,251,-1,250,251,252,-1,252,251,253,-1,252,253,254,-1,254,253,255,-1,254,255,256,-1,256,255,257,-1,256,257,258,-1,258,257,224,-1,258,224,226,-1,232,234,259,-1,259,234,260,-1,232,259,261,-1,232,261,230,-1,230,261,262,-1,230,262,228,-1,228,262,263,-1,228,263,226,-1,226,263,264,-1,226,264,258,-1,258,264,265,-1,258,265,256,-1,256,265,266,-1,256,266,254,-1,254,266,267,-1,254,267,252,-1,252,267,268,-1,252,268,250,-1,250,268,269,-1,250,269,248,-1,248,269,270,-1,248,270,246,-1,246,270,271,-1,246,271,244,-1,272,238,273,-1,273,238,240,-1,273,240,274,-1,274,240,242,-1,274,242,275,-1,275,242,244,-1,275,244,271,-1,236,238,276,-1,276,238,272,-1,260,234,277,-1,277,234,236,-1,277,236,276,-1,239,237,278,-1,278,237,279,-1,237,235,279,-1,279,235,280,-1,235,233,280,-1,280,233,281,-1,225,282,283,-1,225,283,227,-1,227,283,284,-1,227,284,229,-1,229,284,285,-1,229,285,231,-1,231,285,281,-1,231,281,233,-1,253,286,287,-1,253,287,255,-1,255,287,288,-1,255,288,257,-1,257,288,289,-1,257,289,224,-1,224,289,282,-1,224,282,225,-1,245,290,291,-1,245,291,247,-1,247,291,292,-1,247,292,249,-1,249,292,293,-1,249,293,251,-1,251,293,286,-1,251,286,253,-1,239,278,294,-1,239,294,241,-1,241,294,295,-1,241,295,243,-1,243,295,290,-1,243,290,245,-1,
        ]
    }
}
Shape{
    appearance Appearance {
        material  Material {
            diffuseColor 0.9019607843137255 0.8627450980392157 0.7843137254901961
            specularColor 0.27058823529411763 0.25882352941176473 0.23529411764705882
            ambientIntensity 0.8655
            transparency 0.0
            shininess 0.5
        }
    }
    geometry IndexedFaceSet {
        ccw TRUE
        solid FALSE
        coord DEF co Coordinate {
            point [
                -0.4892 -1.3197 2.1654, -0.4885 -1.2271 2.1654, -0.5073 -1.3196 2.1654, -0.5059 -1.227 2.1654, -0.5212 -1.2286 2.1654, -0.5315 -1.2321 2.1654, -0.5395 -1.2373 2.1654, -0.5417 -1.2393 2.1654, -0.5478 -1.2467 2.1654, -0.552 -1.2556 2.1654, -0.5544 -1.2666 2.1654, -0.5548 -1.2741 2.1654, -0.5534 -1.288 2.1654, -0.5503 -1.2971 2.1654, -0.5458 -1.304 2.1654, -0.5419 -1.3081 2.1654, -0.5228 -1.3178 2.1654, -0.5331 -1.314 2.1654
            ]
        }
        coordIndex [
            0,1,2,-1,2,1,3,-1,2,3,4,-1,4,5,2,-1,2,5,6,-1,2,6,7,-1,7,8,2,-1,2,8,9,-1,2,9,10,-1,10,11,2,-1,2,11,12,-1,2,12,13,-1,13,14,2,-1,2,14,15,-1,2,15,16,-1,16,15,17,-1,
        ]
    }
}
Shape{
    appearance Appearance {
        material  Material {
            diffuseColor 0.0 0.0 0.0
            specularColor 0.0 0.0 0.0
            ambientIntensity 0.0
            transparency 0.0
            shininess 0.5
        }
    }
    geometry IndexedFaceSet {
        ccw TRUE
        solid FALSE
        coord DEF co Coordinate {
            point [
                -0.6113 -1.259 2.1657, -0.6063 -1.2455 2.1657, -0.6516 -1.2587 2.1657, -0.6563 -1.2451 2.1657, -0.6296 -1.3088 2.1657, -0.6239 -1.3326 2.1657, -0.5773 -1.2128 2.1657, -0.5945 -1.2127 2.1657, -0.6306 -1.3124 2.1657, -0.6316 -1.3172 2.1657, -0.6405 -1.3325 2.1657, -0.632 -1.3172 2.1657, -0.6329 -1.3121 2.1657, -0.6338 -1.3088 2.1657, -0.6854 -1.2121 2.1657, -0.6683 -1.2122 2.1657, -0.6405 -1.3325 2.1654, -0.6854 -1.2121 2.1654, -0.6239 -1.3326 2.1654, -0.5773 -1.2128 2.1654, -0.5945 -1.2127 2.1654, -0.6063 -1.2455 2.1654, -0.6563 -1.2451 2.1654, -0.6683 -1.2122 2.1654, -0.6113 -1.259 2.1654, -0.6516 -1.2587 2.1654, -0.6338 -1.3088 2.1654, -0.632 -1.3172 2.1654, -0.6329 -1.3121 2.1654, -0.6316 -1.3172 2.1654, -0.6296 -1.3088 2.1654, -0.6306 -1.3124 2.1654
            ]
        }
        coordIndex [
            0,1,2,-1,2,1,3,-1,4,5,0,-1,0,5,6,-1,0,6,1,-1,1,6,7,-1,4,8,5,-1,5,8,9,-1,5,9,10,-1,10,9,11,-1,10,11,12,-1,12,13,10,-1,10,13,2,-1,10,2,14,-1,14,2,3,-1,14,3,15,-1,10,14,16,-1,16,14,17,-1,5,10,18,-1,18,10,16,-1,6,5,19,-1,19,5,18,-1,7,6,20,-1,20,6,19,-1,1,7,21,-1,21,7,20,-1,3,1,22,-1,22,1,21,-1,15,3,23,-1,23,3,22,-1,14,15,17,-1,17,15,23,-1,0,2,24,-1,24,2,25,-1,2,13,25,-1,25,13,26,-1,11,27,28,-1,11,28,12,-1,12,28,26,-1,12,26,13,-1,11,9,27,-1,27,9,29,-1,4,30,31,-1,4,31,8,-1,8,31,29,-1,8,29,9,-1,4,0,30,-1,30,0,24,-1,
        ]
    }
}
Shape{
    appearance Appearance {
        material  Material {
            diffuseColor 0.9019607843137255 0.8627450980392157 0.7843137254901961
            specularColor 0.27058823529411763 0.25882352941176473 0.23529411764705882
            ambientIntensity 0.8655
            transparency 0.0
            shininess 0.5
        }
    }
    geometry IndexedFaceSet {
        ccw TRUE
        solid FALSE
        coord DEF co Coordinate {
            point [
                -0.632 -1.3172 2.1654, -0.6316 -1.3172 2.1654, -0.6329 -1.3121 2.1654, -0.6306 -1.3124 2.1654, -0.6338 -1.3088 2.1654, -0.6296 -1.3088 2.1654, -0.6516 -1.2587 2.1654, -0.6113 -1.259 2.1654
            ]
        }
        coordIndex [
            0,1,2,-1,2,1,3,-1,2,3,4,-1,4,3,5,-1,4,5,6,-1,6,5,7,-1,
        ]
    }
}
Shape{
    appearance Appearance {
        material  Material {
            diffuseColor 0.0 0.0 0.0
            specularColor 0.0 0.0 0.0
            ambientIntensity 0.0
            transparency 0.0
            shininess 0.5
        }
    }
    geometry IndexedFaceSet {
        ccw TRUE
        solid FALSE
        coord DEF co Coordinate {
            point [
                0.3351 -1.199 2.1657, 0.3249 -1.218 2.1657, 0.3198 -1.2391 2.1657, 0.4129 -1.2151 2.1657, 0.4208 -1.218 2.1657, 0.486 -1.2217 2.1657, 0.4277 -1.2227 2.1657, 0.1992 -1.3187 2.1657, 0.2254 -1.3641 2.1657, 0.3192 -1.2563 2.1657, 0.3402 -1.3052 2.1657, 0.3193 -1.2478 2.1657, 0.3655 -1.1726 2.1657, 0.3484 -1.1843 2.1657, 0.4331 -1.2289 2.1657, 0.4367 -1.2359 2.1657, 0.5018 -1.2268 2.1657, 0.4386 -1.2438 2.1657, 0.5319 -1.2433 2.1657, 0.1704 -1.403 2.1657, 0.1636 -1.403 2.1657, 0.1283 -1.4488 2.1657, 0.1474 -1.4009 2.1657, 0.1222 -1.4467 2.1657, 0.1325 -1.395 2.1657, 0.097 -1.4334 2.1657, 0.0744 -1.4134 2.1657, 0.4105 -1.4329 2.1657, 0.4042 -1.4294 2.1657, 0.4302 -1.492 2.1657, 0.3925 -1.454 2.1657, 0.4126 -1.5122 2.1657, 0.3737 -1.4772 2.1657, 0.3924 -1.5293 2.1657, 0.3501 -1.4949 2.1657, 0.3716 -1.542 2.1657, 0.4847 -1.2789 2.1657, 0.5032 -1.2904 2.1657, 0.554 -1.2631 2.1657, 0.5184 -1.3062 2.1657, 0.5327 -1.3784 2.1657, 0.5887 -1.3677 2.1657, 0.5354 -1.3578 2.1657, 0.5892 -1.3565 2.1657, 0.5345 -1.3448 2.1657, 0.5864 -1.3277 2.1657, 0.5285 -1.3238 2.1657, 0.5755 -1.2956 2.1657, 0.5579 -1.2678 2.1657, 0.3748 -1.2605 2.1657, 0.3726 -1.2527 2.1657, 0.3724 -1.2444 2.1657, 0.3742 -1.2362 2.1657, 0.3781 -1.2287 2.1657, 0.2085 -1.2184 2.1657, 0.205 -1.218 2.1657, 0.1978 -1.27 2.1657, 0.3321 -1.5569 2.1657, 0.3222 -1.5064 2.1657, 0.2897 -1.5618 2.1657, 0.1739 -1.5166 2.1657, 0.2021 -1.4721 2.1657, 0.1462 -1.4842 2.1657, 0.1845 -1.4477 2.1657, 0.1733 -1.4193 2.1657, 0.4296 -1.44 2.1657, 0.4401 -1.4932 2.1657, 0.4494 -1.4426 2.1657, 0.4499 -1.4938 2.1657, 0.4581 -1.4422 2.1657, 0.4788 -1.491 2.1657, 0.4792 -1.4374 2.1657, 0.5108 -1.4801 2.1657, 0.4984 -1.4274 2.1657, 0.5397 -1.4614 2.1657, 0.5133 -1.4143 2.1657, 0.5484 -1.4535 2.1657, 0.5253 -1.3974 2.1657, 0.5666 -1.4313 2.1657, 0.5814 -1.4012 2.1657, 0.3835 -1.2226 2.1657, 0.3901 -1.218 2.1657, 0.3846 -1.1654 2.1657, 0.3975 -1.2152 2.1657, 0.4053 -1.163 2.1657, 0.4057 -1.2143 2.1657, 0.4086 -1.1631 2.1657, 0.1194 -1.3857 2.1657, 0.1095 -1.3745 2.1657, 0.0575 -1.3887 2.1657, 0.1017 -1.3597 2.1657, 0.0477 -1.3624 2.1657, 0.0978 -1.3432 2.1657, 0.0445 -1.3364 2.1657, 0.0975 -1.3359 2.1657, 0.1594 -1.2697 2.1657, 0.1547 -1.2176 2.1657, 0.1442 -1.2725 2.1657, 0.1283 -1.2227 2.1657, 0.129 -1.2794 2.1657, 0.102 -1.2347 2.1657, 0.1163 -1.2896 2.1657, 0.0794 -1.2527 2.1657, 0.1151 -1.2909 2.1657, 0.0767 -1.2555 2.1657, 0.1056 -1.3041 2.1657, 0.0607 -1.277 2.1657, 0.0996 -1.3193 2.1657, 0.0493 -1.3036 2.1657, 0.0446 -1.3315 2.1657, 0.2938 -1.5106 2.1657, 0.2892 -1.5106 2.1657, 0.2545 -1.5579 2.1657, 0.2627 -1.5074 2.1657, 0.2118 -1.5425 2.1657, 0.2358 -1.4975 2.1657, 0.2116 -1.4813 2.1657, 0.4776 -1.2033 2.1657, 0.465 -1.1875 2.1657, 0.4484 -1.1748 2.1657, 0.4287 -1.1664 2.1657, 0.2295 -1.2471 2.1657, 0.2296 -1.2446 2.1657, 0.2021 -1.2708 2.1657, 0.2289 -1.2386 2.1657, 0.4385 -1.2518 2.1657, 0.4364 -1.2599 2.1657, 0.4751 -1.2972 2.1657, 0.4323 -1.2673 2.1657, 0.4609 -1.3132 2.1657, 0.4266 -1.2733 2.1657, 0.4433 -1.3252 2.1657, 0.4197 -1.2776 2.1657, 0.4244 -1.3323 2.1657, 0.4122 -1.2802 2.1657, 0.404 -1.3346 2.1657, 0.4053 -1.2809 2.1657, 0.3936 -1.334 2.1657, 0.3995 -1.2803 2.1657, 0.373 -1.3287 2.1657, 0.3915 -1.2777 2.1657, 0.355 -1.3188 2.1657, 0.3844 -1.2733 2.1657, 0.3788 -1.2674 2.1657, 0.2268 -1.2328 2.1657, 0.2233 -1.2274 2.1657, 0.2199 -1.2241 2.1657, 0.1996 -1.2702 2.1657, 0.2142 -1.2204 2.1657, 0.203 -1.2709 2.1657, 0.209 -1.2702 2.1657, 0.2149 -1.2681 2.1657, 0.2203 -1.2645 2.1657, 0.2248 -1.2596 2.1657, 0.2279 -1.2537 2.1657, 0.0445 -1.3364 2.1654, 0.0477 -1.3624 2.1654, 0.0683 -1.4045 2.1654, 0.0506 -1.3701 2.1654, 0.0575 -1.3887 2.1654, 0.0744 -1.4134 2.1654, 0.097 -1.4334 2.1654, 0.1222 -1.4467 2.1654, 0.1283 -1.4488 2.1654, 0.1462 -1.4842 2.1654, 0.1739 -1.5166 2.1654, 0.2897 -1.5618 2.1654, 0.1884 -1.5265 2.1654, 0.2118 -1.5425 2.1654, 0.2191 -1.5451 2.1654, 0.2545 -1.5579 2.1654, 0.3924 -1.5293 2.1654, 0.3321 -1.5569 2.1654, 0.3633 -1.5451 2.1654, 0.3716 -1.542 2.1654, 0.4302 -1.492 2.1654, 0.3957 -1.5265 2.1654, 0.4126 -1.5122 2.1654, 0.4401 -1.4932 2.1654, 0.4499 -1.4938 2.1654, 0.4788 -1.491 2.1654, 0.5108 -1.4801 2.1654, 0.5397 -1.4614 2.1654, 0.5484 -1.4535 2.1654, 0.5892 -1.3565 2.1654, 0.5666 -1.4313 2.1654, 0.5798 -1.4045 2.1654, 0.5814 -1.4012 2.1654, 0.5881 -1.3701 2.1654, 0.5887 -1.3677 2.1654, 0.5869 -1.3331 2.1654, 0.5871 -1.3355 2.1654, 0.5864 -1.3277 2.1654, 0.5755 -1.2956 2.1654, 0.5579 -1.2678 2.1654, 0.554 -1.2631 2.1654, 0.5319 -1.2433 2.1654, 0.5018 -1.2268 2.1654, 0.486 -1.2217 2.1654, 0.4776 -1.2033 2.1654, 0.465 -1.1875 2.1654, 0.4484 -1.1748 2.1654, 0.4287 -1.1664 2.1654, 0.4086 -1.1631 2.1654, 0.4053 -1.163 2.1654, 0.3846 -1.1654 2.1654, 0.3655 -1.1726 2.1654, 0.3484 -1.1843 2.1654, 0.3351 -1.199 2.1654, 0.3249 -1.218 2.1654, 0.3198 -1.2391 2.1654, 0.3193 -1.2478 2.1654, 0.3192 -1.2563 2.1654, 0.1992 -1.3187 2.1654, 0.2075 -1.3331 2.1654, 0.2089 -1.3355 2.1654, 0.2254 -1.3641 2.1654, 0.2857 -1.3331 2.1654, 0.3402 -1.3052 2.1654, 0.2812 -1.3355 2.1654, 0.404 -1.3346 2.1654, 0.355 -1.3188 2.1654, 0.373 -1.3287 2.1654, 0.3904 -1.3331 2.1654, 0.3936 -1.334 2.1654, 0.4172 -1.3331 2.1654, 0.4244 -1.3323 2.1654, 0.4433 -1.3252 2.1654, 0.4609 -1.3132 2.1654, 0.4751 -1.2972 2.1654, 0.4847 -1.2789 2.1654, 0.5354 -1.3578 2.1654, 0.5032 -1.2904 2.1654, 0.5184 -1.3062 2.1654, 0.5285 -1.3238 2.1654, 0.5312 -1.3331 2.1654, 0.5318 -1.3355 2.1654, 0.5345 -1.3448 2.1654, 0.5338 -1.3701 2.1654, 0.5327 -1.3784 2.1654, 0.5253 -1.3974 2.1654, 0.5202 -1.4045 2.1654, 0.5133 -1.4143 2.1654, 0.4984 -1.4274 2.1654, 0.4792 -1.4374 2.1654, 0.4581 -1.4422 2.1654, 0.4494 -1.4426 2.1654, 0.4296 -1.44 2.1654, 0.4105 -1.4329 2.1654, 0.4042 -1.4294 2.1654, 0.3925 -1.454 2.1654, 0.3737 -1.4772 2.1654, 0.3501 -1.4949 2.1654, 0.3222 -1.5064 2.1654, 0.2938 -1.5106 2.1654, 0.2892 -1.5106 2.1654, 0.1704 -1.403 2.1654, 0.1707 -1.4045 2.1654, 0.1733 -1.4193 2.1654, 0.1845 -1.4477 2.1654, 0.2021 -1.4721 2.1654, 0.2116 -1.4813 2.1654, 0.2358 -1.4975 2.1654, 0.2627 -1.5074 2.1654, 0.1636 -1.403 2.1654, 0.1474 -1.4009 2.1654, 0.1325 -1.395 2.1654, 0.1194 -1.3857 2.1654, 0.1095 -1.3745 2.1654, 0.1072 -1.3701 2.1654, 0.1017 -1.3597 2.1654, 0.0978 -1.3432 2.1654, 0.0975 -1.3359 2.1654, 0.0975 -1.3355 2.1654, 0.0978 -1.3331 2.1654, 0.0996 -1.3193 2.1654, 0.1056 -1.3041 2.1654, 0.1151 -1.2909 2.1654, 0.1163 -1.2896 2.1654, 0.129 -1.2794 2.1654, 0.1442 -1.2725 2.1654, 0.1594 -1.2697 2.1654, 0.1978 -1.27 2.1654, 0.1996 -1.2702 2.1654, 0.2021 -1.2708 2.1654, 0.203 -1.2709 2.1654, 0.209 -1.2702 2.1654, 0.2149 -1.2681 2.1654, 0.2203 -1.2645 2.1654, 0.2248 -1.2596 2.1654, 0.2279 -1.2537 2.1654, 0.2295 -1.2471 2.1654, 0.2296 -1.2446 2.1654, 0.2289 -1.2386 2.1654, 0.2268 -1.2328 2.1654, 0.2233 -1.2274 2.1654, 0.2199 -1.2241 2.1654, 0.2142 -1.2204 2.1654, 0.2085 -1.2184 2.1654, 0.205 -1.218 2.1654, 0.1547 -1.2176 2.1654, 0.1283 -1.2227 2.1654, 0.102 -1.2347 2.1654, 0.0794 -1.2527 2.1654, 0.0767 -1.2555 2.1654, 0.0445 -1.3355 2.1654, 0.0446 -1.3331 2.1654, 0.0446 -1.3315 2.1654, 0.0493 -1.3036 2.1654, 0.0607 -1.277 2.1654, 0.4053 -1.2809 2.1654, 0.3995 -1.2803 2.1654, 0.3915 -1.2777 2.1654, 0.3844 -1.2733 2.1654, 0.3788 -1.2674 2.1654, 0.3748 -1.2605 2.1654, 0.3726 -1.2527 2.1654, 0.3724 -1.2444 2.1654, 0.3742 -1.2362 2.1654, 0.3781 -1.2287 2.1654, 0.3835 -1.2226 2.1654, 0.3901 -1.218 2.1654, 0.3975 -1.2152 2.1654, 0.4057 -1.2143 2.1654, 0.4129 -1.2151 2.1654, 0.4208 -1.218 2.1654, 0.4277 -1.2227 2.1654, 0.4331 -1.2289 2.1654, 0.4367 -1.2359 2.1654, 0.4386 -1.2438 2.1654, 0.4385 -1.2518 2.1654, 0.4364 -1.2599 2.1654, 0.4323 -1.2673 2.1654, 0.4266 -1.2733 2.1654, 0.4197 -1.2776 2.1654, 0.4122 -1.2802 2.1654
            ]
        }
        coordIndex [
            0,1,2,-1,3,4,5,-1,5,4,6,-1,7,8,9,-1,9,8,10,-1,9,10,11,-1,11,10,12,-1,11,12,2,-1,2,12,13,-1,2,13,0,-1,6,14,5,-1,5,14,15,-1,5,15,16,-1,16,15,17,-1,16,17,18,-1,19,20,21,-1,21,20,22,-1,21,22,23,-1,23,22,24,-1,23,24,25,-1,25,24,26,-1,27,28,29,-1,29,28,30,-1,29,30,31,-1,31,30,32,-1,31,32,33,-1,33,32,34,-1,33,34,35,-1,17,36,18,-1,18,36,37,-1,18,37,38,-1,38,37,39,-1,40,41,42,-1,42,41,43,-1,42,43,44,-1,44,43,45,-1,44,45,46,-1,46,45,47,-1,46,47,39,-1,39,47,48,-1,39,48,38,-1,49,50,10,-1,10,50,51,-1,10,51,12,-1,12,51,52,-1,12,52,53,-1,54,55,56,-1,35,34,57,-1,57,34,58,-1,57,58,59,-1,60,61,62,-1,62,61,63,-1,62,63,21,-1,21,63,64,-1,21,64,19,-1,27,29,65,-1,65,29,66,-1,65,66,67,-1,67,66,68,-1,67,68,69,-1,69,68,70,-1,69,70,71,-1,71,70,72,-1,71,72,73,-1,73,72,74,-1,73,74,75,-1,75,74,76,-1,75,76,77,-1,77,76,78,-1,77,78,40,-1,40,78,79,-1,40,79,41,-1,53,80,12,-1,12,80,81,-1,12,81,82,-1,82,81,83,-1,82,83,84,-1,84,83,85,-1,84,85,86,-1,24,87,26,-1,26,87,88,-1,26,88,89,-1,89,88,90,-1,89,90,91,-1,91,90,92,-1,91,92,93,-1,93,92,94,-1,56,55,95,-1,95,55,96,-1,95,96,97,-1,97,96,98,-1,97,98,99,-1,99,98,100,-1,99,100,101,-1,101,100,102,-1,101,102,103,-1,103,102,104,-1,103,104,105,-1,105,104,106,-1,105,106,107,-1,107,106,108,-1,107,108,94,-1,94,108,109,-1,94,109,93,-1,58,110,59,-1,59,110,111,-1,59,111,112,-1,112,111,113,-1,112,113,114,-1,114,113,115,-1,114,115,60,-1,60,115,116,-1,60,116,61,-1,3,5,85,-1,85,5,117,-1,85,117,118,-1,118,119,85,-1,85,119,120,-1,85,120,86,-1,121,122,123,-1,123,122,124,-1,17,125,36,-1,36,125,126,-1,36,126,127,-1,127,126,128,-1,127,128,129,-1,129,128,130,-1,129,130,131,-1,131,130,132,-1,131,132,133,-1,133,132,134,-1,133,134,135,-1,135,134,136,-1,135,136,137,-1,137,136,138,-1,137,138,139,-1,139,138,140,-1,139,140,141,-1,141,140,142,-1,141,142,10,-1,10,142,143,-1,10,143,49,-1,124,144,123,-1,123,144,145,-1,123,145,146,-1,56,147,54,-1,54,147,123,-1,54,123,148,-1,148,123,146,-1,123,149,121,-1,121,149,150,-1,121,150,151,-1,151,152,121,-1,121,152,153,-1,121,153,154,-1,93,155,156,-1,157,26,89,-1,93,156,91,-1,91,156,158,-1,91,158,89,-1,89,158,159,-1,89,159,157,-1,157,160,26,-1,26,160,161,-1,26,161,25,-1,25,161,162,-1,25,162,23,-1,23,162,163,-1,23,163,21,-1,21,163,164,-1,21,164,62,-1,62,164,165,-1,62,165,60,-1,166,59,112,-1,60,165,167,-1,60,167,114,-1,167,168,114,-1,114,168,169,-1,114,169,112,-1,112,169,170,-1,112,170,166,-1,171,33,35,-1,59,166,172,-1,59,172,57,-1,57,172,173,-1,57,173,35,-1,35,173,174,-1,35,174,171,-1,175,29,31,-1,33,171,176,-1,33,176,31,-1,31,176,177,-1,31,177,175,-1,29,175,178,-1,29,178,66,-1,66,178,179,-1,66,179,68,-1,68,179,180,-1,68,180,70,-1,70,180,181,-1,70,181,72,-1,72,181,182,-1,72,182,74,-1,74,182,183,-1,74,183,76,-1,184,43,41,-1,76,183,185,-1,76,185,78,-1,78,185,186,-1,78,186,79,-1,186,187,79,-1,79,187,188,-1,79,188,41,-1,41,188,189,-1,41,189,184,-1,190,45,191,-1,191,45,43,-1,191,43,184,-1,190,192,45,-1,45,192,193,-1,45,193,47,-1,47,193,194,-1,47,194,48,-1,48,194,195,-1,48,195,38,-1,38,195,196,-1,38,196,18,-1,18,196,197,-1,18,197,16,-1,16,197,198,-1,16,198,5,-1,5,198,199,-1,5,199,117,-1,117,199,200,-1,117,200,118,-1,118,200,201,-1,118,201,119,-1,119,201,202,-1,119,202,120,-1,120,202,203,-1,120,203,86,-1,86,203,204,-1,86,204,84,-1,84,204,205,-1,84,205,82,-1,82,205,206,-1,82,206,12,-1,12,206,207,-1,12,207,13,-1,13,207,208,-1,13,208,0,-1,0,208,209,-1,0,209,1,-1,1,209,210,-1,1,210,2,-1,2,210,211,-1,2,211,11,-1,9,11,212,-1,212,11,211,-1,7,9,213,-1,213,9,212,-1,213,214,7,-1,7,214,215,-1,7,215,8,-1,8,215,216,-1,217,218,10,-1,217,10,219,-1,219,10,8,-1,219,8,216,-1,220,135,137,-1,10,218,221,-1,10,221,141,-1,141,221,222,-1,141,222,139,-1,139,222,223,-1,139,223,137,-1,137,223,224,-1,137,224,220,-1,133,135,225,-1,225,135,220,-1,225,226,133,-1,133,226,227,-1,133,227,131,-1,131,227,228,-1,131,228,129,-1,129,228,229,-1,129,229,127,-1,127,229,230,-1,127,230,36,-1,231,42,44,-1,36,230,232,-1,36,232,37,-1,37,232,233,-1,37,233,39,-1,39,233,234,-1,39,234,46,-1,234,235,46,-1,46,235,236,-1,46,236,44,-1,44,236,237,-1,44,237,231,-1,40,42,238,-1,238,42,231,-1,238,239,40,-1,40,239,240,-1,40,240,77,-1,77,240,241,-1,77,241,75,-1,241,242,75,-1,75,242,243,-1,75,243,73,-1,73,243,244,-1,73,244,71,-1,71,244,245,-1,71,245,69,-1,69,245,246,-1,69,246,67,-1,67,246,247,-1,67,247,65,-1,65,247,248,-1,65,248,27,-1,27,248,249,-1,27,249,28,-1,28,249,250,-1,28,250,30,-1,30,250,251,-1,30,251,32,-1,32,251,252,-1,32,252,34,-1,34,252,253,-1,34,253,58,-1,58,253,254,-1,58,254,110,-1,110,254,255,-1,110,255,111,-1,256,19,257,-1,257,19,64,-1,257,64,258,-1,258,64,63,-1,258,63,259,-1,259,63,61,-1,259,61,260,-1,260,61,116,-1,260,116,261,-1,261,116,115,-1,261,115,262,-1,262,115,113,-1,262,113,263,-1,263,113,111,-1,263,111,255,-1,20,19,264,-1,264,19,256,-1,20,264,265,-1,20,265,22,-1,22,265,266,-1,22,266,24,-1,24,266,267,-1,24,267,87,-1,87,267,268,-1,87,268,88,-1,88,268,269,-1,88,269,90,-1,269,270,90,-1,90,270,271,-1,90,271,92,-1,92,271,272,-1,92,272,94,-1,272,273,94,-1,94,273,274,-1,94,274,107,-1,274,275,107,-1,107,275,276,-1,107,276,105,-1,105,276,277,-1,105,277,103,-1,103,277,278,-1,103,278,101,-1,101,278,279,-1,101,279,99,-1,99,279,280,-1,99,280,97,-1,97,280,281,-1,97,281,95,-1,56,95,282,-1,282,95,281,-1,56,282,283,-1,56,283,147,-1,147,283,284,-1,147,284,123,-1,123,284,285,-1,123,285,149,-1,149,285,286,-1,149,286,150,-1,150,286,287,-1,150,287,151,-1,151,287,288,-1,151,288,152,-1,152,288,289,-1,152,289,153,-1,153,289,290,-1,153,290,154,-1,154,290,291,-1,154,291,121,-1,121,291,292,-1,121,292,122,-1,122,292,293,-1,122,293,124,-1,124,293,294,-1,124,294,144,-1,144,294,295,-1,144,295,145,-1,145,295,296,-1,145,296,146,-1,146,296,297,-1,146,297,148,-1,148,297,298,-1,148,298,54,-1,54,298,299,-1,54,299,55,-1,96,55,300,-1,300,55,299,-1,96,300,301,-1,96,301,98,-1,98,301,302,-1,98,302,100,-1,100,302,303,-1,100,303,102,-1,102,303,304,-1,102,304,104,-1,305,155,93,-1,305,93,306,-1,306,93,109,-1,306,109,307,-1,307,109,108,-1,307,108,308,-1,308,108,106,-1,308,106,309,-1,309,106,104,-1,309,104,304,-1,136,310,311,-1,136,311,138,-1,138,311,312,-1,138,312,140,-1,140,312,313,-1,140,313,142,-1,142,313,314,-1,142,314,143,-1,143,314,315,-1,143,315,49,-1,49,315,316,-1,49,316,50,-1,50,316,317,-1,50,317,51,-1,51,317,318,-1,51,318,52,-1,52,318,319,-1,52,319,53,-1,53,319,320,-1,53,320,80,-1,80,320,321,-1,80,321,81,-1,81,321,322,-1,81,322,83,-1,83,322,323,-1,83,323,85,-1,85,323,324,-1,85,324,3,-1,3,324,325,-1,3,325,4,-1,4,325,326,-1,4,326,6,-1,6,326,327,-1,6,327,14,-1,14,327,328,-1,14,328,15,-1,15,328,329,-1,15,329,17,-1,17,329,330,-1,17,330,125,-1,125,330,331,-1,125,331,126,-1,126,331,332,-1,126,332,128,-1,128,332,333,-1,128,333,130,-1,130,333,334,-1,130,334,132,-1,132,334,335,-1,132,335,134,-1,134,335,310,-1,134,310,136,-1,
        ]
    }
}
Shape{
    appearance Appearance {
        material  Material {
            diffuseColor 0.9019607843137255 0.8627450980392157 0.7843137254901961
            specularColor 0.27058823529411763 0.25882352941176473 0.23529411764705882
            ambientIntensity 0.8655
            transparency 0.0
            shininess 0.5
        }
    }
    geometry IndexedFaceSet {
        ccw TRUE
        solid FALSE
        coord DEF co Coordinate {
            point [
                0.3975 -1.2152 2.1654, 0.3995 -1.2803 2.1654, 0.4057 -1.2143 2.1654, 0.4053 -1.2809 2.1654, 0.4122 -1.2802 2.1654, 0.3835 -1.2226 2.1654, 0.3788 -1.2674 2.1654, 0.3844 -1.2733 2.1654, 0.4386 -1.2438 2.1654, 0.4367 -1.2359 2.1654, 0.4331 -1.2289 2.1654, 0.4277 -1.2227 2.1654, 0.3901 -1.218 2.1654, 0.3915 -1.2777 2.1654, 0.4208 -1.218 2.1654, 0.4129 -1.2151 2.1654, 0.4197 -1.2776 2.1654, 0.4266 -1.2733 2.1654, 0.4385 -1.2518 2.1654, 0.4323 -1.2673 2.1654, 0.4364 -1.2599 2.1654, 0.3742 -1.2362 2.1654, 0.3724 -1.2444 2.1654, 0.3781 -1.2287 2.1654, 0.3726 -1.2527 2.1654, 0.3748 -1.2605 2.1654
            ]
        }
        coordIndex [
            0,1,2,-1,2,1,3,-1,2,3,4,-1,5,6,7,-1,8,9,4,-1,4,9,10,-1,4,10,11,-1,0,12,1,-1,1,12,5,-1,1,5,13,-1,13,5,7,-1,11,14,4,-1,4,14,15,-1,4,15,2,-1,4,16,8,-1,8,16,17,-1,8,17,18,-1,18,17,19,-1,18,19,20,-1,21,22,23,-1,23,22,24,-1,23,24,5,-1,5,24,25,-1,5,25,6,-1,
        ]
    }
}