#VRML V2.0 utf8
# 3D model generated by kicad-lcsc-manager
# Based on easyeda2kicad.py v1.0.1

Shape{
    appearance Appearance {
        material  Material {
            diffuseColor 0.2235294117647059 0.2235294117647059 0.2235294117647059
            specularColor 0.11372549019607843 0.11372549019607843 0.11372549019607843
            ambientIntensity 0.2235
            transparency 0.0
            shininess 0.5
        }
    }
    geometry IndexedFaceSet {
        ccw TRUE
        solid FALSE
        coord DEF co Coordinate {
            point [
                0.0033 -0.1669 0.0, -0.0958 -0.1669 0.0, -0.0958 -0.1663 0.0, 0.0409 -0.1653 0.0, 0.0464 -0.1663 0.0, 0.0033 -0.1663 0.0, -0.0835 0.4182 0.0, -0.0958 0.4021 0.0, -0.0958 0.4594 0.0, -0.2878 -0.1663 0.0, -0.2176 -0.1663 0.0, -0.2174 -0.1669 0.0, 0.168 -0.0094 0.0, 0.127 -0.1459 0.0, 0.1258 -0.1453 0.0, 0.1762 0.024 0.0, 0.1721 0.0189 0.0, 0.1043 0.0189 0.0, 0.1637 0.0084 0.0, 0.168 -0.1538 0.0, 0.1462 -0.152 0.0, 0.1358 -0.1504 0.0, 0.1667 0.0021 0.0, 0.1679 -0.006 0.0, 0.1161 -0.1541 0.0, 0.1151 -0.155 0.0, 0.1147 -0.1558 0.0, 0.1043 -0.1663 0.0, 0.1143 -0.157 0.0, 0.1142 -0.1581 0.0, 0.1145 -0.1587 0.0, 0.1148 -0.159 0.0, 0.1192 -0.1512 0.0, 0.6158 -0.1663 0.0, 0.1757 -0.165 0.0, 0.176 -0.1647 0.0, 0.1753 -0.0086 0.0, 0.1755 0.0052 0.0, 0.1776 0.0189 0.0, 0.1321 -0.1495 0.0, 0.1299 -0.1484 0.0, 0.1742 -0.1653 0.0, 0.1749 -0.1653 0.0, 0.1753 -0.1652 0.0, 0.1152 -0.1593 0.0, 0.1159 -0.1595 0.0, 0.1165 -0.1596 0.0, 0.1763 -0.1643 0.0, 0.1767 -0.1635 0.0, 0.6158 0.0189 0.0, 0.1768 -0.1629 0.0, 0.1207 -0.1596 0.0, 0.1324 -0.1613 0.0, 0.1373 -0.1618 0.0, 0.1722 -0.1649 0.0, 0.1657 -0.1643 0.0, 0.1538 -0.1632 0.0, 0.6158 0.1203 0.0, 0.1768 -0.1612 0.0, 0.1753 -0.136 0.0, 0.1759 -0.1531 0.0, 0.1759 -0.1527 0.0, -0.27 -0.091 0.0, -0.2315 -0.1003 0.0, -0.2867 -0.1598 0.0, -0.2224 -0.1425 0.0, -0.2182 -0.164 0.0, -0.2012 -0.1951 0.0, -0.2141 -0.1735 0.0, -0.2139 -0.1734 0.0, -0.2912 -0.1723 0.0, -0.2911 -0.1726 0.0, -0.6158 -0.1951 0.0, -0.2909 -0.1728 0.0, -0.2908 -0.173 0.0, -0.2906 -0.1731 0.0, -0.2146 -0.1735 0.0, -0.2144 -0.1736 0.0, -0.2142 -0.1736 0.0, -0.2138 -0.1732 0.0, -0.2135 -0.1727 0.0, -0.2012 -0.1669 0.0, -0.2133 -0.172 0.0, -0.2129 -0.169 0.0, -0.2903 -0.1731 0.0, -0.2901 -0.1731 0.0, -0.2891 -0.1724 0.0, -0.2888 -0.1717 0.0, -0.2899 -0.1731 0.0, -0.2897 -0.1729 0.0, -0.2894 -0.1727 0.0, -0.2887 -0.1711 0.0, -0.2879 -0.1669 0.0, -0.2152 -0.1733 0.0, -0.2149 -0.1734 0.0, -0.2917 -0.17 0.0, -0.2915 -0.1711 0.0, -0.2914 -0.1718 0.0, -0.2161 -0.1718 0.0, -0.2158 -0.1725 0.0, -0.2155 -0.1729 0.0, -0.2165 -0.1708 0.0, -0.2918 -0.1685 0.0, -0.6158 -0.1669 0.0, -0.292 -0.1669 0.0, -0.6158 -0.1663 0.0, -0.292 -0.1663 0.0, -0.2935 -0.1423 0.0, -0.2938 -0.1428 0.0, -0.6158 0.0189 0.0, -0.2807 -0.1014 0.0, -0.2841 -0.1156 0.0, -0.294 -0.1433 0.0, -0.294 -0.1439 0.0, -0.2937 -0.1468 0.0, -0.2937 -0.148 0.0, -0.2935 -0.151 0.0, -0.2924 -0.1637 0.0, -0.2856 -0.1223 0.0, -0.2875 -0.1289 0.0, -0.2895 -0.1343 0.0, -0.2913 -0.1394 0.0, -0.2925 -0.1411 0.0, -0.2491 0.0189 0.0, -0.2493 0.02 0.0, -0.2012 0.1203 0.0, -0.2533 0.02 0.0, -0.2134 -0.1399 0.0, -0.2171 -0.1276 0.0, -0.2119 -0.1425 0.0, -0.2114 -0.1435 0.0, -0.2202 -0.115 0.0, -0.2012 0.0189 0.0, -0.2108 -0.1452 0.0, -0.2012 -0.1663 0.0, -0.2107 -0.1478 0.0, -0.2111 -0.1533 0.0, -0.2127 -0.1669 0.0, -0.2126 -0.1663 0.0, -0.2125 -0.1651 0.0, -0.0958 -0.4561 0.0, -0.0958 -0.4021 0.0, -0.0835 -0.4182 0.0, 0.0 -0.4528 0.0, 0.0033 -0.4561 0.0, -0.0306 -0.4487 0.0, -0.0591 -0.4369 0.0, -0.1023 -0.3937 0.0, -0.1549 -0.4561 0.0, -0.1141 -0.3652 0.0, -0.1181 -0.3346 0.0, -0.1549 -0.1951 0.0, -0.1141 -0.3041 0.0, -0.0591 -0.2324 0.0, -0.0835 -0.2511 0.0, -0.0958 -0.1951 0.0, -0.0958 -0.2672 0.0, -0.1023 -0.2756 0.0, 0.0033 -0.1951 0.0, 0.0 -0.2165 0.0, -0.0306 -0.2206 0.0, 0.1023 -0.2756 0.0, 0.0835 -0.2511 0.0, 0.1043 -0.1951 0.0, 0.0591 -0.2324 0.0, 0.0306 -0.2206 0.0, 0.0033 -0.217 0.0, 0.8 -0.2559 0.0, 0.8 -0.4561 0.0, 0.6158 -0.2559 0.0, 0.1043 -0.4561 0.0, 0.1181 -0.3346 0.0, 0.6158 -0.1951 0.0, 0.1141 -0.3041 0.0, 0.1043 -0.2803 0.0, 0.0835 -0.4182 0.0, 0.1023 -0.3937 0.0, 0.1043 -0.3889 0.0, 0.1141 -0.3652 0.0, 0.0033 -0.4523 0.0, 0.0306 -0.4487 0.0, 0.0591 -0.4369 0.0, -0.0835 0.2511 0.0, -0.0591 0.2324 0.0, -0.0958 0.1203 0.0, -0.0306 0.2206 0.0, 0.0033 0.1203 0.0, -0.1549 0.4594 0.0, -0.1023 0.3937 0.0, -0.1141 0.3652 0.0, -0.1181 0.3346 0.0, -0.1141 0.3041 0.0, -0.1549 0.1203 0.0, -0.1023 0.2756 0.0, -0.0958 0.2672 0.0, 0.0033 0.4594 0.0, 0.0 0.4528 0.0, -0.0306 0.4487 0.0, -0.0591 0.4369 0.0, 0.1043 0.4594 0.0, 0.1023 0.3937 0.0, 0.0835 0.4182 0.0, 0.0591 0.4369 0.0, 0.0306 0.4487 0.0, 0.0033 0.4523 0.0, 0.8 0.4594 0.0, 0.8 0.2559 0.0, 0.6158 0.2559 0.0, 0.1141 0.3652 0.0, 0.1043 0.3889 0.0, 0.0591 0.2324 0.0, 0.0835 0.2511 0.0, 0.1043 0.1203 0.0, 0.1023 0.2756 0.0, 0.1043 0.2803 0.0, 0.1141 0.3041 0.0, 0.1181 0.3346 0.0, 0.0 0.2165 0.0, 0.0033 0.217 0.0, 0.0306 0.2206 0.0, 0.6158 -0.1669 0.0, 0.1043 -0.1669 0.0, -0.8 0.2382 0.0, -0.8 0.4594 0.0, -0.6158 0.2382 0.0, -0.2012 0.4594 0.0, -0.6158 0.1203 0.0, -0.6158 -0.2382 0.0, -0.2012 -0.4561 0.0, -0.8 -0.2382 0.0, -0.1064 0.0047 0.0, -0.1062 0.0056 0.0, -0.0958 0.0189 0.0, -0.1176 -0.1524 0.0, -0.1176 -0.004 0.0, -0.1091 -0.1524 0.0, -0.108 -0.1523 0.0, -0.1232 0.0084 0.0, -0.1292 0.009 0.0, -0.1399 0.0121 0.0, -0.1549 0.0189 0.0, -0.1461 0.0133 0.0, -0.1524 0.0138 0.0, -0.1067 -0.153 0.0, -0.1064 -0.1536 0.0, -0.1064 -0.1539 0.0, -0.1064 -0.1541 0.0, -0.1069 0.0039 0.0, -0.1069 -0.1526 0.0, -0.1068 -0.1528 0.0, -0.1062 0.0063 0.0, -0.1063 0.0071 0.0, -0.1066 0.0076 0.0, -0.1071 -0.1525 0.0, -0.1073 -0.1524 0.0, -0.1074 -0.1524 0.0, -0.107 0.0081 0.0, -0.1074 0.0084 0.0, -0.1125 0.0075 0.0, -0.107 -0.1553 0.0, -0.1067 -0.1548 0.0, -0.1065 -0.1544 0.0, -0.1184 0.0075 0.0, -0.1208 0.008 0.0, -0.1139 -0.0021 0.0, -0.1088 0.0022 0.0, -0.1076 0.0031 0.0, -0.1157 -0.0031 0.0, -0.1142 -0.163 0.0, -0.1116 -0.1603 0.0, -0.1082 -0.1567 0.0, -0.1075 -0.1559 0.0, -0.1191 -0.167 0.0, -0.1191 -0.1669 0.0, -0.1182 -0.1664 0.0, -0.1181 -0.1663 0.0, -0.1549 -0.1669 0.0, -0.1205 -0.1669 0.0, -0.1204 -0.167 0.0, -0.1201 -0.1671 0.0, -0.1195 -0.1671 0.0, -0.1549 -0.1663 0.0, -0.1414 -0.162 0.0, -0.1289 -0.1635 0.0, -0.1243 -0.1647 0.0, -0.1216 -0.1663 0.0, -0.1213 -0.1665 0.0, -0.185 -0.1326 0.0, -0.1775 -0.1469 0.0, -0.1727 -0.1526 0.0, -0.1679 -0.1563 0.0, -0.165 -0.1578 0.0, -0.1549 0.0136 0.0, -0.1612 0.0132 0.0, -0.1678 0.0116 0.0, -0.1727 0.009 0.0, -0.177 0.0054 0.0, -0.1814 -0.0008 0.0, -0.1856 -0.0108 0.0, -0.1579 -0.1598 0.0, -0.1549 -0.1602 0.0, -0.1901 -0.0393 0.0, -0.1918 -0.0842 0.0, -0.1898 -0.112 0.0, 0.0033 0.0189 0.0, 0.0193 0.0135 0.0, 0.0193 -0.0621 0.0, 0.0373 0.011 0.0, 0.0236 0.0135 0.0, 0.0437 0.0145 0.0, 0.0519 0.0166 0.0, 0.0312 0.0055 0.0, 0.0281 0.0013 0.0, 0.0256 -0.0032 0.0, 0.0637 -0.1636 0.0, 0.0695 -0.16 0.0, 0.0856 -0.0167 0.0, 0.0795 -0.002 0.0, 0.0247 -0.0621 0.0, 0.0196 -0.0966 0.0, 0.0815 -0.0291 0.0, 0.0246 -0.152 0.0, 0.029 -0.1579 0.0, 0.0344 -0.1622 0.0, 0.0738 0.0059 0.0, 0.066 0.0125 0.0, 0.0613 0.0152 0.0, 0.0571 0.0164 0.0, 0.0678 -0.1493 0.0, 0.0636 -0.1532 0.0, 0.0229 -0.1236 0.0, 0.0736 -0.141 0.0, 0.0519 -0.1572 0.0, 0.0268 -0.1398 0.0, 0.0304 -0.1466 0.0, 0.0151 -0.0969 0.0, 0.0166 -0.1252 0.0, 0.0204 -0.1431 0.0, 0.0743 -0.1549 0.0, 0.0804 -0.1449 0.0, 0.0882 -0.122 0.0, 0.0839 -0.0431 0.0, 0.0852 -0.0859 0.0, 0.0211 -0.1116 0.0, 0.085 -0.0887 0.0, 0.078 -0.1292 0.0, 0.06 -0.1555 0.0, 0.0563 -0.1567 0.0, 0.0455 -0.1567 0.0, 0.0393 -0.1544 0.0, 0.0344 -0.1511 0.0, 0.0262 -0.0278 0.0, 0.0297 -0.0121 0.0, 0.0336 -0.0034 0.0, 0.0369 0.001 0.0, 0.041 0.0043 0.0, 0.075 -0.0102 0.0, 0.0701 -0.0025 0.0, 0.0917 -0.0992 0.0, 0.093 -0.0603 0.0, 0.0915 -0.0448 0.0, 0.0496 0.0073 0.0, 0.0555 0.0069 0.0, 0.0449 0.0062 0.0, 0.0606 0.0052 0.0, 0.0654 0.0022 0.0, 0.0479 -0.1666 0.0, 0.0536 -0.1663 0.0, 0.0561 -0.1662 0.0, -0.1549 -0.4594 0.0, -0.0958 -0.4594 0.0, 0.0033 -0.4594 0.0, 0.1043 -0.4594 0.0, 0.8 -0.4594 0.0, -0.8 -0.4561 0.0, -0.2012 -0.4594 0.0, -0.8 -0.4594 0.0, -0.0238 -0.0658 0.0, -0.0476 -0.0627 0.0, -0.0238 -0.0035 0.0, -0.0574 -0.0607 0.0, -0.0691 -0.0553 0.0, -0.0773 0.0047 0.0, -0.0728 0.0041 0.0, -0.0848 -0.1551 0.0, -0.0846 -0.1552 0.0, -0.0637 -0.0584 0.0, -0.0665 -0.0567 0.0, -0.0594 0.0025 0.0, -0.0661 0.0033 0.0, -0.0705 0.0177 0.0, -0.0787 0.0093 0.0, -0.0783 -0.067 0.0, -0.078 -0.0675 0.0, -0.0764 -0.1422 0.0, -0.0776 -0.0679 0.0, -0.0773 -0.0681 0.0, -0.0139 -0.1648 0.0, -0.0135 -0.1643 0.0, -0.0131 -0.1635 0.0, -0.0085 0.0082 0.0, -0.0086 0.0084 0.0, -0.0087 0.0085 0.0, -0.0088 0.0087 0.0, -0.0798 0.0071 0.0, -0.0798 0.0067 0.0, -0.0798 0.0063 0.0, -0.0797 0.006 0.0, -0.0779 -0.0643 0.0, -0.0783 -0.065 0.0, -0.0781 0.0048 0.0, -0.0785 -0.0656 0.0, -0.0786 0.005 0.0, -0.0786 -0.0661 0.0, -0.0791 0.0053 0.0, -0.0794 0.0056 0.0, -0.0238 -0.0757 0.0, -0.0238 -0.1524 0.0, -0.066 -0.1465 0.0, -0.0773 -0.0635 0.0, -0.0163 -0.1658 0.0, -0.0153 -0.1656 0.0, -0.0145 -0.1653 0.0, -0.0089 0.0051 0.0, -0.0086 0.0062 0.0, -0.0086 0.007 0.0, -0.0085 0.0076 0.0, -0.0091 0.0089 0.0, -0.0095 0.009 0.0, -0.0101 0.0091 0.0, -0.0792 0.0083 0.0, -0.0796 0.0077 0.0, -0.0767 -0.0683 0.0, -0.0759 -0.0683 0.0, -0.0739 -0.1436 0.0, -0.0701 -0.1454 0.0, -0.0843 -0.151 0.0, -0.0851 -0.152 0.0, -0.0854 -0.1526 0.0, -0.0855 -0.1532 0.0, -0.0855 -0.1537 0.0, -0.0853 -0.1543 0.0, -0.085 -0.1548 0.0, -0.011 0.009 0.0, -0.0164 0.0081 0.0, -0.0212 0.0075 0.0, -0.0129 -0.1624 0.0, -0.013 -0.1601 0.0, -0.013 -0.1601 0.0, -0.0785 -0.0666 0.0, -0.0177 -0.1657 0.0, -0.026 0.0075 0.0, -0.0269 0.0075 0.0, -0.0324 0.0076 0.0, -0.0379 0.0084 0.0, -0.049 0.0104 0.0, -0.0587 0.0124 0.0, -0.0148 -0.1529 0.0, -0.0156 -0.1456 0.0, -0.0156 -0.1402 0.0, -0.0125 0.0 0.0, -0.0107 0.0023 0.0, -0.0095 0.0038 0.0, -0.0666 0.0152 0.0, -0.0679 0.0161 0.0, -0.0843 -0.1553 0.0, -0.0834 -0.1555 0.0, -0.0827 -0.1555 0.0, -0.0156 -0.0035 0.0, -0.0159 -0.1331 0.0, -0.0157 -0.1367 0.0, -0.0357 -0.1617 0.0, -0.0226 -0.164 0.0, -0.0196 -0.1652 0.0, -0.0784 -0.1558 0.0, -0.057 -0.1584 0.0, 0.1781 0.0217 0.0, -0.2535 0.0189 0.0, -0.8 0.5515 0.2362, -0.5512 0.5515 0.2362, -0.5512 0.5512 0.2362, 0.5512 0.5512 0.2362, 0.648 0.4594 0.2362, 0.5368 0.5331 0.2362, 0.5512 0.5515 0.2362, 0.8 0.5515 0.2362, 0.8 0.4594 0.2362, -0.8 0.4594 0.2362, -0.648 0.4594 0.2362, -0.5368 0.5331 0.2362, -0.4439 0.5512 0.2362, 0.4498 0.5512 0.2362, 0.5368 -0.5331 0.2362, 0.648 -0.4594 0.2362, 0.5512 -0.5512 0.2362, 0.5512 -0.5515 0.2362, 0.8 -0.5515 0.2362, 0.8 -0.4594 0.2362, -0.8 -0.5515 0.2362, -0.8 -0.4594 0.2362, -0.648 -0.4594 0.2362, 0.4498 -0.5512 0.2362, -0.4439 -0.5512 0.2362, -0.5368 -0.5331 0.2362, -0.5512 -0.5512 0.2362, -0.5512 -0.5515 0.2362, -0.648 0.4594 0.0394, -0.5368 0.5331 0.0394, 0.648 0.4594 0.0394, 0.5368 0.5331 0.0394, 0.648 -0.4594 0.0394, 0.5368 -0.5331 0.0394, -0.648 -0.4594 0.0394, -0.5368 -0.5331 0.0394
            ]
        }
        coordIndex [
            0,1,2,-1,3,4,5,-1,6,7,8,-1,9,10,11,-1,12,13,14,-1,15,16,17,-1,17,16,18,-1,19,20,12,-1,12,20,21,-1,18,22,17,-1,17,22,23,-1,17,23,12,-1,24,25,17,-1,17,25,26,-1,17,26,27,-1,27,26,28,-1,28,29,27,-1,27,29,30,-1,27,30,31,-1,12,14,17,-1,17,14,32,-1,17,32,24,-1,33,34,35,-1,36,37,38,-1,21,39,12,-1,12,39,40,-1,12,40,13,-1,41,42,33,-1,33,42,43,-1,33,43,34,-1,31,44,27,-1,27,44,45,-1,27,45,46,-1,35,47,33,-1,33,47,48,-1,33,48,49,-1,49,48,50,-1,46,51,27,-1,27,51,52,-1,27,52,53,-1,54,41,55,-1,55,41,27,-1,55,27,56,-1,56,27,53,-1,57,49,38,-1,38,49,50,-1,38,50,36,-1,36,50,58,-1,36,58,59,-1,59,58,60,-1,59,60,61,-1,62,63,64,-1,64,63,65,-1,64,65,9,-1,9,65,66,-1,9,66,10,-1,67,68,69,-1,70,71,72,-1,71,73,72,-1,72,73,74,-1,72,74,75,-1,76,77,67,-1,67,77,78,-1,67,78,68,-1,69,79,67,-1,67,79,80,-1,67,80,81,-1,81,80,82,-1,81,82,83,-1,84,85,67,-1,11,86,87,-1,85,88,67,-1,67,88,89,-1,67,89,90,-1,87,91,11,-1,11,91,92,-1,11,92,9,-1,90,93,67,-1,67,93,94,-1,67,94,76,-1,95,96,72,-1,72,96,97,-1,72,97,70,-1,98,99,90,-1,90,99,100,-1,90,100,93,-1,86,11,90,-1,90,11,101,-1,90,101,98,-1,95,72,102,-1,102,72,103,-1,102,103,104,-1,104,103,105,-1,104,105,106,-1,107,108,109,-1,110,111,109,-1,109,108,105,-1,105,108,112,-1,105,112,113,-1,114,115,113,-1,113,115,116,-1,113,116,105,-1,105,116,117,-1,105,117,106,-1,111,118,109,-1,109,118,119,-1,109,119,120,-1,120,121,109,-1,109,121,122,-1,109,122,107,-1,123,124,125,-1,125,124,126,-1,127,128,129,-1,129,128,130,-1,128,131,130,-1,130,131,132,-1,130,132,133,-1,133,132,134,-1,133,134,135,-1,135,134,136,-1,83,137,81,-1,81,137,138,-1,81,138,134,-1,134,138,139,-1,134,139,136,-1,140,141,142,-1,143,144,145,-1,145,144,140,-1,145,140,146,-1,146,140,142,-1,141,140,147,-1,147,140,148,-1,147,148,149,-1,149,148,150,-1,150,148,151,-1,150,151,152,-1,153,154,155,-1,155,154,156,-1,155,156,151,-1,151,156,157,-1,151,157,152,-1,158,159,155,-1,155,159,160,-1,155,160,153,-1,161,162,163,-1,162,164,163,-1,163,164,165,-1,163,165,158,-1,158,165,166,-1,158,166,159,-1,167,168,169,-1,169,168,170,-1,169,171,172,-1,172,171,173,-1,172,173,163,-1,163,173,174,-1,163,174,161,-1,175,176,170,-1,170,176,177,-1,170,177,169,-1,169,177,178,-1,169,178,171,-1,143,179,144,-1,144,179,180,-1,144,180,170,-1,170,180,181,-1,170,181,175,-1,182,183,184,-1,184,183,185,-1,184,185,186,-1,8,7,187,-1,187,7,188,-1,187,188,189,-1,190,191,192,-1,192,191,193,-1,192,193,184,-1,184,193,194,-1,184,194,182,-1,195,196,197,-1,195,197,8,-1,8,197,198,-1,8,198,6,-1,199,200,201,-1,201,202,199,-1,199,202,203,-1,199,203,195,-1,195,203,204,-1,195,204,196,-1,205,206,199,-1,199,206,207,-1,207,208,199,-1,199,208,209,-1,199,209,200,-1,210,211,212,-1,211,213,212,-1,212,213,214,-1,212,214,57,-1,57,214,215,-1,57,215,207,-1,207,215,216,-1,207,216,208,-1,185,217,186,-1,186,217,218,-1,186,218,212,-1,212,218,219,-1,212,219,210,-1,41,33,27,-1,27,33,220,-1,27,220,221,-1,222,223,224,-1,224,223,225,-1,224,225,226,-1,75,84,72,-1,72,84,67,-1,72,67,227,-1,227,67,228,-1,227,228,229,-1,230,231,232,-1,233,234,235,-1,235,234,236,-1,237,238,232,-1,232,238,239,-1,232,239,240,-1,240,239,241,-1,240,241,242,-1,243,232,244,-1,244,232,2,-1,244,2,245,-1,245,2,246,-1,247,230,248,-1,248,230,232,-1,248,232,249,-1,249,232,243,-1,231,250,232,-1,232,250,251,-1,232,251,252,-1,253,254,234,-1,234,254,255,-1,234,255,236,-1,252,256,232,-1,232,256,257,-1,232,257,258,-1,259,260,2,-1,2,260,261,-1,2,261,246,-1,258,262,232,-1,232,262,263,-1,232,263,237,-1,264,265,248,-1,248,265,266,-1,248,266,247,-1,253,234,248,-1,248,234,267,-1,248,267,264,-1,2,268,269,-1,269,270,2,-1,2,270,271,-1,2,271,259,-1,272,273,1,-1,1,273,274,-1,1,274,2,-1,2,274,275,-1,2,275,268,-1,151,276,277,-1,277,278,151,-1,151,278,279,-1,151,279,155,-1,155,279,280,-1,281,282,283,-1,283,284,281,-1,281,284,285,-1,281,285,276,-1,276,285,286,-1,276,286,277,-1,134,287,288,-1,288,289,134,-1,134,289,290,-1,134,290,291,-1,242,292,240,-1,240,292,293,-1,240,293,132,-1,132,293,294,-1,132,294,295,-1,295,296,132,-1,132,296,297,-1,132,297,298,-1,291,299,281,-1,281,299,300,-1,281,300,282,-1,298,301,132,-1,132,301,302,-1,132,302,134,-1,134,302,303,-1,134,303,287,-1,304,305,306,-1,307,308,309,-1,309,308,310,-1,307,311,308,-1,308,311,312,-1,308,312,313,-1,27,314,315,-1,316,317,17,-1,306,318,319,-1,319,318,320,-1,321,322,5,-1,5,322,323,-1,5,323,3,-1,317,324,17,-1,17,324,325,-1,17,325,326,-1,326,327,17,-1,17,327,310,-1,17,310,304,-1,304,310,308,-1,304,308,305,-1,328,329,330,-1,328,330,331,-1,330,332,333,-1,333,332,334,-1,335,336,5,-1,5,336,337,-1,5,337,321,-1,315,338,27,-1,27,338,339,-1,27,339,340,-1,320,341,319,-1,319,341,342,-1,319,342,343,-1,343,342,344,-1,343,344,330,-1,330,344,345,-1,330,345,331,-1,329,346,330,-1,330,346,347,-1,330,347,332,-1,348,349,332,-1,332,349,350,-1,332,350,334,-1,318,351,320,-1,320,351,352,-1,320,352,353,-1,353,354,320,-1,320,354,355,-1,320,355,356,-1,356,355,357,-1,340,358,27,-1,27,358,359,-1,27,359,17,-1,17,359,360,-1,17,360,316,-1,361,362,363,-1,363,362,364,-1,363,364,355,-1,355,364,365,-1,355,365,357,-1,0,366,221,-1,221,366,367,-1,221,367,27,-1,27,367,368,-1,27,368,314,-1,369,148,370,-1,370,148,140,-1,370,140,371,-1,371,140,144,-1,371,144,372,-1,372,144,170,-1,372,170,373,-1,373,170,168,-1,229,228,374,-1,374,228,375,-1,374,375,376,-1,280,272,155,-1,155,272,1,-1,155,1,158,-1,158,1,0,-1,158,0,163,-1,163,0,221,-1,163,221,172,-1,172,221,220,-1,291,281,134,-1,134,281,276,-1,134,276,81,-1,81,276,151,-1,81,151,67,-1,67,151,148,-1,67,148,228,-1,228,148,369,-1,228,369,375,-1,377,378,379,-1,379,378,380,-1,381,382,383,-1,384,385,2,-1,380,386,379,-1,379,386,387,-1,379,387,388,-1,388,387,381,-1,388,381,389,-1,389,381,383,-1,304,390,232,-1,232,390,391,-1,392,393,394,-1,394,393,395,-1,394,395,396,-1,397,398,5,-1,5,398,399,-1,400,401,304,-1,304,401,402,-1,304,402,403,-1,404,405,232,-1,232,405,406,-1,232,406,407,-1,408,409,410,-1,410,409,411,-1,410,411,412,-1,412,411,413,-1,412,413,414,-1,414,413,415,-1,416,417,418,-1,382,381,410,-1,410,381,419,-1,410,419,408,-1,420,421,5,-1,5,421,422,-1,5,422,397,-1,319,335,306,-1,306,335,5,-1,306,5,304,-1,304,5,423,-1,304,423,424,-1,424,425,304,-1,304,425,426,-1,304,426,400,-1,403,427,304,-1,304,427,428,-1,304,428,429,-1,391,430,232,-1,232,430,431,-1,232,431,404,-1,396,432,394,-1,394,432,433,-1,394,433,434,-1,434,433,416,-1,434,416,435,-1,435,416,418,-1,232,394,436,-1,436,437,232,-1,232,437,438,-1,232,438,2,-1,2,438,439,-1,2,439,440,-1,440,441,2,-1,2,441,442,-1,2,442,384,-1,429,443,304,-1,304,443,444,-1,304,444,445,-1,399,446,5,-1,5,446,447,-1,5,447,448,-1,407,415,232,-1,232,415,413,-1,232,413,394,-1,394,413,449,-1,394,449,392,-1,450,420,2,-1,2,420,5,-1,2,5,0,-1,0,5,4,-1,0,4,366,-1,445,451,304,-1,304,451,452,-1,304,452,453,-1,453,454,304,-1,304,454,455,-1,304,455,456,-1,448,457,5,-1,5,457,458,-1,5,458,459,-1,460,461,5,-1,5,461,462,-1,5,462,423,-1,456,463,304,-1,304,463,464,-1,304,464,390,-1,385,465,2,-1,2,465,466,-1,2,466,467,-1,468,460,469,-1,469,460,5,-1,469,5,470,-1,470,5,459,-1,471,472,2,-1,2,472,473,-1,2,473,450,-1,467,474,2,-1,2,474,475,-1,2,475,471,-1,131,123,132,-1,132,123,125,-1,132,125,240,-1,240,125,192,-1,240,192,232,-1,232,192,184,-1,232,184,304,-1,304,184,186,-1,304,186,17,-1,17,186,212,-1,17,212,15,-1,15,212,57,-1,15,57,476,-1,476,57,38,-1,189,190,187,-1,187,190,192,-1,187,192,225,-1,225,192,125,-1,225,125,226,-1,226,125,126,-1,226,126,109,-1,109,126,477,-1,109,477,110,-1,478,479,480,-1,481,482,483,-1,481,484,482,-1,482,484,485,-1,482,485,486,-1,487,478,488,-1,488,478,480,-1,488,480,489,-1,489,480,490,-1,489,490,483,-1,483,490,491,-1,483,491,481,-1,492,493,494,-1,495,494,496,-1,496,494,493,-1,496,493,497,-1,498,499,500,-1,494,501,492,-1,492,501,502,-1,492,502,503,-1,503,502,504,-1,503,504,500,-1,500,504,505,-1,500,505,498,-1,506,507,508,-1,508,507,509,-1,510,511,512,-1,512,511,513,-1,
        ]
    }
}
Shape{
    appearance Appearance {
        material  Material {
            diffuseColor 1.0 1.0 1.0
            specularColor 0.8784313725490196 0.8784313725490196 0.8784313725490196
            ambientIntensity 1.0
            transparency 0.0
            shininess 0.5
        }
    }
    geometry IndexedFaceSet {
        ccw TRUE
        solid FALSE
        coord DEF co Coordinate {
            point [
                0.4498 0.5512 0.2394, 0.5512 0.5512 0.2394, 0.4498 0.5512 0.3521, 0.5512 0.5512 0.5118, -0.4439 0.5512 0.3521, -0.5512 0.5512 0.5118, -0.4439 0.5512 0.2394, -0.5512 0.5512 0.2394, -0.4439 0.5512 0.1969, -0.5452 0.5512 0.1969, -0.4439 0.5528 0.1969, -0.5428 0.5528 0.1969, 0.4498 0.5528 0.1969, 0.5428 0.5528 0.1969, 0.4498 0.5512 0.1969, 0.5452 0.5512 0.1969, -0.4439 0.5906 0.1969, -0.5512 0.5906 0.1969, -0.4439 0.5906 0.3521, -0.5512 0.5906 0.5118, 0.4498 0.5906 0.3521, 0.5512 0.5906 0.5118, 0.4498 0.5906 0.1969, 0.5512 0.5906 0.1969, -0.4439 0.5512 0.2362, -0.5512 0.5512 0.2362, -0.5512 0.5512 0.1969, 0.5512 0.5512 0.1969, 0.5512 0.5512 0.2362, 0.4498 0.5512 0.2362, -0.4439 0.5873 0.1969, -0.5512 0.5873 0.1969, 0.4498 0.5873 0.1969, 0.5512 0.5873 0.1969, -0.7669 0.479 0.0, -0.7669 0.5184 0.0, -0.654 0.479 0.0, -0.6659 0.5184 0.0, -0.5428 0.5528 0.0, -0.5621 0.5873 0.0, -0.4439 0.5528 0.0, -0.4439 0.5873 0.0, 0.7669 0.5184 0.0, 0.7669 0.479 0.0, 0.6659 0.5184 0.0, 0.654 0.479 0.0, 0.5621 0.5873 0.0, 0.5428 0.5528 0.0, 0.4498 0.5873 0.0, 0.4498 0.5528 0.0, -0.5621 0.5873 0.1969, 0.5621 0.5873 0.1969, -0.5512 -0.5906 0.1969, -0.5512 -0.5873 0.1969, -0.4439 -0.5906 0.1969, -0.4439 -0.5873 0.1969, -0.5428 -0.5528 0.1969, -0.5452 -0.5512 0.1969, -0.4439 -0.5528 0.1969, -0.4439 -0.5512 0.1969, -0.5512 -0.5512 0.1969, -0.5512 -0.5512 0.2362, -0.4439 -0.5512 0.2362, -0.4439 -0.5528 0.0, -0.4439 -0.5873 0.0, -0.5428 -0.5528 0.0, -0.5621 -0.5873 0.0, -0.654 -0.479 0.0, -0.6659 -0.5184 0.0, -0.7669 -0.479 0.0, -0.7669 -0.5184 0.0, -0.5621 -0.5873 0.1969, 0.5589 -0.5185 0.5506, 0.5861 -0.5185 0.5506, 0.5841 -0.5193 0.5504, 0.5792 -0.5212 0.55, 0.5759 -0.5226 0.5497, 0.5746 -0.5232 0.5495, -0.5461 -0.527 0.5473, -0.5585 -0.5346 0.5439, -0.5587 -0.5344 0.544, -0.5601 -0.533 0.545, -0.5607 -0.5325 0.5453, -0.5631 -0.5306 0.5463, -0.558 -0.5352 0.5434, -0.5368 -0.5331 0.5449, 0.5368 -0.5331 0.5449, 0.5717 -0.5247 0.549, 0.5711 -0.5251 0.5488, 0.5461 -0.527 0.5473, 0.5679 -0.5272 0.5479, 0.5679 -0.5272 0.5479, 0.5651 -0.5291 0.5471, 0.563 -0.5304 0.5465, 0.5615 -0.5317 0.5458, 0.5604 -0.5328 0.545, 0.5586 -0.5347 0.5437, 0.5581 -0.5352 0.5434, -0.5661 -0.5282 0.5476, -0.5675 -0.5273 0.548, -0.5589 -0.5185 0.5506, -0.5688 -0.5265 0.5483, -0.5699 -0.5257 0.5486, -0.5723 -0.5246 0.549, -0.5768 -0.5224 0.5497, -0.5804 -0.5206 0.5502, -0.5816 -0.5202 0.5503, -0.5861 -0.5185 0.5506, 0.557 -0.5363 0.5426, -0.5535 -0.5419 0.5372, -0.5535 -0.5418 0.5372, -0.5535 -0.5417 0.5375, -0.5545 -0.54 0.5392, -0.5551 -0.539 0.5403, -0.5557 -0.5382 0.5409, -0.5572 -0.5363 0.5425, 0.5568 -0.5366 0.5424, 0.5555 -0.5384 0.5408, 0.555 -0.5391 0.5402, -0.5516 -0.5469 0.5295, -0.5517 -0.5468 0.5299, 0.5536 -0.5418 0.5371, -0.5517 -0.5467 0.53, -0.5519 -0.5457 0.5318, 0.5543 -0.5405 0.5386, -0.5528 -0.5435 0.535, 0.5532 -0.5425 0.5364, 0.5528 -0.5432 0.5355, 0.5522 -0.5449 0.5331, 0.552 -0.5456 0.5317, 0.5517 -0.5468 0.5294, -0.5513 -0.549 0.5241, -0.5512 -0.5499 0.5217, -0.5512 -0.5501 0.5209, 0.5513 -0.5484 0.5263, 0.5513 -0.5485 0.5259, 0.5512 -0.5501 0.521, 0.5512 -0.5501 0.5209, -0.5512 -0.5507 0.5182, 0.5512 -0.5503 0.5189, -0.5512 -0.5507 0.5174, 0.5512 -0.5512 0.5118, -0.5512 -0.5512 0.5118, 0.5513 0.5484 0.5263, 0.5517 0.5468 0.5294, -0.5516 0.5469 0.5295, 0.557 0.5363 0.5426, 0.5581 0.5352 0.5434, -0.5581 0.5352 0.5434, -0.5589 0.5185 0.5506, -0.5861 0.5185 0.5506, -0.5815 0.5202 0.5503, -0.5804 0.5206 0.5502, -0.5767 0.5224 0.5496, -0.5722 0.5246 0.549, -0.5675 0.5273 0.548, -0.5461 0.527 0.5473, -0.5687 0.5265 0.5483, -0.5699 0.5257 0.5486, 0.5615 0.5317 0.5458, 0.563 0.5304 0.5465, 0.5461 0.527 0.5473, 0.5604 0.5328 0.545, -0.5661 0.5282 0.5476, -0.563 0.5306 0.5463, -0.5601 0.533 0.545, -0.5587 0.5344 0.544, -0.5585 0.5346 0.5439, -0.5368 0.5331 0.5449, 0.5368 0.5331 0.5449, 0.5586 0.5347 0.5437, 0.5651 0.5291 0.5471, 0.5679 0.5272 0.5479, 0.5589 0.5185 0.5506, 0.5679 0.5272 0.5479, 0.5711 0.5251 0.5488, 0.5717 0.5247 0.549, 0.5747 0.5232 0.5495, 0.5759 0.5226 0.5497, 0.5793 0.5212 0.55, 0.5842 0.5193 0.5504, 0.5861 0.5185 0.5506, -0.5571 0.5364 0.5425, -0.5557 0.5382 0.5409, 0.5536 0.5418 0.5371, 0.5543 0.5405 0.5386, 0.555 0.5391 0.5402, 0.5555 0.5384 0.5408, 0.5568 0.5366 0.5424, -0.5551 0.539 0.5403, -0.5545 0.54 0.5392, -0.5535 0.5417 0.5375, 0.5522 0.5449 0.5331, 0.5528 0.5432 0.5355, -0.5535 0.5419 0.5372, -0.5517 0.5468 0.5299, -0.5528 0.5435 0.5349, -0.5519 0.5457 0.5318, 0.552 0.5456 0.5317, -0.5517 0.5467 0.53, -0.5535 0.5419 0.5372, 0.5532 0.5425 0.5364, -0.5513 0.549 0.5241, -0.5512 0.5499 0.5217, 0.5513 0.5485 0.5259, 0.5512 0.5501 0.521, 0.5512 0.5501 0.5209, -0.5512 0.5501 0.5209, 0.5512 0.5503 0.5189, -0.5512 0.5507 0.5174, -0.5512 0.5507 0.5182, 0.7874 0.5118 0.5512, 0.7874 -0.5118 0.5512, 0.7669 0.5118 0.5512, 0.7669 -0.5118 0.5512, -0.7874 -0.5118 0.5512, -0.7874 0.5118 0.5512, -0.7669 -0.5118 0.5512, -0.7669 0.5118 0.5512, -0.4439 -0.5512 0.2394, -0.5512 -0.5512 0.2394, -0.4439 -0.5512 0.3521, 0.4498 -0.5512 0.3521, 0.4498 -0.5512 0.2394, 0.5512 -0.5512 0.2394, -0.5512 0.5515 0.2362, -0.5815 0.5286 0.5887, -0.5815 0.5243 0.5693, -0.5878 0.5209 0.5699, -0.5512 0.5899 0.5221, -0.5512 0.5897 0.5229, -0.5512 0.5876 0.5321, -0.5512 0.5868 0.5357, -0.5513 0.5865 0.5366, -0.5515 0.5835 0.5443, -0.5518 0.5815 0.548, -0.552 0.5797 0.551, -0.5524 0.5769 0.5561, -0.5527 0.5753 0.5583, -0.5533 0.5725 0.562, -0.5535 0.5719 0.5626, -0.5556 0.5513 0.5554, -0.5549 0.5673 0.5673, -0.5544 0.554 0.5528, -0.5546 0.5681 0.5665, -0.5629 0.5398 0.5636, -0.562 0.5511 0.5798, -0.5606 0.5427 0.5619, -0.5608 0.5532 0.5786, -0.5587 0.5456 0.56, -0.5592 0.556 0.577, -0.557 0.5485 0.5578, -0.5571 0.5608 0.5732, -0.5559 0.5637 0.571, -0.5766 0.5274 0.5685, -0.5717 0.5376 0.5862, -0.5721 0.5308 0.5675, -0.5688 0.5413 0.5847, -0.5686 0.5338 0.5664, -0.5656 0.5454 0.583, -0.5655 0.5369 0.5651, -0.5646 0.5466 0.5824, -0.5631 0.5492 0.5809, -0.5807 0.5291 0.5886, -0.5775 0.5322 0.5878, -0.5768 0.5328 0.5876, -0.6025 0.5155 0.5706, -0.5947 0.5204 0.59, -0.5946 0.5181 0.5703, -0.5917 0.5217 0.5899, -0.588 0.5242 0.5895, -0.6108 0.5144 0.5905, -0.6039 0.5163 0.5904, -0.6026 0.5169 0.5904, -0.5947 0.5163 0.5512, -0.6025 0.5143 0.5512, -0.6032 0.5142 0.5512, -0.6108 0.5133 0.5512, -0.616 0.5131 0.5905, -0.6221 0.512 0.5512, -0.6299 0.5118 0.5906, -0.6244 0.5119 0.5512, -0.6299 0.5118 0.5512, -0.5866 0.5184 0.5512, -0.5878 0.5181 0.5512, -0.5766 0.5247 0.5588, -0.5721 0.5275 0.5579, -0.5686 0.53 0.557, -0.5655 0.5326 0.5559, -0.5629 0.535 0.5547, -0.5606 0.5374 0.5533, -0.5587 0.5398 0.5517, 0.5512 0.5515 0.2362, 0.6064 0.5154 0.5905, 0.6109 0.5145 0.5905, 0.6033 0.5153 0.5708, 0.6299 0.5118 0.5906, 0.6299 0.5118 0.5512, 0.62 0.5124 0.5905, 0.6126 0.5128 0.5512, 0.5856 0.5255 0.5894, 0.59 0.523 0.5897, 0.5899 0.52 0.5703, 0.5961 0.5196 0.5901, 0.596 0.5176 0.5706, 0.5973 0.5189 0.5902, 0.6033 0.5166 0.5904, 0.5842 0.5266 0.5891, 0.5841 0.5229 0.5699, 0.5798 0.5299 0.5885, 0.5792 0.5257 0.5692, 0.5793 0.5304 0.5883, 0.5775 0.5322 0.5878, 0.5625 0.5404 0.5635, 0.565 0.5461 0.5827, 0.565 0.5375 0.565, 0.5679 0.5424 0.5843, 0.5678 0.5347 0.5663, 0.5707 0.5388 0.5858, 0.5711 0.5317 0.5674, 0.5749 0.5347 0.587, 0.5747 0.5289 0.5684, 0.5603 0.5433 0.5618, 0.562 0.5511 0.5798, 0.5627 0.5499 0.5805, 0.5584 0.5461 0.5599, 0.5594 0.5555 0.5773, 0.5605 0.5537 0.5783, 0.5532 0.5732 0.5611, 0.5543 0.5691 0.5655, 0.5541 0.5549 0.5522, 0.5548 0.5673 0.5674, 0.5555 0.5517 0.5553, 0.5555 0.5651 0.5698, 0.5568 0.549 0.5577, 0.5555 0.5649 0.5699, 0.5586 0.5575 0.5757, 0.5531 0.5734 0.5609, 0.552 0.5796 0.5517, 0.5519 0.5799 0.5511, 0.5518 0.5806 0.5502, 0.5514 0.5852 0.54, 0.5513 0.5861 0.5378, 0.5512 0.5876 0.5321, 0.5512 0.5892 0.5261, 0.5512 0.5893 0.5257, 0.5603 0.538 0.5534, 0.5584 0.5403 0.5518, 0.565 0.5332 0.556, 0.5625 0.5356 0.5548, 0.5711 0.5284 0.558, 0.5678 0.5308 0.5571, 0.5899 0.5174 0.5512, 0.5866 0.5184 0.5512, 0.6108 0.5131 0.5512, 0.6033 0.5144 0.5512, 0.5963 0.5156 0.5512, -0.5512 -0.5906 0.5118, -0.5512 -0.5515 0.2362, -0.6039 -0.5163 0.5904, -0.6109 -0.5144 0.5905, -0.6026 -0.5155 0.5708, -0.6299 -0.5118 0.5906, -0.6299 -0.5118 0.5512, -0.616 -0.5131 0.5905, -0.6108 -0.513 0.5512, -0.6105 -0.513 0.5512, -0.6082 -0.5133 0.5512, -0.6027 -0.5168 0.5904, -0.5947 -0.5181 0.5706, -0.5948 -0.5203 0.5901, -0.5917 -0.5217 0.5899, -0.5879 -0.5209 0.5702, -0.5881 -0.5242 0.5895, -0.5816 -0.5243 0.5696, -0.5816 -0.5285 0.5887, -0.5807 -0.5291 0.5886, -0.5767 -0.5274 0.5688, -0.5775 -0.5322 0.5878, -0.5769 -0.5327 0.5876, -0.5722 -0.5308 0.5678, -0.5723 -0.5371 0.5863, -0.5717 -0.5376 0.5862, -0.5687 -0.5338 0.5667, -0.5689 -0.5411 0.5847, -0.5656 -0.5369 0.5653, -0.5657 -0.5453 0.583, -0.5646 -0.5466 0.5824, -0.563 -0.5398 0.5638, -0.5631 -0.5491 0.581, -0.562 -0.5511 0.5798, -0.5607 -0.5428 0.5621, -0.5609 -0.5531 0.5787, -0.5592 -0.5561 0.5769, -0.5587 -0.5457 0.5602, -0.5572 -0.5608 0.5733, -0.557 -0.5486 0.558, -0.5559 -0.5637 0.5711, -0.5556 -0.5514 0.5556, -0.5545 -0.5541 0.553, -0.5535 -0.5718 0.5627, -0.5546 -0.568 0.5666, -0.5549 -0.5673 0.5673, -0.5557 -0.5645 0.5702, -0.5533 -0.5725 0.562, -0.5527 -0.5752 0.5583, -0.5524 -0.5769 0.5561, -0.552 -0.5797 0.551, -0.5518 -0.5814 0.548, -0.5515 -0.5835 0.5443, -0.5513 -0.5865 0.5366, -0.5512 -0.5868 0.5357, -0.5512 -0.5876 0.5321, -0.5512 -0.5897 0.5229, -0.5512 -0.5899 0.5221, -0.5656 -0.5326 0.5563, -0.563 -0.5351 0.5551, -0.5607 -0.5376 0.5536, -0.5587 -0.54 0.552, -0.5687 -0.5301 0.5574, -0.5722 -0.5276 0.5583, -0.5767 -0.5248 0.5592, -0.6027 -0.5145 0.5512, -0.5947 -0.5161 0.5512, -0.5923 -0.5166 0.5512, -0.5879 -0.518 0.5512, -0.5866 -0.5184 0.5512, 0.5512 -0.5906 0.5118, 0.5512 -0.5906 0.1969, 0.5512 -0.5515 0.2362, 0.5512 -0.5873 0.1969, 0.5512 -0.5512 0.2362, 0.5512 -0.5512 0.1969, 0.5512 -0.5893 0.5257, 0.5512 -0.5892 0.5261, 0.5512 -0.5876 0.5321, 0.5513 -0.5861 0.5378, 0.5514 -0.5852 0.54, 0.5518 -0.5806 0.5502, 0.5519 -0.5799 0.5511, 0.552 -0.5796 0.5517, 0.5531 -0.5734 0.5609, 0.5531 -0.5732 0.5611, 0.5554 -0.5516 0.5551, 0.5548 -0.5673 0.5674, 0.5541 -0.5547 0.552, 0.5543 -0.5691 0.5654, 0.5603 -0.5432 0.5616, 0.5594 -0.5555 0.5773, 0.5584 -0.546 0.5597, 0.5586 -0.5575 0.5757, 0.5568 -0.5489 0.5575, 0.5555 -0.5649 0.5699, 0.5555 -0.5651 0.5698, 0.5775 -0.5322 0.5878, 0.5748 -0.5348 0.587, 0.5746 -0.5289 0.5681, 0.5707 -0.5388 0.5858, 0.571 -0.5317 0.5672, 0.5679 -0.5424 0.5843, 0.5677 -0.5346 0.5661, 0.565 -0.5461 0.5827, 0.565 -0.5374 0.5648, 0.5627 -0.5499 0.5805, 0.5625 -0.5403 0.5633, 0.562 -0.5511 0.5798, 0.5604 -0.5538 0.5783, 0.5798 -0.5299 0.5885, 0.5792 -0.5305 0.5883, 0.5792 -0.5257 0.569, 0.5841 -0.5266 0.5891, 0.5841 -0.5228 0.5696, 0.5856 -0.5255 0.5894, 0.5899 -0.52 0.5701, 0.59 -0.523 0.5897, 0.5961 -0.5175 0.5704, 0.6034 -0.5153 0.5706, 0.5973 -0.5189 0.5902, 0.5961 -0.5196 0.5901, 0.611 -0.5144 0.5905, 0.6064 -0.5154 0.5905, 0.6034 -0.5166 0.5904, 0.6299 -0.5118 0.5512, 0.6299 -0.5118 0.5906, 0.6245 -0.5119 0.5512, 0.62 -0.5124 0.5905, 0.6221 -0.512 0.5512, 0.6109 -0.5133 0.5512, 0.5961 -0.516 0.5512, 0.6032 -0.5142 0.5512, 0.6034 -0.5141 0.5512, 0.5866 -0.5184 0.5512, 0.59 -0.5175 0.5512, 0.5625 -0.5354 0.5545, 0.565 -0.533 0.5557, 0.5677 -0.5307 0.5567, 0.571 -0.5283 0.5577, 0.5603 -0.5378 0.5531, 0.5584 -0.5401 0.5515
            ]
        }
        coordIndex [
            0,1,2,-1,2,1,3,-1,2,3,4,-1,4,3,5,-1,4,5,6,-1,6,5,7,-1,8,9,10,-1,10,9,11,-1,12,13,14,-1,14,13,15,-1,16,17,18,-1,18,17,19,-1,18,19,20,-1,20,19,21,-1,20,21,22,-1,22,21,23,-1,8,24,9,-1,9,24,25,-1,9,25,26,-1,27,28,15,-1,15,28,29,-1,15,29,14,-1,30,31,16,-1,16,31,17,-1,22,23,32,-1,32,23,33,-1,34,35,36,-1,36,35,37,-1,36,37,38,-1,38,37,39,-1,38,39,40,-1,40,39,41,-1,42,43,44,-1,44,43,45,-1,44,45,46,-1,46,45,47,-1,46,47,48,-1,48,47,49,-1,10,11,40,-1,40,11,38,-1,49,47,12,-1,12,47,13,-1,30,41,31,-1,31,41,39,-1,31,39,50,-1,51,46,33,-1,33,46,48,-1,33,48,32,-1,52,53,54,-1,54,53,55,-1,56,57,58,-1,58,57,59,-1,60,61,57,-1,57,61,62,-1,57,62,59,-1,63,64,65,-1,65,64,66,-1,65,66,67,-1,67,66,68,-1,67,68,69,-1,69,68,70,-1,63,65,58,-1,58,65,56,-1,71,66,53,-1,53,66,64,-1,53,64,55,-1,72,73,74,-1,74,75,72,-1,72,75,76,-1,72,76,77,-1,78,79,80,-1,80,81,78,-1,78,81,82,-1,78,82,83,-1,79,78,84,-1,84,78,85,-1,84,85,86,-1,77,87,72,-1,72,87,88,-1,72,88,89,-1,89,88,90,-1,89,90,91,-1,91,92,89,-1,89,92,93,-1,89,93,94,-1,94,95,89,-1,89,95,96,-1,89,96,86,-1,86,96,97,-1,86,97,84,-1,83,98,78,-1,78,98,99,-1,78,99,100,-1,100,99,101,-1,101,102,100,-1,100,102,103,-1,100,103,104,-1,104,105,100,-1,100,105,106,-1,100,106,107,-1,108,109,97,-1,97,109,110,-1,110,111,97,-1,97,111,112,-1,97,112,113,-1,113,114,97,-1,97,114,115,-1,97,115,84,-1,108,116,109,-1,109,116,117,-1,109,117,118,-1,119,120,121,-1,121,120,122,-1,121,122,123,-1,118,124,109,-1,109,124,121,-1,109,121,125,-1,125,121,123,-1,121,126,119,-1,119,126,127,-1,119,127,128,-1,128,129,119,-1,119,129,130,-1,119,130,131,-1,131,130,132,-1,132,130,133,-1,133,130,134,-1,133,134,135,-1,135,136,133,-1,133,136,137,-1,133,137,138,-1,138,137,139,-1,138,139,140,-1,140,139,141,-1,140,141,142,-1,143,144,145,-1,146,147,148,-1,149,150,151,-1,151,152,149,-1,149,152,153,-1,149,153,154,-1,155,156,157,-1,157,156,149,-1,157,149,158,-1,158,149,154,-1,159,160,161,-1,159,161,162,-1,155,163,156,-1,156,163,164,-1,156,164,165,-1,165,166,156,-1,156,166,167,-1,156,167,168,-1,168,167,148,-1,168,148,169,-1,169,148,147,-1,169,147,161,-1,161,147,170,-1,161,170,162,-1,160,171,161,-1,161,171,172,-1,161,172,173,-1,173,172,174,-1,173,174,175,-1,175,176,173,-1,173,176,177,-1,173,177,178,-1,178,179,173,-1,173,179,180,-1,173,180,181,-1,182,183,184,-1,182,184,148,-1,148,184,185,-1,148,185,186,-1,186,187,148,-1,148,187,188,-1,148,188,146,-1,183,189,184,-1,184,189,190,-1,184,190,191,-1,192,193,194,-1,145,144,195,-1,194,196,192,-1,192,196,197,-1,192,197,198,-1,198,197,144,-1,144,197,199,-1,144,199,195,-1,191,200,184,-1,184,200,194,-1,184,194,201,-1,201,194,193,-1,145,202,143,-1,143,202,203,-1,143,203,204,-1,204,203,205,-1,205,203,206,-1,206,203,207,-1,206,207,208,-1,5,3,209,-1,209,3,208,-1,209,208,210,-1,210,208,207,-1,211,212,213,-1,213,212,214,-1,215,216,217,-1,217,216,218,-1,219,220,221,-1,221,220,142,-1,221,142,222,-1,222,142,141,-1,222,141,223,-1,223,141,224,-1,5,19,7,-1,7,19,17,-1,7,17,225,-1,225,17,31,-1,225,31,25,-1,25,31,26,-1,226,227,228,-1,19,5,229,-1,229,5,209,-1,229,209,230,-1,209,210,230,-1,230,210,207,-1,230,207,231,-1,231,207,203,-1,231,203,232,-1,232,203,202,-1,232,202,233,-1,233,202,234,-1,234,202,145,-1,234,145,235,-1,145,195,235,-1,235,195,199,-1,235,199,236,-1,236,199,197,-1,236,197,237,-1,237,197,196,-1,237,196,238,-1,238,196,239,-1,239,196,194,-1,239,194,240,-1,241,242,243,-1,243,242,244,-1,243,244,240,-1,245,246,247,-1,247,246,248,-1,247,248,249,-1,249,248,250,-1,249,250,251,-1,251,250,252,-1,251,252,241,-1,241,252,253,-1,241,253,242,-1,254,255,256,-1,256,255,257,-1,256,257,258,-1,258,257,259,-1,258,259,260,-1,260,259,261,-1,260,261,245,-1,245,261,262,-1,245,262,246,-1,263,264,254,-1,254,264,265,-1,254,265,255,-1,266,267,268,-1,268,267,269,-1,268,269,228,-1,228,269,270,-1,228,270,226,-1,271,272,266,-1,266,272,273,-1,266,273,267,-1,228,274,268,-1,268,274,275,-1,268,275,266,-1,266,275,276,-1,266,276,271,-1,271,276,277,-1,271,277,278,-1,278,277,279,-1,278,279,280,-1,280,279,281,-1,280,281,282,-1,151,150,227,-1,227,150,283,-1,227,283,228,-1,228,283,284,-1,228,284,274,-1,151,227,152,-1,152,227,285,-1,152,285,153,-1,153,285,286,-1,153,286,154,-1,154,286,158,-1,158,286,287,-1,158,287,157,-1,157,287,155,-1,155,287,288,-1,155,288,163,-1,163,288,289,-1,163,289,164,-1,164,289,290,-1,164,290,165,-1,165,290,291,-1,165,291,166,-1,167,249,148,-1,148,249,251,-1,148,251,182,-1,182,251,241,-1,182,241,183,-1,194,200,240,-1,240,200,191,-1,240,191,243,-1,243,191,190,-1,243,190,241,-1,241,190,189,-1,241,189,183,-1,226,263,227,-1,227,263,254,-1,227,254,285,-1,285,254,256,-1,285,256,286,-1,286,256,258,-1,286,258,287,-1,287,258,260,-1,287,260,288,-1,288,260,245,-1,288,245,289,-1,289,245,247,-1,289,247,290,-1,290,247,249,-1,290,249,291,-1,291,249,167,-1,291,167,166,-1,23,21,3,-1,292,28,27,-1,3,1,23,-1,23,1,292,-1,23,292,33,-1,33,292,27,-1,293,294,295,-1,296,297,298,-1,298,297,299,-1,298,299,294,-1,300,301,302,-1,302,301,303,-1,302,303,304,-1,304,303,305,-1,304,305,295,-1,295,305,306,-1,295,306,293,-1,307,308,309,-1,309,308,310,-1,309,310,311,-1,311,310,312,-1,313,314,315,-1,315,314,316,-1,315,316,317,-1,317,316,318,-1,317,318,319,-1,319,318,320,-1,319,320,321,-1,322,323,313,-1,313,323,324,-1,313,324,314,-1,325,326,322,-1,322,326,327,-1,322,327,323,-1,328,329,330,-1,330,329,331,-1,330,331,332,-1,332,331,333,-1,332,333,334,-1,334,333,335,-1,334,335,325,-1,325,335,336,-1,325,336,326,-1,330,185,184,-1,330,184,328,-1,328,184,201,-1,328,201,337,-1,337,201,193,-1,337,193,338,-1,193,192,338,-1,338,192,198,-1,338,198,339,-1,339,198,144,-1,339,144,340,-1,340,144,143,-1,340,143,341,-1,341,143,204,-1,341,204,342,-1,342,204,205,-1,342,205,343,-1,343,205,206,-1,343,206,344,-1,344,206,208,-1,344,208,345,-1,345,208,3,-1,345,3,21,-1,185,330,186,-1,186,330,332,-1,186,332,187,-1,187,332,334,-1,187,334,188,-1,346,170,347,-1,347,170,147,-1,348,160,349,-1,349,160,159,-1,349,159,346,-1,346,159,162,-1,346,162,170,-1,176,175,350,-1,350,175,174,-1,350,174,351,-1,351,174,172,-1,351,172,348,-1,348,172,171,-1,348,171,160,-1,176,319,177,-1,177,319,321,-1,177,321,178,-1,178,321,179,-1,352,353,308,-1,320,312,321,-1,321,312,310,-1,321,310,179,-1,179,310,308,-1,179,308,180,-1,180,308,353,-1,180,353,181,-1,299,354,294,-1,294,354,355,-1,294,355,295,-1,295,355,356,-1,295,356,304,-1,304,356,352,-1,304,352,302,-1,302,352,308,-1,302,308,300,-1,300,308,307,-1,176,350,319,-1,319,350,351,-1,319,351,317,-1,317,351,348,-1,317,348,315,-1,315,348,349,-1,315,349,313,-1,313,349,346,-1,313,346,322,-1,322,346,347,-1,322,347,325,-1,325,347,147,-1,325,147,334,-1,334,147,146,-1,334,146,188,-1,52,357,142,-1,358,61,60,-1,142,220,52,-1,52,220,358,-1,52,358,53,-1,53,358,60,-1,359,360,361,-1,362,363,364,-1,364,363,365,-1,364,365,360,-1,365,366,360,-1,360,366,367,-1,360,367,361,-1,359,361,368,-1,368,361,369,-1,368,369,370,-1,370,369,371,-1,371,369,372,-1,371,372,373,-1,373,372,374,-1,373,374,375,-1,375,374,376,-1,376,374,377,-1,376,377,378,-1,378,377,379,-1,379,377,380,-1,379,380,381,-1,381,380,382,-1,382,380,383,-1,382,383,384,-1,384,383,385,-1,384,385,386,-1,386,385,387,-1,387,385,388,-1,387,388,389,-1,389,388,390,-1,390,388,391,-1,390,391,392,-1,392,391,393,-1,393,391,394,-1,393,394,395,-1,395,396,397,-1,397,396,398,-1,399,112,111,-1,400,401,399,-1,399,401,402,-1,399,402,398,-1,398,402,403,-1,398,403,397,-1,399,111,400,-1,400,111,110,-1,400,110,404,-1,404,110,109,-1,404,109,405,-1,405,109,125,-1,405,125,406,-1,406,125,123,-1,406,123,407,-1,407,123,408,-1,408,123,122,-1,408,122,409,-1,409,122,120,-1,409,120,410,-1,120,119,410,-1,410,119,131,-1,410,131,411,-1,411,131,132,-1,411,132,412,-1,412,132,133,-1,412,133,413,-1,133,138,413,-1,413,138,140,-1,413,140,414,-1,414,140,142,-1,414,142,357,-1,112,399,113,-1,113,399,398,-1,113,398,114,-1,114,398,396,-1,114,396,115,-1,395,394,396,-1,396,394,84,-1,396,84,115,-1,415,83,416,-1,416,83,82,-1,416,82,417,-1,417,82,81,-1,417,81,418,-1,418,81,80,-1,418,80,79,-1,419,99,415,-1,415,99,98,-1,415,98,83,-1,103,102,419,-1,419,102,101,-1,419,101,99,-1,419,420,103,-1,103,420,421,-1,103,421,104,-1,374,106,105,-1,367,422,361,-1,361,422,423,-1,361,423,369,-1,369,423,424,-1,369,424,372,-1,372,424,425,-1,372,425,374,-1,374,425,426,-1,374,426,106,-1,106,426,107,-1,105,104,374,-1,374,104,421,-1,374,421,377,-1,377,421,420,-1,377,420,380,-1,380,420,419,-1,380,419,383,-1,383,419,415,-1,383,415,385,-1,385,415,416,-1,385,416,388,-1,388,416,417,-1,388,417,391,-1,391,417,418,-1,391,418,394,-1,394,418,79,-1,394,79,84,-1,141,427,224,-1,224,427,428,-1,224,428,429,-1,429,428,430,-1,429,430,431,-1,431,430,432,-1,427,141,433,-1,433,141,139,-1,433,139,434,-1,434,139,137,-1,434,137,435,-1,435,137,136,-1,435,136,436,-1,436,136,135,-1,436,135,437,-1,437,135,134,-1,437,134,438,-1,438,134,130,-1,438,130,439,-1,439,130,440,-1,130,129,440,-1,440,129,128,-1,440,128,441,-1,441,128,127,-1,441,127,442,-1,443,444,445,-1,445,444,446,-1,445,446,442,-1,447,448,449,-1,449,448,450,-1,449,450,451,-1,451,450,452,-1,451,452,443,-1,443,452,453,-1,443,453,444,-1,454,455,456,-1,456,455,457,-1,456,457,458,-1,458,457,459,-1,458,459,460,-1,460,459,461,-1,460,461,462,-1,462,461,463,-1,462,463,464,-1,464,463,465,-1,464,465,447,-1,447,465,466,-1,447,466,448,-1,467,468,469,-1,469,468,454,-1,470,471,472,-1,472,471,473,-1,472,473,474,-1,474,473,475,-1,476,477,475,-1,475,477,478,-1,475,478,474,-1,479,480,476,-1,476,480,481,-1,476,481,477,-1,482,483,484,-1,484,483,485,-1,484,485,486,-1,486,485,479,-1,486,479,487,-1,487,479,476,-1,473,488,475,-1,475,488,489,-1,475,489,476,-1,476,489,490,-1,476,490,487,-1,74,73,471,-1,471,73,491,-1,471,491,473,-1,473,491,492,-1,473,492,488,-1,470,467,471,-1,471,467,469,-1,471,469,74,-1,74,469,75,-1,454,456,469,-1,469,456,76,-1,469,76,75,-1,493,92,494,-1,494,92,91,-1,494,91,495,-1,495,91,90,-1,495,90,496,-1,496,90,88,-1,496,88,87,-1,95,94,493,-1,493,94,93,-1,493,93,92,-1,493,497,95,-1,95,497,498,-1,95,498,96,-1,96,498,97,-1,97,449,108,-1,108,449,451,-1,108,451,116,-1,116,451,443,-1,116,443,117,-1,127,126,442,-1,442,126,121,-1,442,121,445,-1,445,121,124,-1,445,124,443,-1,443,124,118,-1,443,118,117,-1,97,498,449,-1,449,498,497,-1,449,497,447,-1,447,497,493,-1,447,493,464,-1,464,493,494,-1,464,494,462,-1,462,494,495,-1,462,495,460,-1,460,495,496,-1,460,496,458,-1,458,496,87,-1,458,87,456,-1,456,87,77,-1,456,77,76,-1,
        ]
    }
}
Shape{
    appearance Appearance {
        material  Material {
            diffuseColor 0.2235294117647059 0.2235294117647059 0.2235294117647059
            specularColor 0.11372549019607843 0.11372549019607843 0.11372549019607843
            ambientIntensity 0.2235
            transparency 0.0
            shininess 0.5
        }
    }
    geometry IndexedFaceSet {
        ccw TRUE
        solid FALSE
        coord DEF co Coordinate {
            point [
                0.5368 -0.5331 0.5449, -0.5368 -0.5331 0.5449, 0.5368 -0.5331 0.4111, -0.5368 -0.5331 0.4111, -0.5368 0.5331 0.5449, 0.5368 0.5331 0.5449, -0.5368 0.5331 0.4111, 0.5368 0.5331 0.4111, -0.5461 0.527 0.5473, -0.5589 0.5185 0.5506, 0.5589 0.5185 0.5506, 0.5461 0.527 0.5473, 0.5461 -0.527 0.5473, 0.5589 -0.5185 0.5506, -0.5589 -0.5185 0.5506, -0.5461 -0.527 0.5473
            ]
        }
        coordIndex [
            0,1,2,-1,2,1,3,-1,4,5,6,-1,6,5,7,-1,4,6,8,-1,8,6,9,-1,10,7,11,-1,11,7,5,-1,0,2,12,-1,12,2,13,-1,14,3,15,-1,15,3,1,-1,
        ]
    }
}
Shape{
    appearance Appearance {
        material  Material {
            diffuseColor 1.0 1.0 1.0
            specularColor 0.8784313725490196 0.8784313725490196 0.8784313725490196
            ambientIntensity 1.0
            transparency 0.0
            shininess 0.5
        }
    }
    geometry IndexedFaceSet {
        ccw TRUE
        solid FALSE
        coord DEF co Coordinate {
            point [
                0.5512 -0.5873 0.1969, 0.5512 -0.5906 0.1969, 0.4498 -0.5873 0.1969, 0.4498 -0.5906 0.1969, 0.5452 -0.5512 0.1969, 0.5428 -0.5528 0.1969, 0.4498 -0.5512 0.1969, 0.4498 -0.5528 0.1969, -0.5428 -0.5528 0.1969, -0.5428 -0.5528 0.0, -0.5452 -0.5512 0.1969, -0.654 -0.479 0.0, -0.654 -0.479 0.1969, 0.654 -0.479 0.1969, 0.654 -0.479 0.0, 0.5428 -0.5528 0.0, -0.5512 -0.5906 0.5118, 0.5512 -0.5906 0.5118, -0.5512 -0.5899 0.5221, 0.5512 -0.5893 0.5257, -0.5512 -0.5897 0.5229, -0.5512 -0.5876 0.5321, 0.5512 -0.5892 0.5261, 0.5512 -0.5876 0.5321, -0.5512 -0.5868 0.5357, 0.5513 -0.5861 0.5378, -0.5513 -0.5865 0.5366, -0.5515 -0.5835 0.5443, -0.552 -0.5797 0.551, -0.5518 -0.5814 0.548, 0.5518 -0.5806 0.5502, 0.5514 -0.5852 0.54, -0.5535 -0.5718 0.5627, -0.5533 -0.5725 0.562, 0.5531 -0.5734 0.5609, -0.5527 -0.5752 0.5583, -0.5524 -0.5769 0.5561, 0.552 -0.5796 0.5517, 0.5519 -0.5799 0.5511, 0.5531 -0.5732 0.5611, -0.5549 -0.5673 0.5673, -0.5546 -0.568 0.5666, -0.5592 -0.5561 0.5769, -0.5572 -0.5608 0.5733, 0.5555 -0.5649 0.5699, -0.5559 -0.5637 0.5711, 0.5555 -0.5651 0.5698, -0.5557 -0.5645 0.5702, 0.5548 -0.5673 0.5674, 0.5543 -0.5691 0.5654, -0.562 -0.5511 0.5798, -0.5609 -0.5531 0.5787, 0.5594 -0.5555 0.5773, 0.5586 -0.5575 0.5757, 0.562 -0.5511 0.5798, 0.5627 -0.5499 0.5805, -0.5775 -0.5322 0.5878, -0.5769 -0.5327 0.5876, -0.5723 -0.5371 0.5863, -0.5717 -0.5376 0.5862, 0.565 -0.5461 0.5827, 0.5679 -0.5424 0.5843, 0.5707 -0.5388 0.5858, -0.5689 -0.5411 0.5847, -0.5657 -0.5453 0.583, -0.5646 -0.5466 0.5824, 0.5604 -0.5538 0.5783, -0.5631 -0.5491 0.581, -0.6299 -0.5118 0.5906, -0.616 -0.5131 0.5905, 0.6299 -0.5118 0.5906, -0.6109 -0.5144 0.5905, -0.6039 -0.5163 0.5904, -0.6027 -0.5168 0.5904, -0.5948 -0.5203 0.5901, -0.5917 -0.5217 0.5899, -0.5881 -0.5242 0.5895, -0.5816 -0.5285 0.5887, -0.5807 -0.5291 0.5886, 0.5748 -0.5348 0.587, 0.5775 -0.5322 0.5878, 0.5792 -0.5305 0.5883, 0.5798 -0.5299 0.5885, 0.5841 -0.5266 0.5891, 0.5856 -0.5255 0.5894, 0.59 -0.523 0.5897, 0.5961 -0.5196 0.5901, 0.5973 -0.5189 0.5902, 0.6034 -0.5166 0.5904, 0.6064 -0.5154 0.5905, 0.611 -0.5144 0.5905, 0.62 -0.5124 0.5905, 0.4498 -0.5906 0.3521, -0.4439 -0.5906 0.3521, -0.4439 -0.5906 0.1969, -0.5512 -0.5906 0.1969, 0.4498 -0.5512 0.2362, 0.5512 -0.5512 0.2362, 0.5512 -0.5512 0.1969, -0.616 0.5131 0.5905, -0.6299 0.5118 0.5906, 0.6299 0.5118 0.5906, 0.6109 0.5145 0.5905, 0.6064 0.5154 0.5905, -0.5807 0.5291 0.5886, 0.6033 0.5166 0.5904, 0.5973 0.5189 0.5902, 0.5961 0.5196 0.5901, 0.59 0.523 0.5897, 0.5856 0.5255 0.5894, -0.5775 0.5322 0.5878, 0.5842 0.5266 0.5891, 0.5798 0.5299 0.5885, -0.5815 0.5286 0.5887, 0.62 0.5124 0.5905, -0.6108 0.5144 0.5905, -0.588 0.5242 0.5895, -0.5917 0.5217 0.5899, -0.5947 0.5204 0.59, -0.6026 0.5169 0.5904, -0.6039 0.5163 0.5904, 0.5749 0.5347 0.587, 0.5707 0.5388 0.5858, -0.5646 0.5466 0.5824, -0.5688 0.5413 0.5847, -0.5717 0.5376 0.5862, 0.5775 0.5322 0.5878, -0.5656 0.5454 0.583, 0.5793 0.5304 0.5883, -0.5768 0.5328 0.5876, -0.5549 0.5673 0.5673, -0.5559 0.5637 0.571, 0.562 0.5511 0.5798, -0.5571 0.5608 0.5732, -0.5592 0.556 0.577, 0.5679 0.5424 0.5843, 0.565 0.5461 0.5827, -0.5631 0.5492 0.5809, 0.5627 0.5499 0.5805, -0.562 0.5511 0.5798, -0.5608 0.5532 0.5786, 0.5605 0.5537 0.5783, 0.5594 0.5555 0.5773, 0.5586 0.5575 0.5757, 0.5555 0.5649 0.5699, 0.5555 0.5651 0.5698, 0.5548 0.5673 0.5674, 0.5543 0.5691 0.5655, 0.5532 0.5732 0.5611, 0.5531 0.5734 0.5609, -0.5533 0.5725 0.562, -0.5535 0.5719 0.5626, -0.5546 0.5681 0.5665, 0.5513 0.5861 0.5378, 0.5512 0.5876 0.5321, -0.5512 0.5876 0.5321, -0.5515 0.5835 0.5443, 0.5519 0.5799 0.5511, -0.5513 0.5865 0.5366, -0.5512 0.5868 0.5357, -0.5518 0.5815 0.548, -0.552 0.5797 0.551, 0.552 0.5796 0.5517, -0.5524 0.5769 0.5561, -0.5527 0.5753 0.5583, 0.5514 0.5852 0.54, 0.5518 0.5806 0.5502, 0.5512 0.5906 0.5118, -0.5512 0.5906 0.5118, 0.5512 0.5893 0.5257, -0.5512 0.5899 0.5221, 0.5512 0.5892 0.5261, -0.5512 0.5897 0.5229, -0.2135 0.2828 0.5906, -0.1579 0.3172 0.5906, -0.097 -0.3408 0.5906, -0.1579 -0.3172 0.5906, -0.097 0.3408 0.5906, -0.0327 0.3528 0.5906, 0.0327 0.3528 0.5906, 0.097 0.3408 0.5906, 0.1579 0.3172 0.5906, 0.2135 -0.2828 0.5906, 0.1579 -0.3172 0.5906, 0.3483 -0.0651 0.5906, 0.7874 -0.5118 0.5906, 0.3543 0.0 0.5906, 0.7874 0.5118 0.5906, 0.3483 0.0651 0.5906, 0.3304 0.128 0.5906, 0.3304 -0.128 0.5906, 0.3013 -0.1865 0.5906, 0.2619 -0.2387 0.5906, 0.097 -0.3408 0.5906, 0.0327 -0.3528 0.5906, -0.0327 -0.3528 0.5906, -0.3304 -0.128 0.5906, -0.3483 -0.0651 0.5906, -0.7874 -0.5118 0.5906, -0.3543 0.0 0.5906, -0.7874 0.5118 0.5906, -0.3483 0.0651 0.5906, -0.3304 0.128 0.5906, -0.3013 0.1865 0.5906, -0.2619 0.2387 0.5906, 0.2135 0.2828 0.5906, 0.2619 0.2387 0.5906, 0.3013 0.1865 0.5906, -0.2135 -0.2828 0.5906, -0.2619 -0.2387 0.5906, -0.3013 -0.1865 0.5906, -0.7874 -0.5118 0.5512, -0.7874 0.5118 0.5512, 0.7874 0.5118 0.5512, 0.7874 -0.5118 0.5512, -0.7669 0.5118 0.5512, -0.6299 0.5118 0.5512, 0.6299 0.5118 0.5512, 0.7669 0.5118 0.5512, -0.6299 -0.5118 0.5512, -0.7669 -0.5118 0.5512, 0.7669 -0.5118 0.5512, 0.6299 -0.5118 0.5512, -0.5512 -0.5512 0.1969, -0.7669 -0.479 0.1969, -0.7669 -0.5184 0.1969, -0.5512 -0.5873 0.1969, -0.5621 -0.5873 0.1969, -0.6659 -0.5184 0.1969, -0.7669 -0.5184 0.0, -0.6659 -0.5184 0.0, -0.7669 -0.479 0.0, -0.5621 -0.5873 0.0, 0.7669 -0.479 0.0, 0.7669 -0.5184 0.0, 0.6659 -0.5184 0.0, 0.5621 -0.5873 0.0, 0.4498 -0.5528 0.0, 0.4498 -0.5873 0.0, 0.7669 -0.479 0.1969, 0.7669 -0.5184 0.1969, 0.6659 -0.5184 0.1969, 0.5621 -0.5873 0.1969, -0.654 0.479 0.1969, -0.5452 0.5512 0.1969, -0.5512 0.5512 0.1969, -0.7669 0.5184 0.1969, -0.7669 0.479 0.1969, -0.6659 0.5184 0.1969, -0.5621 0.5873 0.1969, -0.5512 0.5873 0.1969, -0.6659 0.5184 0.0, -0.7669 0.5184 0.0, -0.5621 0.5873 0.0, -0.654 0.479 0.0, -0.5428 0.5528 0.0, -0.5428 0.5528 0.1969, -0.7669 0.479 0.0, 0.5512 0.5512 0.1969, 0.5452 0.5512 0.1969, 0.654 0.479 0.1969, 0.7669 0.479 0.1969, 0.7669 0.5184 0.1969, 0.5512 0.5873 0.1969, 0.5621 0.5873 0.1969, 0.6659 0.5184 0.1969, 0.654 0.479 0.0, 0.7669 0.479 0.0, 0.5428 0.5528 0.1969, 0.5428 0.5528 0.0, 0.6659 0.5184 0.0, 0.5621 0.5873 0.0, 0.7669 0.5184 0.0
            ]
        }
        coordIndex [
            0,1,2,-1,2,1,3,-1,4,5,6,-1,6,5,7,-1,8,9,10,-1,10,9,11,-1,10,11,12,-1,13,14,4,-1,4,14,15,-1,4,15,5,-1,16,17,18,-1,18,17,19,-1,18,19,20,-1,20,19,21,-1,19,22,21,-1,21,22,23,-1,21,23,24,-1,24,23,25,-1,24,25,26,-1,26,25,27,-1,28,29,30,-1,30,29,27,-1,30,27,31,-1,31,27,25,-1,32,33,34,-1,33,35,34,-1,34,35,36,-1,34,36,37,-1,37,36,28,-1,37,28,38,-1,38,28,30,-1,39,40,34,-1,34,40,41,-1,34,41,32,-1,42,43,44,-1,44,43,45,-1,44,45,46,-1,46,45,47,-1,46,47,48,-1,48,47,40,-1,48,40,49,-1,49,40,39,-1,50,51,52,-1,52,51,42,-1,52,42,53,-1,53,42,44,-1,54,55,56,-1,56,57,54,-1,54,57,58,-1,54,58,59,-1,55,60,56,-1,56,60,61,-1,56,61,62,-1,59,63,54,-1,54,63,64,-1,54,64,65,-1,52,66,50,-1,50,66,54,-1,50,54,67,-1,67,54,65,-1,68,69,70,-1,70,69,71,-1,70,71,72,-1,72,73,70,-1,70,73,74,-1,70,74,75,-1,75,76,70,-1,70,76,77,-1,70,77,78,-1,62,79,56,-1,56,79,80,-1,56,80,78,-1,80,81,78,-1,78,81,82,-1,78,82,83,-1,83,84,78,-1,78,84,85,-1,78,85,86,-1,86,87,78,-1,78,87,88,-1,78,88,89,-1,89,90,78,-1,78,90,91,-1,78,91,70,-1,3,1,92,-1,92,1,17,-1,92,17,93,-1,93,17,16,-1,93,16,94,-1,94,16,95,-1,6,96,4,-1,4,96,97,-1,4,97,98,-1,99,100,101,-1,102,103,104,-1,103,105,104,-1,104,105,106,-1,104,106,107,-1,107,108,104,-1,104,108,109,-1,104,109,110,-1,110,109,111,-1,110,111,112,-1,113,101,104,-1,104,101,114,-1,104,114,102,-1,99,101,115,-1,113,116,101,-1,101,116,117,-1,101,117,118,-1,118,119,101,-1,101,119,120,-1,101,120,115,-1,121,122,123,-1,124,125,126,-1,121,123,126,-1,126,123,127,-1,126,127,124,-1,112,128,110,-1,110,128,126,-1,110,126,129,-1,129,126,125,-1,130,131,132,-1,132,131,133,-1,132,133,134,-1,122,135,123,-1,123,135,136,-1,123,136,137,-1,137,136,138,-1,137,138,139,-1,139,138,132,-1,139,132,140,-1,140,132,134,-1,132,141,130,-1,130,141,142,-1,130,142,143,-1,143,144,130,-1,130,144,145,-1,130,145,146,-1,146,147,130,-1,130,147,148,-1,130,148,149,-1,150,151,149,-1,149,151,152,-1,149,152,130,-1,153,154,155,-1,156,157,158,-1,158,157,159,-1,156,160,157,-1,157,160,161,-1,157,161,162,-1,162,161,163,-1,162,163,149,-1,149,163,164,-1,149,164,150,-1,153,155,165,-1,159,157,155,-1,155,157,166,-1,155,166,165,-1,167,168,169,-1,169,168,170,-1,154,171,155,-1,155,171,169,-1,155,169,172,-1,172,169,170,-1,100,173,174,-1,175,176,68,-1,174,177,100,-1,100,177,178,-1,100,178,101,-1,178,179,101,-1,101,179,180,-1,101,180,181,-1,182,183,70,-1,184,185,186,-1,186,185,187,-1,186,187,188,-1,188,187,189,-1,184,190,185,-1,185,190,191,-1,185,191,70,-1,70,191,192,-1,70,192,182,-1,183,193,70,-1,70,193,194,-1,70,194,68,-1,68,194,195,-1,68,195,175,-1,196,197,198,-1,198,197,199,-1,198,199,200,-1,200,199,201,-1,201,202,200,-1,200,202,203,-1,200,203,100,-1,100,203,204,-1,100,204,173,-1,181,205,101,-1,101,205,206,-1,101,206,187,-1,187,206,207,-1,187,207,189,-1,176,208,68,-1,68,208,209,-1,68,209,198,-1,198,209,210,-1,198,210,196,-1,198,200,211,-1,211,200,212,-1,213,187,214,-1,214,187,185,-1,212,200,215,-1,215,200,100,-1,215,100,216,-1,217,101,218,-1,218,101,187,-1,218,187,213,-1,219,68,220,-1,220,68,198,-1,220,198,211,-1,214,185,221,-1,221,185,70,-1,221,70,222,-1,223,10,12,-1,12,224,225,-1,226,223,227,-1,227,223,12,-1,227,12,228,-1,228,12,225,-1,229,230,225,-1,225,230,228,-1,231,229,224,-1,224,229,225,-1,11,231,12,-1,12,231,224,-1,230,232,228,-1,228,232,227,-1,233,234,14,-1,14,234,235,-1,14,235,15,-1,15,235,236,-1,15,236,237,-1,237,236,238,-1,233,14,239,-1,239,14,13,-1,234,233,240,-1,240,233,239,-1,235,234,241,-1,241,234,240,-1,236,235,242,-1,242,235,241,-1,13,4,98,-1,240,239,241,-1,241,239,13,-1,241,13,242,-1,242,13,98,-1,242,98,0,-1,7,5,237,-1,237,5,15,-1,2,238,0,-1,0,238,236,-1,0,236,242,-1,243,244,245,-1,246,247,248,-1,248,247,243,-1,248,243,249,-1,249,243,245,-1,249,245,250,-1,251,252,248,-1,248,252,246,-1,253,251,249,-1,249,251,248,-1,243,254,244,-1,244,254,255,-1,244,255,256,-1,257,254,247,-1,247,254,243,-1,252,257,246,-1,246,257,247,-1,258,259,260,-1,260,261,262,-1,263,258,264,-1,264,258,260,-1,264,260,265,-1,265,260,262,-1,266,267,260,-1,260,267,261,-1,268,269,259,-1,259,269,266,-1,259,266,260,-1,270,271,265,-1,265,271,264,-1,272,270,262,-1,262,270,265,-1,267,272,261,-1,261,272,262,-1,
        ]
    }
}
Shape{
    appearance Appearance {
        material  Material {
            diffuseColor 0.2235294117647059 0.2235294117647059 0.2235294117647059
            specularColor 0.11372549019607843 0.11372549019607843 0.11372549019607843
            ambientIntensity 0.2235
            transparency 0.0
            shininess 0.5
        }
    }
    geometry IndexedFaceSet {
        ccw TRUE
        solid FALSE
        coord DEF co Coordinate {
            point [
                -0.5879 -0.518 0.5512, -0.5923 -0.5166 0.5512, -0.5947 -0.5161 0.5512, -0.7669 -0.5118 0.5512, -0.7669 -0.5184 0.5512, -0.6299 -0.5118 0.5512, -0.5866 -0.5184 0.5512, -0.6108 -0.513 0.5512, -0.6027 -0.5145 0.5512, -0.6082 -0.5133 0.5512, -0.6105 -0.513 0.5512, 0.6299 0.5118 0.5512, 0.7669 0.5118 0.5512, 0.7669 0.5184 0.5512, 0.5866 0.5184 0.5512, 0.5899 0.5174 0.5512, 0.5963 0.5156 0.5512, 0.6033 0.5144 0.5512, 0.6108 0.5131 0.5512, 0.6126 0.5128 0.5512, 0.7669 -0.5184 0.5512, 0.7669 -0.5118 0.5512, 0.6299 -0.5118 0.5512, 0.6221 -0.512 0.5512, 0.6109 -0.5133 0.5512, 0.6245 -0.5119 0.5512, 0.6032 -0.5142 0.5512, 0.5961 -0.516 0.5512, 0.59 -0.5175 0.5512, 0.5866 -0.5184 0.5512, 0.6034 -0.5141 0.5512, 0.8 -0.5515 0.2362, 0.8 -0.4594 0.2362, 0.8 0.4594 0.2362, 0.8 0.5515 0.2362, -0.8 -0.5515 0.2362, -0.5512 -0.5515 0.2362, -0.5512 -0.5512 0.2394, 0.5512 -0.5515 0.2362, 0.5512 -0.5512 0.2394, 0.5861 -0.5185 0.5506, 0.5589 -0.5185 0.5506, 0.5368 -0.5331 0.4111, -0.5368 -0.5331 0.4111, -0.5589 -0.5185 0.5506, -0.5861 -0.5185 0.5506, 0.4498 -0.5512 0.2394, -0.4439 -0.5512 0.2394, -0.7669 0.5118 0.5512, -0.7669 0.5184 0.5512, -0.8 0.5515 0.2362, -0.8 0.4594 0.2362, -0.8 -0.4594 0.2362, 0.5512 0.5515 0.2362, 0.5512 0.5512 0.2394, -0.5512 0.5515 0.2362, -0.5512 0.5512 0.2394, -0.5866 0.5184 0.5512, -0.5861 0.5185 0.5506, -0.5589 0.5185 0.5506, -0.5368 0.5331 0.4111, 0.5368 0.5331 0.4111, 0.5589 0.5185 0.5506, 0.5861 0.5185 0.5506, -0.4439 0.5512 0.2394, 0.4498 0.5512 0.2394, -0.6025 0.5143 0.5512, -0.5947 0.5163 0.5512, -0.5878 0.5181 0.5512, -0.6299 0.5118 0.5512, -0.6221 0.512 0.5512, -0.6108 0.5133 0.5512, -0.6244 0.5119 0.5512, -0.6032 0.5142 0.5512, -0.648 -0.4594 0.0394, -0.648 -0.4594 0.2362, 0.8 -0.4594 0.0, 0.648 -0.4594 0.2362, 0.648 -0.4594 0.0394, -0.8 -0.4594 0.0, 0.648 0.4594 0.2362, 0.648 0.4594 0.0394, 0.8 0.4594 0.0, -0.648 0.4594 0.0394, -0.8 0.4594 0.0, -0.648 0.4594 0.2362, 0.5368 -0.5331 0.2362, 0.5368 -0.5331 0.0394, 0.5368 0.5331 0.2362, 0.5368 0.5331 0.0394, -0.5368 -0.5331 0.2362, -0.5368 -0.5331 0.0394, -0.5368 0.5331 0.2362, -0.5368 0.5331 0.0394
            ]
        }
        coordIndex [
            0,1,2,-1,3,4,5,-1,5,4,6,-1,5,6,7,-1,0,2,6,-1,6,2,8,-1,6,8,7,-1,7,8,9,-1,7,9,10,-1,11,12,13,-1,14,15,13,-1,13,15,16,-1,16,17,13,-1,13,17,18,-1,13,18,11,-1,11,18,19,-1,20,21,22,-1,23,24,25,-1,25,24,22,-1,26,27,20,-1,20,27,28,-1,20,28,29,-1,22,24,20,-1,20,24,30,-1,20,30,26,-1,21,20,31,-1,31,32,21,-1,21,32,33,-1,21,33,12,-1,12,33,34,-1,12,34,13,-1,35,36,4,-1,4,36,37,-1,38,31,39,-1,39,31,20,-1,39,20,29,-1,40,41,42,-1,43,44,45,-1,29,40,39,-1,39,40,42,-1,39,42,46,-1,46,42,43,-1,6,4,45,-1,45,4,37,-1,45,37,43,-1,43,37,47,-1,43,47,46,-1,48,49,50,-1,50,51,48,-1,48,51,52,-1,48,52,3,-1,3,52,35,-1,3,35,4,-1,34,53,13,-1,13,53,54,-1,55,50,56,-1,56,50,49,-1,56,49,57,-1,58,59,60,-1,61,62,63,-1,57,58,56,-1,56,58,60,-1,56,60,64,-1,64,60,61,-1,14,13,63,-1,63,13,54,-1,63,54,61,-1,61,54,65,-1,61,65,64,-1,66,67,49,-1,49,67,68,-1,49,68,57,-1,49,48,69,-1,70,71,72,-1,72,71,69,-1,69,71,49,-1,49,71,73,-1,49,73,66,-1,74,75,52,-1,76,32,77,-1,77,78,76,-1,76,78,74,-1,76,74,79,-1,79,74,52,-1,80,33,81,-1,81,33,82,-1,81,82,83,-1,83,82,84,-1,83,84,85,-1,85,84,51,-1,86,87,77,-1,77,87,78,-1,80,81,88,-1,88,81,89,-1,75,74,90,-1,90,74,91,-1,92,93,85,-1,85,93,83,-1,88,89,92,-1,92,89,93,-1,90,91,86,-1,86,91,87,-1,
        ]
    }
}
Shape{
    appearance Appearance {
        material  Material {
            diffuseColor 1.0 1.0 1.0
            specularColor 0.8784313725490196 0.8784313725490196 0.8784313725490196
            ambientIntensity 1.0
            transparency 0.0
            shininess 0.5
        }
    }
    geometry IndexedFaceSet {
        ccw TRUE
        solid FALSE
        coord DEF co Coordinate {
            point [
                0.4498 -0.5512 0.2394, -0.4439 -0.5512 0.2394, 0.4498 -0.5512 0.2362, -0.4439 -0.5512 0.2362, -0.4439 -0.5528 0.1969, -0.4439 -0.5512 0.1969, -0.4439 -0.5873 0.1969, -0.4439 -0.5873 0.0, -0.4439 -0.5528 0.0, -0.4439 -0.5906 0.1969, -0.4439 -0.5906 0.3521, -0.4439 -0.5512 0.3521, 0.4498 -0.5512 0.3521, 0.4498 -0.5906 0.3521, 0.4498 -0.5528 0.0, 0.4498 -0.5873 0.0, 0.4498 -0.5528 0.1969, 0.4498 -0.5873 0.1969, 0.4498 -0.5512 0.1969, 0.4498 -0.5906 0.1969, -0.4439 0.5512 0.2394, 0.4498 0.5512 0.2394, -0.4439 0.5512 0.2362, 0.4498 0.5512 0.2362, -0.4439 0.5528 0.0, -0.4439 0.5873 0.0, -0.4439 0.5528 0.1969, -0.4439 0.5873 0.1969, -0.4439 0.5512 0.1969, -0.4439 0.5906 0.1969, -0.4439 0.5512 0.3521, -0.4439 0.5906 0.3521, 0.4498 0.5528 0.1969, 0.4498 0.5512 0.1969, 0.4498 0.5873 0.1969, 0.4498 0.5873 0.0, 0.4498 0.5528 0.0, 0.4498 0.5906 0.1969, 0.4498 0.5906 0.3521, 0.4498 0.5512 0.3521
            ]
        }
        coordIndex [
            0,1,2,-1,2,1,3,-1,4,5,3,-1,6,7,8,-1,8,4,6,-1,6,4,3,-1,6,3,9,-1,9,3,1,-1,9,1,10,-1,10,1,11,-1,11,12,10,-1,10,12,13,-1,14,15,16,-1,16,15,17,-1,18,16,2,-1,2,16,17,-1,2,17,0,-1,0,17,19,-1,0,19,12,-1,12,19,13,-1,20,21,22,-1,22,21,23,-1,24,25,26,-1,26,25,27,-1,28,26,22,-1,22,26,27,-1,22,27,20,-1,20,27,29,-1,20,29,30,-1,30,29,31,-1,32,33,23,-1,34,35,36,-1,36,32,34,-1,34,32,23,-1,34,23,37,-1,37,23,21,-1,37,21,38,-1,38,21,39,-1,39,30,38,-1,38,30,31,-1,
        ]
    }
}
Shape{
    appearance Appearance {
        material  Material {
            diffuseColor 0.2235294117647059 0.2235294117647059 0.2235294117647059
            specularColor 0.11372549019607843 0.11372549019607843 0.11372549019607843
            ambientIntensity 0.2235
            transparency 0.0
            shininess 0.5
        }
    }
    geometry IndexedFaceSet {
        ccw TRUE
        solid FALSE
        coord DEF co Coordinate {
            point [
                -0.8 -0.2382 0.0, -0.8 -0.4594 0.0, -0.8 -0.2382 0.0354, -0.8 -0.4594 0.2362, -0.8 0.2382 0.0354, -0.8 0.4594 0.2362, -0.8 0.2382 0.0, -0.8 0.4594 0.0, 0.8 0.2559 0.0, 0.8 0.4594 0.0, 0.8 0.2559 0.0354, 0.8 0.4594 0.2362, 0.8 -0.2559 0.0354, 0.8 -0.4594 0.2362, 0.8 -0.2559 0.0, 0.8 -0.4594 0.0
            ]
        }
        coordIndex [
            0,1,2,-1,2,1,3,-1,2,3,4,-1,4,3,5,-1,4,5,6,-1,6,5,7,-1,8,9,10,-1,10,9,11,-1,10,11,12,-1,12,11,13,-1,12,13,14,-1,14,13,15,-1,
        ]
    }
}
Shape{
    appearance Appearance {
        material  Material {
            diffuseColor 1.0 1.0 1.0
            specularColor 0.8784313725490196 0.8784313725490196 0.8784313725490196
            ambientIntensity 1.0
            transparency 0.0
            shininess 0.5
        }
    }
    geometry IndexedFaceSet {
        ccw TRUE
        solid FALSE
        coord DEF co Coordinate {
            point [
                0.9843 -0.2559 0.0354, 0.9843 0.2559 0.0354, 0.8 -0.2559 0.0354, 0.8 0.2559 0.0354, 0.6158 0.2559 -0.0039, 0.6158 -0.2559 -0.0039, 0.6158 0.2559 0.0, 0.6158 -0.2559 0.0, 0.8 -0.2559 0.0, 0.9843 -0.2559 -0.0039, 0.8 0.2559 0.0, 0.9843 0.2559 -0.0039, -0.8 0.2382 0.0354, -0.9843 0.2382 0.0354, -0.8 -0.2382 0.0354, -0.9843 -0.2382 0.0354, -0.6158 -0.2382 -0.0039, -0.6158 -0.2382 0.0, -0.8 -0.2382 0.0, -0.9843 -0.2382 -0.0039, -0.6158 0.2382 -0.0039, -0.6158 0.2382 0.0, -0.8 0.2382 0.0, -0.9843 0.2382 -0.0039
            ]
        }
        coordIndex [
            0,1,2,-1,2,1,3,-1,4,5,6,-1,6,5,7,-1,7,5,8,-1,8,5,9,-1,8,9,2,-1,2,9,0,-1,4,6,10,-1,3,1,10,-1,10,1,11,-1,10,11,4,-1,1,0,11,-1,11,0,9,-1,11,9,4,-1,4,9,5,-1,12,13,14,-1,14,13,15,-1,16,17,18,-1,14,15,18,-1,18,15,19,-1,18,19,16,-1,16,20,17,-1,17,20,21,-1,21,20,22,-1,22,20,23,-1,22,23,12,-1,12,23,13,-1,15,13,19,-1,19,13,23,-1,20,16,23,-1,23,16,19,-1,
        ]
    }
}
Shape{
    appearance Appearance {
        material  Material {
            diffuseColor 0.2235294117647059 0.2235294117647059 0.2235294117647059
            specularColor 0.11372549019607843 0.11372549019607843 0.11372549019607843
            ambientIntensity 0.2235
            transparency 0.0
            shininess 0.5
        }
    }
    geometry IndexedFaceSet {
        ccw TRUE
        solid FALSE
        coord DEF co Coordinate {
            point [
                -0.3543 0.0 0.5906, -0.3483 -0.0651 0.5906, -0.3513 -0.0462 0.748, -0.3304 -0.128 0.5906, -0.3423 -0.0917 0.748, -0.3476 -0.065 0.748, -0.3008 -0.1862 0.748, -0.3069 -0.1772 0.748, -0.3013 -0.1865 0.5906, -0.3274 -0.1356 0.748, -0.33 -0.1279 0.748, -0.2811 -0.2157 0.748, -0.2619 -0.2387 0.5906, -0.2613 -0.2383 0.748, -0.2505 -0.2505 0.748, -0.2135 -0.2828 0.5906, -0.2157 -0.2811 0.748, -0.1579 -0.3172 0.5906, -0.1772 -0.3069 0.748, -0.2134 -0.2826 0.748, -0.097 -0.3408 0.5906, -0.1356 -0.3274 0.748, -0.1576 -0.3165 0.748, -0.0327 -0.3522 0.748, -0.0462 -0.3513 0.748, -0.0327 -0.3528 0.5906, -0.0917 -0.3423 0.748, -0.0969 -0.3405 0.748, 0.0 -0.3543 0.748, 0.0327 -0.3528 0.5906, 0.0327 -0.3522 0.748, 0.0462 -0.3513 0.748, 0.097 -0.3408 0.5906, 0.0917 -0.3423 0.748, 0.1579 -0.3172 0.5906, 0.1356 -0.3274 0.748, 0.0969 -0.3405 0.748, 0.2135 -0.2828 0.5906, 0.1772 -0.3069 0.748, 0.1576 -0.3165 0.748, 0.2613 -0.2383 0.748, 0.2505 -0.2505 0.748, 0.2619 -0.2387 0.5906, 0.2157 -0.2811 0.748, 0.2134 -0.2826 0.748, 0.2811 -0.2157 0.748, 0.3013 -0.1865 0.5906, 0.3008 -0.1862 0.748, 0.3069 -0.1772 0.748, 0.3304 -0.128 0.5906, 0.3274 -0.1356 0.748, 0.3483 -0.0651 0.5906, 0.3423 -0.0917 0.748, 0.33 -0.1279 0.748, 0.3543 0.0 0.5906, 0.3513 -0.0462 0.748, 0.3476 -0.065 0.748, 0.3483 0.0651 0.5906, 0.3513 0.0462 0.748, 0.3543 0.0 0.748, 0.3304 0.128 0.5906, 0.3423 0.0917 0.748, 0.3476 0.065 0.748, 0.3008 0.1862 0.748, 0.3069 0.1772 0.748, 0.3013 0.1865 0.5906, 0.3274 0.1356 0.748, 0.33 0.1279 0.748, 0.2811 0.2157 0.748, 0.2619 0.2387 0.5906, 0.2613 0.2383 0.748, 0.2505 0.2505 0.748, 0.2135 0.2828 0.5906, 0.2157 0.2811 0.748, 0.1579 0.3172 0.5906, 0.1772 0.3069 0.748, 0.2134 0.2826 0.748, 0.097 0.3408 0.5906, 0.1356 0.3274 0.748, 0.1576 0.3165 0.748, 0.0327 0.3522 0.748, 0.0462 0.3513 0.748, 0.0327 0.3528 0.5906, 0.0917 0.3423 0.748, 0.0969 0.3405 0.748, 0.0 0.3543 0.748, -0.0327 0.3528 0.5906, -0.0327 0.3522 0.748, -0.0462 0.3513 0.748, -0.097 0.3408 0.5906, -0.0917 0.3423 0.748, -0.1579 0.3172 0.5906, -0.1356 0.3274 0.748, -0.0969 0.3405 0.748, -0.2135 0.2828 0.5906, -0.1772 0.3069 0.748, -0.1576 0.3165 0.748, -0.2613 0.2383 0.748, -0.2505 0.2505 0.748, -0.2619 0.2387 0.5906, -0.2157 0.2811 0.748, -0.2134 0.2826 0.748, -0.2811 0.2157 0.748, -0.3013 0.1865 0.5906, -0.3008 0.1862 0.748, -0.3069 0.1772 0.748, -0.3304 0.128 0.5906, -0.3274 0.1356 0.748, -0.3483 0.0651 0.5906, -0.3423 0.0917 0.748, -0.33 0.1279 0.748, -0.3543 0.0 0.748, -0.3513 0.0462 0.748, -0.3476 0.065 0.748, 0.3042 -0.0815 0.7874, 0.3123 -0.0411 0.7874, 0.0 0.0 0.7874, 0.315 -0.0 0.7874, 0.3123 0.0411 0.7874, 0.2499 -0.1917 0.7874, 0.2728 -0.1575 0.7874, 0.291 -0.1205 0.7874, 0.1575 -0.2728 0.7874, 0.1917 -0.2499 0.7874, 0.2227 -0.2227 0.7874, 0.0411 -0.3123 0.7874, 0.0815 -0.3042 0.7874, 0.1205 -0.291 0.7874, -0.0815 -0.3042 0.7874, -0.0411 -0.3123 0.7874, 0.0 -0.315 0.7874, -0.1917 -0.2499 0.7874, -0.1575 -0.2728 0.7874, -0.1205 -0.291 0.7874, -0.2728 -0.1575 0.7874, -0.2499 -0.1917 0.7874, -0.2227 -0.2227 0.7874, -0.3123 -0.0411 0.7874, -0.3042 -0.0815 0.7874, -0.291 -0.1205 0.7874, -0.3042 0.0815 0.7874, -0.3123 0.0411 0.7874, -0.315 0.0 0.7874, -0.2499 0.1917 0.7874, -0.2728 0.1575 0.7874, -0.291 0.1205 0.7874, -0.1575 0.2728 0.7874, -0.1917 0.2499 0.7874, -0.2227 0.2227 0.7874, -0.0411 0.3123 0.7874, -0.0815 0.3042 0.7874, -0.1205 0.291 0.7874, 0.0815 0.3042 0.7874, 0.0411 0.3123 0.7874, 0.0 0.315 0.7874, 0.1917 0.2499 0.7874, 0.1575 0.2728 0.7874, 0.1205 0.291 0.7874, 0.2728 0.1575 0.7874, 0.2499 0.1917 0.7874, 0.2227 0.2227 0.7874, 0.3042 0.0815 0.7874, 0.291 0.1205 0.7874, 0.0 0.2165 0.0, -0.0306 0.2206 0.0, -0.0263 0.2195 -0.0787, -0.0591 0.2324 0.0, -0.0512 0.2282 -0.0787, -0.0304 0.2209 -0.0787, -0.0835 0.2511 0.0, -0.0736 0.2423 -0.0787, -0.0587 0.2329 -0.0787, -0.1023 0.2756 0.0, -0.0923 0.261 -0.0787, -0.083 0.2517 -0.0787, -0.1141 0.3041 0.0, -0.1064 0.2834 -0.0787, -0.1017 0.2759 -0.0787, -0.1181 0.3346 0.0, -0.1151 0.3084 -0.0787, -0.1137 0.3042 -0.0787, -0.1141 0.3652 0.0, -0.1151 0.3609 -0.0787, -0.1181 0.3346 -0.0787, -0.1023 0.3937 0.0, -0.1064 0.3859 -0.0787, -0.1137 0.3651 -0.0787, -0.0835 0.4182 0.0, -0.0923 0.4083 -0.0787, -0.1017 0.3933 -0.0787, -0.0591 0.4369 0.0, -0.0736 0.427 -0.0787, -0.083 0.4176 -0.0787, -0.0306 0.4487 0.0, -0.0512 0.4411 -0.0787, -0.0587 0.4364 -0.0787, 0.0 0.4528 0.0, -0.0263 0.4498 -0.0787, -0.0304 0.4483 -0.0787, 0.0306 0.4487 0.0, 0.0263 0.4498 -0.0787, 0.0 0.4528 -0.0787, 0.0591 0.4369 0.0, 0.0512 0.4411 -0.0787, 0.0304 0.4483 -0.0787, 0.0835 0.4182 0.0, 0.0736 0.427 -0.0787, 0.0587 0.4364 -0.0787, 0.1023 0.3937 0.0, 0.0923 0.4083 -0.0787, 0.083 0.4176 -0.0787, 0.1141 0.3652 0.0, 0.1064 0.3859 -0.0787, 0.1017 0.3933 -0.0787, 0.1181 0.3346 0.0, 0.1151 0.3609 -0.0787, 0.1137 0.3651 -0.0787, 0.1141 0.3041 0.0, 0.1151 0.3084 -0.0787, 0.1181 0.3346 -0.0787, 0.1023 0.2756 0.0, 0.1064 0.2834 -0.0787, 0.1137 0.3042 -0.0787, 0.0835 0.2511 0.0, 0.0923 0.261 -0.0787, 0.1017 0.2759 -0.0787, 0.0591 0.2324 0.0, 0.0736 0.2423 -0.0787, 0.083 0.2517 -0.0787, 0.0306 0.2206 0.0, 0.0512 0.2282 -0.0787, 0.0587 0.2329 -0.0787, 0.0 0.2165 -0.0787, 0.0263 0.2195 -0.0787, 0.0304 0.2209 -0.0787, 0.0 0.374 -0.1575, 0.0088 0.373 -0.1575, 0.0 0.3346 -0.1575, -0.0245 0.3654 -0.1575, -0.0171 0.3701 -0.1575, -0.0088 0.373 -0.1575, -0.0384 0.3434 -0.1575, -0.0355 0.3517 -0.1575, -0.0308 0.3592 -0.1575, -0.0355 0.3176 -0.1575, -0.0384 0.3259 -0.1575, -0.0394 0.3346 -0.1575, -0.0171 0.2992 -0.1575, -0.0245 0.3039 -0.1575, -0.0308 0.3101 -0.1575, 0.0088 0.2963 -0.1575, 0.0 0.2953 -0.1575, -0.0088 0.2963 -0.1575, 0.0308 0.3101 -0.1575, 0.0245 0.3039 -0.1575, 0.0171 0.2992 -0.1575, 0.0394 0.3346 -0.1575, 0.0384 0.3259 -0.1575, 0.0355 0.3176 -0.1575, 0.0308 0.3592 -0.1575, 0.0355 0.3517 -0.1575, 0.0384 0.3434 -0.1575, 0.0171 0.3701 -0.1575, 0.0245 0.3654 -0.1575, 0.0 -0.4528 0.0, -0.0306 -0.4487 0.0, -0.0263 -0.4498 -0.0787, -0.0591 -0.4369 0.0, -0.0512 -0.4411 -0.0787, -0.0304 -0.4483 -0.0787, -0.0835 -0.4182 0.0, -0.0736 -0.427 -0.0787, -0.0587 -0.4364 -0.0787, -0.1023 -0.3937 0.0, -0.0923 -0.4083 -0.0787, -0.083 -0.4176 -0.0787, -0.1141 -0.3652 0.0, -0.1064 -0.3859 -0.0787, -0.1017 -0.3933 -0.0787, -0.1181 -0.3346 0.0, -0.1151 -0.3609 -0.0787, -0.1137 -0.3651 -0.0787, -0.1141 -0.3041 0.0, -0.1151 -0.3084 -0.0787, -0.1181 -0.3346 -0.0787, -0.1023 -0.2756 0.0, -0.1064 -0.2834 -0.0787, -0.1137 -0.3042 -0.0787, -0.0835 -0.2511 0.0, -0.0923 -0.261 -0.0787, -0.1017 -0.2759 -0.0787, -0.0591 -0.2324 0.0, -0.0736 -0.2423 -0.0787, -0.083 -0.2517 -0.0787, -0.0306 -0.2206 0.0, -0.0512 -0.2282 -0.0787, -0.0587 -0.2329 -0.0787, 0.0 -0.2165 0.0, -0.0263 -0.2195 -0.0787, -0.0304 -0.2209 -0.0787, 0.0306 -0.2206 0.0, 0.0263 -0.2195 -0.0787, 0.0 -0.2165 -0.0787, 0.0591 -0.2324 0.0, 0.0512 -0.2282 -0.0787, 0.0304 -0.2209 -0.0787, 0.0835 -0.2511 0.0, 0.0736 -0.2423 -0.0787, 0.0587 -0.2329 -0.0787, 0.1023 -0.2756 0.0, 0.0923 -0.261 -0.0787, 0.083 -0.2517 -0.0787, 0.1141 -0.3041 0.0, 0.1064 -0.2834 -0.0787, 0.1017 -0.2759 -0.0787, 0.1181 -0.3346 0.0, 0.1151 -0.3084 -0.0787, 0.1137 -0.3042 -0.0787, 0.1141 -0.3652 0.0, 0.1151 -0.3609 -0.0787, 0.1181 -0.3346 -0.0787, 0.1023 -0.3937 0.0, 0.1064 -0.3859 -0.0787, 0.1137 -0.3651 -0.0787, 0.0835 -0.4182 0.0, 0.0923 -0.4083 -0.0787, 0.1017 -0.3933 -0.0787, 0.0591 -0.4369 0.0, 0.0736 -0.427 -0.0787, 0.083 -0.4176 -0.0787, 0.0306 -0.4487 0.0, 0.0512 -0.4411 -0.0787, 0.0587 -0.4364 -0.0787, 0.0 -0.4528 -0.0787, 0.0263 -0.4498 -0.0787, 0.0304 -0.4483 -0.0787, 0.0 -0.2953 -0.1575, 0.0088 -0.2963 -0.1575, 0.0 -0.3346 -0.1575, -0.0245 -0.3039 -0.1575, -0.0171 -0.2992 -0.1575, -0.0088 -0.2963 -0.1575, -0.0384 -0.3259 -0.1575, -0.0355 -0.3176 -0.1575, -0.0308 -0.3101 -0.1575, -0.0355 -0.3517 -0.1575, -0.0384 -0.3434 -0.1575, -0.0394 -0.3346 -0.1575, -0.0171 -0.3701 -0.1575, -0.0245 -0.3654 -0.1575, -0.0308 -0.3592 -0.1575, 0.0088 -0.373 -0.1575, 0.0 -0.374 -0.1575, -0.0088 -0.373 -0.1575, 0.0308 -0.3592 -0.1575, 0.0245 -0.3654 -0.1575, 0.0171 -0.3701 -0.1575, 0.0394 -0.3346 -0.1575, 0.0384 -0.3434 -0.1575, 0.0355 -0.3517 -0.1575, 0.0308 -0.3101 -0.1575, 0.0355 -0.3176 -0.1575, 0.0384 -0.3259 -0.1575, 0.0171 -0.2992 -0.1575, 0.0245 -0.3039 -0.1575, 0.0501 -0.2306 -0.0991, 0.072 -0.2444 -0.0991, 0.104 -0.2846 -0.0991, 0.1125 -0.309 -0.0991, 0.104 -0.3847 -0.0991, 0.0902 -0.4066 -0.0991, 0.0501 -0.4386 -0.0991, 0.0257 -0.4472 -0.0991, -0.0501 -0.4386 -0.0991, -0.072 -0.4249 -0.0991, -0.104 -0.3847 -0.0991, -0.1125 -0.3603 -0.0991, -0.104 -0.2846 -0.0991, -0.0902 -0.2627 -0.0991, -0.0501 -0.2306 -0.0991, -0.0257 -0.2221 -0.0991, -0.0373 -0.2879 -0.1548, -0.0467 -0.2974 -0.1548, -0.0491 -0.2731 -0.1469, -0.0616 -0.2856 -0.1469, -0.0593 -0.2603 -0.1344, -0.0743 -0.2754 -0.1344, -0.0671 -0.2506 -0.1181, -0.0841 -0.2676 -0.1181, -0.072 -0.2444 -0.0991, -0.0467 -0.3719 -0.1548, -0.0373 -0.3814 -0.1548, -0.0616 -0.3837 -0.1469, -0.0491 -0.3962 -0.1469, -0.0743 -0.3939 -0.1344, -0.0593 -0.409 -0.1344, -0.0841 -0.4017 -0.1181, -0.0671 -0.4187 -0.1181, -0.0902 -0.4066 -0.0991, 0.0373 -0.3814 -0.1548, 0.0467 -0.3719 -0.1548, 0.0491 -0.3962 -0.1469, 0.0616 -0.3837 -0.1469, 0.0593 -0.409 -0.1344, 0.0743 -0.3939 -0.1344, 0.0671 -0.4187 -0.1181, 0.0841 -0.4017 -0.1181, 0.072 -0.4249 -0.0991, 0.0467 -0.2974 -0.1548, 0.0373 -0.2879 -0.1548, 0.0616 -0.2856 -0.1469, 0.0491 -0.2731 -0.1469, 0.0743 -0.2754 -0.1344, 0.0593 -0.2603 -0.1344, 0.0841 -0.2676 -0.1181, 0.0671 -0.2506 -0.1181, 0.0902 -0.2627 -0.0991, 0.0 -0.2749 -0.1548, -0.0133 -0.2764 -0.1548, 0.0 -0.2559 -0.1469, -0.0175 -0.2579 -0.1469, 0.0 -0.2396 -0.1344, -0.0211 -0.242 -0.1344, 0.0 -0.2271 -0.1181, -0.0239 -0.2298 -0.1181, 0.0 -0.2192 -0.0991, -0.0467 -0.2377 -0.1181, -0.0412 -0.249 -0.1344, -0.0342 -0.2637 -0.1469, -0.0259 -0.2808 -0.1548, -0.0969 -0.288 -0.1181, -0.0856 -0.2934 -0.1344, -0.0709 -0.3005 -0.1469, -0.0538 -0.3087 -0.1548, -0.1125 -0.309 -0.0991, -0.1049 -0.3107 -0.1181, -0.0927 -0.3135 -0.1344, -0.0768 -0.3171 -0.1469, -0.0583 -0.3213 -0.1548, -0.0597 -0.3346 -0.1548, -0.0787 -0.3346 -0.1469, -0.095 -0.3346 -0.1344, -0.1076 -0.3346 -0.1181, -0.1154 -0.3346 -0.0991, -0.0583 -0.3479 -0.1548, -0.0768 -0.3522 -0.1469, -0.0927 -0.3558 -0.1344, -0.1049 -0.3586 -0.1181, -0.0969 -0.3813 -0.1181, -0.0856 -0.3759 -0.1344, -0.0709 -0.3688 -0.1469, -0.0538 -0.3606 -0.1548, -0.0467 -0.4316 -0.1181, -0.0412 -0.4203 -0.1344, -0.0342 -0.4056 -0.1469, -0.0259 -0.3885 -0.1548, -0.0257 -0.4472 -0.0991, -0.0239 -0.4395 -0.1181, -0.0211 -0.4273 -0.1344, -0.0175 -0.4114 -0.1469, -0.0133 -0.3929 -0.1548, 0.0 -0.3944 -0.1548, 0.0 -0.4134 -0.1469, 0.0 -0.4297 -0.1344, 0.0 -0.4422 -0.1181, 0.0 -0.4501 -0.0991, 0.0133 -0.3929 -0.1548, 0.0175 -0.4114 -0.1469, 0.0211 -0.4273 -0.1344, 0.0239 -0.4395 -0.1181, 0.0467 -0.4316 -0.1181, 0.0412 -0.4203 -0.1344, 0.0342 -0.4056 -0.1469, 0.0259 -0.3885 -0.1548, 0.0969 -0.3813 -0.1181, 0.0856 -0.3759 -0.1344, 0.0709 -0.3688 -0.1469, 0.0538 -0.3606 -0.1548, 0.1125 -0.3603 -0.0991, 0.1049 -0.3586 -0.1181, 0.0927 -0.3558 -0.1344, 0.0768 -0.3522 -0.1469, 0.0583 -0.3479 -0.1548, 0.0597 -0.3346 -0.1548, 0.0787 -0.3346 -0.1469, 0.095 -0.3346 -0.1344, 0.1076 -0.3346 -0.1181, 0.1154 -0.3346 -0.0991, 0.0583 -0.3213 -0.1548, 0.0768 -0.3171 -0.1469, 0.0927 -0.3135 -0.1344, 0.1049 -0.3107 -0.1181, 0.0969 -0.288 -0.1181, 0.0856 -0.2934 -0.1344, 0.0709 -0.3005 -0.1469, 0.0538 -0.3087 -0.1548, 0.0467 -0.2377 -0.1181, 0.0412 -0.249 -0.1344, 0.0342 -0.2637 -0.1469, 0.0259 -0.2808 -0.1548, 0.0257 -0.2221 -0.0991, 0.0239 -0.2298 -0.1181, 0.0211 -0.242 -0.1344, 0.0175 -0.2579 -0.1469, 0.0133 -0.2764 -0.1548, 0.0501 0.4386 -0.0991, 0.072 0.4249 -0.0991, 0.104 0.3847 -0.0991, 0.1125 0.3603 -0.0991, 0.104 0.2846 -0.0991, 0.0902 0.2627 -0.0991, 0.0501 0.2306 -0.0991, 0.0257 0.2221 -0.0991, -0.0501 0.2306 -0.0991, -0.072 0.2444 -0.0991, -0.104 0.2846 -0.0991, -0.1125 0.309 -0.0991, -0.104 0.3847 -0.0991, -0.0902 0.4066 -0.0991, -0.0501 0.4386 -0.0991, -0.0257 0.4472 -0.0991, -0.0373 0.3814 -0.1548, -0.0467 0.3719 -0.1548, -0.0491 0.3962 -0.1469, -0.0616 0.3837 -0.1469, -0.0593 0.409 -0.1344, -0.0743 0.3939 -0.1344, -0.0671 0.4187 -0.1181, -0.0841 0.4017 -0.1181, -0.072 0.4249 -0.0991, -0.0467 0.2974 -0.1548, -0.0373 0.2879 -0.1548, -0.0616 0.2856 -0.1469, -0.0491 0.2731 -0.1469, -0.0743 0.2754 -0.1344, -0.0593 0.2603 -0.1344, -0.0841 0.2676 -0.1181, -0.0671 0.2506 -0.1181, -0.0902 0.2627 -0.0991, 0.0373 0.2879 -0.1548, 0.0467 0.2974 -0.1548, 0.0491 0.2731 -0.1469, 0.0616 0.2856 -0.1469, 0.0593 0.2603 -0.1344, 0.0743 0.2754 -0.1344, 0.0671 0.2506 -0.1181, 0.0841 0.2676 -0.1181, 0.072 0.2444 -0.0991, 0.0467 0.3719 -0.1548, 0.0373 0.3814 -0.1548, 0.0616 0.3837 -0.1469, 0.0491 0.3962 -0.1469, 0.0743 0.3939 -0.1344, 0.0593 0.409 -0.1344, 0.0841 0.4017 -0.1181, 0.0671 0.4187 -0.1181, 0.0902 0.4066 -0.0991, 0.0 0.3944 -0.1548, -0.0133 0.3929 -0.1548, 0.0 0.4134 -0.1469, -0.0175 0.4114 -0.1469, 0.0 0.4297 -0.1344, -0.0211 0.4273 -0.1344, 0.0 0.4422 -0.1181, -0.0239 0.4395 -0.1181, 0.0 0.4501 -0.0991, -0.0467 0.4316 -0.1181, -0.0412 0.4203 -0.1344, -0.0342 0.4056 -0.1469, -0.0259 0.3885 -0.1548, -0.0969 0.3813 -0.1181, -0.0856 0.3759 -0.1344, -0.0709 0.3688 -0.1469, -0.0538 0.3606 -0.1548, -0.1125 0.3603 -0.0991, -0.1049 0.3586 -0.1181, -0.0927 0.3558 -0.1344, -0.0768 0.3522 -0.1469, -0.0583 0.3479 -0.1548, -0.0597 0.3346 -0.1548, -0.0787 0.3346 -0.1469, -0.095 0.3346 -0.1344, -0.1076 0.3346 -0.1181, -0.1154 0.3346 -0.0991, -0.0583 0.3213 -0.1548, -0.0768 0.3171 -0.1469, -0.0927 0.3135 -0.1344, -0.1049 0.3107 -0.1181, -0.0969 0.288 -0.1181, -0.0856 0.2934 -0.1344, -0.0709 0.3005 -0.1469, -0.0538 0.3087 -0.1548, -0.0467 0.2377 -0.1181, -0.0412 0.249 -0.1344, -0.0342 0.2637 -0.1469, -0.0259 0.2808 -0.1548, -0.0257 0.2221 -0.0991, -0.0239 0.2298 -0.1181, -0.0211 0.242 -0.1344, -0.0175 0.2579 -0.1469, -0.0133 0.2764 -0.1548, 0.0 0.2749 -0.1548, 0.0 0.2559 -0.1469, 0.0 0.2396 -0.1344, 0.0 0.2271 -0.1181, 0.0 0.2192 -0.0991, 0.0133 0.2764 -0.1548, 0.0175 0.2579 -0.1469, 0.0211 0.242 -0.1344, 0.0239 0.2298 -0.1181, 0.0467 0.2377 -0.1181, 0.0412 0.249 -0.1344, 0.0342 0.2637 -0.1469, 0.0259 0.2808 -0.1548, 0.0969 0.288 -0.1181, 0.0856 0.2934 -0.1344, 0.0709 0.3005 -0.1469, 0.0538 0.3087 -0.1548, 0.1125 0.309 -0.0991, 0.1049 0.3107 -0.1181, 0.0927 0.3135 -0.1344, 0.0768 0.3171 -0.1469, 0.0583 0.3213 -0.1548, 0.0597 0.3346 -0.1548, 0.0787 0.3346 -0.1469, 0.095 0.3346 -0.1344, 0.1076 0.3346 -0.1181, 0.1154 0.3346 -0.0991, 0.0583 0.3479 -0.1548, 0.0768 0.3522 -0.1469, 0.0927 0.3558 -0.1344, 0.1049 0.3586 -0.1181, 0.0969 0.3813 -0.1181, 0.0856 0.3759 -0.1344, 0.0709 0.3688 -0.1469, 0.0538 0.3606 -0.1548, 0.0467 0.4316 -0.1181, 0.0412 0.4203 -0.1344, 0.0342 0.4056 -0.1469, 0.0259 0.3885 -0.1548, 0.0257 0.4472 -0.0991, 0.0239 0.4395 -0.1181, 0.0211 0.4273 -0.1344, 0.0175 0.4114 -0.1469, 0.0133 0.3929 -0.1548, 0.341 0.0914 0.7582, 0.28 0.2149 0.7582, 0.1765 0.3057 0.7582, 0.1351 0.3261 0.7582, 0.0914 0.341 0.7582, 0.0 0.353 0.7582, -0.1351 0.3261 0.7582, -0.2149 0.28 0.7582, -0.28 0.2149 0.7582, -0.341 0.0914 0.7582, -0.341 -0.0914 0.7582, -0.28 -0.2149 0.7582, -0.1765 -0.3057 0.7582, -0.1351 -0.3261 0.7582, -0.0914 -0.341 0.7582, 0.0 -0.353 0.7582, 0.1351 -0.3261 0.7582, 0.2149 -0.28 0.7582, 0.28 -0.2149 0.7582, 0.341 -0.0914 0.7582, 0.3224 -0.0424 0.7861, 0.3141 -0.0842 0.7861, 0.3318 -0.0437 0.7821, 0.3232 -0.0866 0.7821, 0.3399 -0.0447 0.7759, 0.3311 -0.0887 0.7759, 0.3461 -0.0456 0.7677, 0.3372 -0.0903 0.7677, 0.35 -0.0461 0.7582, 0.2816 -0.1626 0.7861, 0.258 -0.1979 0.7861, 0.2898 -0.1673 0.7821, 0.2655 -0.2037 0.7821, 0.2969 -0.1714 0.7759, 0.272 -0.2087 0.7759, 0.3023 -0.1745 0.7677, 0.2769 -0.2125 0.7677, 0.3057 -0.1765 0.7582, 0.1626 -0.2816 0.7861, 0.1244 -0.3004 0.7861, 0.1673 -0.2898 0.7821, 0.1281 -0.3092 0.7821, 0.1714 -0.2969 0.7759, 0.1312 -0.3167 0.7759, 0.1745 -0.3023 0.7677, 0.1336 -0.3225 0.7677, 0.1765 -0.3057 0.7582, 0.0424 -0.3224 0.7861, 0.0 -0.3252 0.7861, 0.0437 -0.3318 0.7821, 0.0 -0.3346 0.7821, 0.0447 -0.3399 0.7759, 0.0 -0.3428 0.7759, 0.0456 -0.3461 0.7677, 0.0 -0.3491 0.7677, 0.0461 -0.35 0.7582, -0.2299 -0.2299 0.7861, -0.258 -0.1979 0.7861, -0.2366 -0.2366 0.7821, -0.2655 -0.2037 0.7821, -0.2424 -0.2424 0.7759, -0.272 -0.2087 0.7759, -0.2468 -0.2468 0.7677, -0.2769 -0.2125 0.7677, -0.2496 -0.2496 0.7582, -0.3004 -0.1244 0.7861, -0.3141 -0.0842 0.7861, -0.3092 -0.1281 0.7821, -0.3232 -0.0866 0.7821, -0.3167 -0.1312 0.7759, -0.3311 -0.0887 0.7759, -0.3225 -0.1336 0.7677, -0.3372 -0.0903 0.7677, -0.3261 -0.1351 0.7582, -0.3224 0.0424 0.7861, -0.3141 0.0842 0.7861, -0.3318 0.0437 0.7821, -0.3232 0.0866 0.7821, -0.3399 0.0447 0.7759, -0.3311 0.0887 0.7759, -0.3461 0.0456 0.7677, -0.3372 0.0903 0.7677, -0.35 0.0461 0.7582, -0.2816 0.1626 0.7861, -0.258 0.1979 0.7861, -0.2898 0.1673 0.7821, -0.2655 0.2037 0.7821, -0.2969 0.1714 0.7759, -0.272 0.2087 0.7759, -0.3023 0.1745 0.7677, -0.2769 0.2125 0.7677, -0.3057 0.1765 0.7582, -0.1626 0.2816 0.7861, -0.1244 0.3004 0.7861, -0.1673 0.2898 0.7821, -0.1281 0.3092 0.7821, -0.1714 0.2969 0.7759, -0.1312 0.3167 0.7759, -0.1745 0.3023 0.7677, -0.1336 0.3225 0.7677, -0.1765 0.3057 0.7582, -0.0424 0.3224 0.7861, 0.0 0.3252 0.7861, -0.0437 0.3318 0.7821, 0.0 0.3346 0.7821, -0.0447 0.3399 0.7759, 0.0 0.3428 0.7759, -0.0456 0.3461 0.7677, 0.0 0.3491 0.7677, -0.0461 0.35 0.7582, 0.2299 0.2299 0.7861, 0.258 0.1979 0.7861, 0.2366 0.2366 0.7821, 0.2655 0.2037 0.7821, 0.2424 0.2424 0.7759, 0.272 0.2087 0.7759, 0.2468 0.2468 0.7677, 0.2769 0.2125 0.7677, 0.2496 0.2496 0.7582, 0.3004 0.1244 0.7861, 0.3141 0.0842 0.7861, 0.3092 0.1281 0.7821, 0.3232 0.0866 0.7821, 0.3167 0.1312 0.7759, 0.3311 0.0887 0.7759, 0.3225 0.1336 0.7677, 0.3372 0.0903 0.7677, 0.3261 0.1351 0.7582, 0.3252 0.0 0.7861, 0.3346 0.0 0.7821, 0.3428 0.0 0.7759, 0.3491 0.0 0.7677, 0.353 0.0 0.7582, 0.3261 -0.1351 0.7582, 0.3225 -0.1336 0.7677, 0.3167 -0.1312 0.7759, 0.3092 -0.1281 0.7821, 0.3004 -0.1244 0.7861, 0.2496 -0.2496 0.7582, 0.2468 -0.2468 0.7677, 0.2424 -0.2424 0.7759, 0.2366 -0.2366 0.7821, 0.2299 -0.2299 0.7861, 0.1979 -0.258 0.7861, 0.2037 -0.2655 0.7821, 0.2087 -0.272 0.7759, 0.2125 -0.2769 0.7677, 0.0914 -0.341 0.7582, 0.0903 -0.3372 0.7677, 0.0887 -0.3311 0.7759, 0.0866 -0.3232 0.7821, 0.0842 -0.3141 0.7861, -0.0461 -0.35 0.7582, -0.0456 -0.3461 0.7677, -0.0447 -0.3399 0.7759, -0.0437 -0.3318 0.7821, -0.0424 -0.3224 0.7861, -0.0842 -0.3141 0.7861, -0.0866 -0.3232 0.7821, -0.0887 -0.3311 0.7759, -0.0903 -0.3372 0.7677, -0.1336 -0.3225 0.7677, -0.1312 -0.3167 0.7759, -0.1281 -0.3092 0.7821, -0.1244 -0.3004 0.7861, -0.1745 -0.3023 0.7677, -0.1714 -0.2969 0.7759, -0.1673 -0.2898 0.7821, -0.1626 -0.2816 0.7861, -0.2149 -0.28 0.7582, -0.2125 -0.2769 0.7677, -0.2087 -0.272 0.7759, -0.2037 -0.2655 0.7821, -0.1979 -0.258 0.7861, -0.3057 -0.1765 0.7582, -0.3023 -0.1745 0.7677, -0.2969 -0.1714 0.7759, -0.2898 -0.1673 0.7821, -0.2816 -0.1626 0.7861, -0.35 -0.0461 0.7582, -0.3461 -0.0456 0.7677, -0.3399 -0.0447 0.7759, -0.3318 -0.0437 0.7821, -0.3224 -0.0424 0.7861, -0.3252 0.0 0.7861, -0.3346 0.0 0.7821, -0.3428 0.0 0.7759, -0.3491 0.0 0.7677, -0.353 0.0 0.7582, -0.3261 0.1351 0.7582, -0.3225 0.1336 0.7677, -0.3167 0.1312 0.7759, -0.3092 0.1281 0.7821, -0.3004 0.1244 0.7861, -0.2496 0.2496 0.7582, -0.2468 0.2468 0.7677, -0.2424 0.2424 0.7759, -0.2366 0.2366 0.7821, -0.2299 0.2299 0.7861, -0.1979 0.258 0.7861, -0.2037 0.2655 0.7821, -0.2087 0.272 0.7759, -0.2125 0.2769 0.7677, -0.0914 0.341 0.7582, -0.0903 0.3372 0.7677, -0.0887 0.3311 0.7759, -0.0866 0.3232 0.7821, -0.0842 0.3141 0.7861, 0.0461 0.35 0.7582, 0.0456 0.3461 0.7677, 0.0447 0.3399 0.7759, 0.0437 0.3318 0.7821, 0.0424 0.3224 0.7861, 0.0842 0.3141 0.7861, 0.0866 0.3232 0.7821, 0.0887 0.3311 0.7759, 0.0903 0.3372 0.7677, 0.1336 0.3225 0.7677, 0.1312 0.3167 0.7759, 0.1281 0.3092 0.7821, 0.1244 0.3004 0.7861, 0.1745 0.3023 0.7677, 0.1714 0.2969 0.7759, 0.1673 0.2898 0.7821, 0.1626 0.2816 0.7861, 0.2149 0.28 0.7582, 0.2125 0.2769 0.7677, 0.2087 0.272 0.7759, 0.2037 0.2655 0.7821, 0.1979 0.258 0.7861, 0.3057 0.1765 0.7582, 0.3023 0.1745 0.7677, 0.2969 0.1714 0.7759, 0.2898 0.1673 0.7821, 0.2816 0.1626 0.7861, 0.35 0.0461 0.7582, 0.3461 0.0456 0.7677, 0.3399 0.0447 0.7759, 0.3318 0.0437 0.7821, 0.3224 0.0424 0.7861
            ]
        }
        coordIndex [
            0,1,2,-1,3,4,1,-1,1,4,5,-1,1,5,2,-1,6,7,8,-1,8,7,9,-1,8,9,3,-1,3,9,10,-1,3,10,4,-1,6,8,11,-1,11,8,12,-1,11,12,13,-1,13,12,14,-1,14,12,15,-1,14,15,16,-1,17,18,15,-1,15,18,19,-1,15,19,16,-1,20,21,17,-1,17,21,22,-1,17,22,18,-1,23,24,25,-1,25,24,26,-1,25,26,20,-1,20,26,27,-1,20,27,21,-1,23,25,28,-1,28,25,29,-1,28,29,30,-1,30,29,31,-1,31,29,32,-1,31,32,33,-1,34,35,32,-1,32,35,36,-1,32,36,33,-1,37,38,34,-1,34,38,39,-1,34,39,35,-1,40,41,42,-1,42,41,43,-1,42,43,37,-1,37,43,44,-1,37,44,38,-1,40,42,45,-1,45,42,46,-1,45,46,47,-1,47,46,48,-1,48,46,49,-1,48,49,50,-1,51,52,49,-1,49,52,53,-1,49,53,50,-1,54,55,51,-1,51,55,56,-1,51,56,52,-1,57,58,54,-1,54,58,59,-1,54,59,55,-1,60,61,57,-1,57,61,62,-1,57,62,58,-1,63,64,65,-1,65,64,66,-1,65,66,60,-1,60,66,67,-1,60,67,61,-1,63,65,68,-1,68,65,69,-1,68,69,70,-1,70,69,71,-1,71,69,72,-1,71,72,73,-1,74,75,72,-1,72,75,76,-1,72,76,73,-1,77,78,74,-1,74,78,79,-1,74,79,75,-1,80,81,82,-1,82,81,83,-1,82,83,77,-1,77,83,84,-1,77,84,78,-1,80,82,85,-1,85,82,86,-1,85,86,87,-1,87,86,88,-1,88,86,89,-1,88,89,90,-1,91,92,89,-1,89,92,93,-1,89,93,90,-1,94,95,91,-1,91,95,96,-1,91,96,92,-1,97,98,99,-1,99,98,100,-1,99,100,94,-1,94,100,101,-1,94,101,95,-1,97,99,102,-1,102,99,103,-1,102,103,104,-1,104,103,105,-1,105,103,106,-1,105,106,107,-1,108,109,106,-1,106,109,110,-1,106,110,107,-1,2,111,0,-1,0,111,112,-1,0,112,108,-1,108,112,113,-1,108,113,109,-1,114,115,116,-1,116,115,117,-1,116,117,118,-1,119,120,116,-1,116,120,121,-1,116,121,114,-1,122,123,116,-1,116,123,124,-1,116,124,119,-1,125,126,116,-1,116,126,127,-1,116,127,122,-1,128,129,116,-1,116,129,130,-1,116,130,125,-1,131,132,116,-1,116,132,133,-1,116,133,128,-1,134,135,116,-1,116,135,136,-1,116,136,131,-1,137,138,116,-1,116,138,139,-1,116,139,134,-1,140,141,116,-1,116,141,142,-1,116,142,137,-1,143,144,116,-1,116,144,145,-1,116,145,140,-1,146,147,116,-1,116,147,148,-1,116,148,143,-1,149,150,116,-1,116,150,151,-1,116,151,146,-1,152,153,116,-1,116,153,154,-1,116,154,149,-1,155,156,116,-1,116,156,157,-1,116,157,152,-1,158,159,116,-1,116,159,160,-1,116,160,155,-1,118,161,116,-1,116,161,162,-1,116,162,158,-1,163,164,165,-1,166,167,164,-1,164,167,168,-1,164,168,165,-1,169,170,166,-1,166,170,171,-1,166,171,167,-1,172,173,169,-1,169,173,174,-1,169,174,170,-1,175,176,172,-1,172,176,177,-1,172,177,173,-1,178,179,175,-1,175,179,180,-1,175,180,176,-1,181,182,178,-1,178,182,183,-1,178,183,179,-1,184,185,181,-1,181,185,186,-1,181,186,182,-1,187,188,184,-1,184,188,189,-1,184,189,185,-1,190,191,187,-1,187,191,192,-1,187,192,188,-1,193,194,190,-1,190,194,195,-1,190,195,191,-1,196,197,193,-1,193,197,198,-1,193,198,194,-1,199,200,196,-1,196,200,201,-1,196,201,197,-1,202,203,199,-1,199,203,204,-1,199,204,200,-1,205,206,202,-1,202,206,207,-1,202,207,203,-1,208,209,205,-1,205,209,210,-1,205,210,206,-1,211,212,208,-1,208,212,213,-1,208,213,209,-1,214,215,211,-1,211,215,216,-1,211,216,212,-1,217,218,214,-1,214,218,219,-1,214,219,215,-1,220,221,217,-1,217,221,222,-1,217,222,218,-1,223,224,220,-1,220,224,225,-1,220,225,221,-1,226,227,223,-1,223,227,228,-1,223,228,224,-1,229,230,226,-1,226,230,231,-1,226,231,227,-1,165,232,163,-1,163,232,233,-1,163,233,229,-1,229,233,234,-1,229,234,230,-1,235,236,237,-1,238,239,237,-1,237,239,240,-1,237,240,235,-1,241,242,237,-1,237,242,243,-1,237,243,238,-1,244,245,237,-1,237,245,246,-1,237,246,241,-1,247,248,237,-1,237,248,249,-1,237,249,244,-1,250,251,237,-1,237,251,252,-1,237,252,247,-1,253,254,237,-1,237,254,255,-1,237,255,250,-1,256,257,237,-1,237,257,258,-1,237,258,253,-1,259,260,237,-1,237,260,261,-1,237,261,256,-1,236,262,237,-1,237,262,263,-1,237,263,259,-1,264,265,266,-1,267,268,265,-1,265,268,269,-1,265,269,266,-1,270,271,267,-1,267,271,272,-1,267,272,268,-1,273,274,270,-1,270,274,275,-1,270,275,271,-1,276,277,273,-1,273,277,278,-1,273,278,274,-1,279,280,276,-1,276,280,281,-1,276,281,277,-1,282,283,279,-1,279,283,284,-1,279,284,280,-1,285,286,282,-1,282,286,287,-1,282,287,283,-1,288,289,285,-1,285,289,290,-1,285,290,286,-1,291,292,288,-1,288,292,293,-1,288,293,289,-1,294,295,291,-1,291,295,296,-1,291,296,292,-1,297,298,294,-1,294,298,299,-1,294,299,295,-1,300,301,297,-1,297,301,302,-1,297,302,298,-1,303,304,300,-1,300,304,305,-1,300,305,301,-1,306,307,303,-1,303,307,308,-1,303,308,304,-1,309,310,306,-1,306,310,311,-1,306,311,307,-1,312,313,309,-1,309,313,314,-1,309,314,310,-1,315,316,312,-1,312,316,317,-1,312,317,313,-1,318,319,315,-1,315,319,320,-1,315,320,316,-1,321,322,318,-1,318,322,323,-1,318,323,319,-1,324,325,321,-1,321,325,326,-1,321,326,322,-1,327,328,324,-1,324,328,329,-1,324,329,325,-1,330,331,327,-1,327,331,332,-1,327,332,328,-1,266,333,264,-1,264,333,334,-1,264,334,330,-1,330,334,335,-1,330,335,331,-1,336,337,338,-1,339,340,338,-1,338,340,341,-1,338,341,336,-1,342,343,338,-1,338,343,344,-1,338,344,339,-1,345,346,338,-1,338,346,347,-1,338,347,342,-1,348,349,338,-1,338,349,350,-1,338,350,345,-1,351,352,338,-1,338,352,353,-1,338,353,348,-1,354,355,338,-1,338,355,356,-1,338,356,351,-1,357,358,338,-1,338,358,359,-1,338,359,354,-1,360,361,338,-1,338,361,362,-1,338,362,357,-1,337,363,338,-1,338,363,364,-1,338,364,360,-1,305,304,365,-1,308,307,366,-1,314,313,367,-1,317,316,368,-1,323,322,369,-1,326,325,370,-1,332,331,371,-1,335,334,372,-1,269,268,373,-1,272,271,374,-1,278,277,375,-1,281,280,376,-1,287,286,377,-1,290,289,378,-1,296,295,379,-1,299,298,380,-1,339,344,381,-1,381,344,382,-1,381,382,383,-1,383,382,384,-1,383,384,385,-1,385,384,386,-1,385,386,387,-1,387,386,388,-1,387,388,389,-1,389,388,378,-1,350,349,390,-1,390,349,391,-1,390,391,392,-1,392,391,393,-1,392,393,394,-1,394,393,395,-1,394,395,396,-1,396,395,397,-1,396,397,398,-1,398,397,374,-1,355,354,399,-1,399,354,400,-1,399,400,401,-1,401,400,402,-1,401,402,403,-1,403,402,404,-1,403,404,405,-1,405,404,406,-1,405,406,407,-1,407,406,370,-1,360,364,408,-1,408,364,409,-1,408,409,410,-1,410,409,411,-1,410,411,412,-1,412,411,413,-1,412,413,414,-1,414,413,415,-1,414,415,416,-1,416,415,366,-1,336,341,417,-1,417,341,418,-1,417,418,419,-1,419,418,420,-1,419,420,421,-1,421,420,422,-1,421,422,423,-1,423,422,424,-1,423,424,425,-1,425,424,380,-1,425,380,302,-1,302,380,298,-1,295,299,379,-1,379,299,380,-1,379,380,426,-1,426,380,424,-1,426,424,427,-1,427,424,422,-1,427,422,428,-1,428,422,420,-1,428,420,429,-1,429,420,418,-1,429,418,340,-1,340,418,341,-1,292,296,389,-1,389,296,379,-1,389,379,387,-1,387,379,426,-1,387,426,385,-1,385,426,427,-1,385,427,383,-1,383,427,428,-1,383,428,381,-1,381,428,429,-1,381,429,339,-1,339,429,340,-1,378,289,389,-1,389,289,293,-1,389,293,292,-1,286,290,377,-1,377,290,378,-1,377,378,430,-1,430,378,388,-1,430,388,431,-1,431,388,386,-1,431,386,432,-1,432,386,384,-1,432,384,433,-1,433,384,382,-1,433,382,343,-1,343,382,344,-1,283,287,434,-1,434,287,377,-1,434,377,435,-1,435,377,430,-1,435,430,436,-1,436,430,431,-1,436,431,437,-1,437,431,432,-1,437,432,438,-1,438,432,433,-1,438,433,342,-1,342,433,343,-1,342,347,438,-1,438,347,439,-1,438,439,437,-1,437,439,440,-1,437,440,436,-1,436,440,441,-1,436,441,435,-1,435,441,442,-1,435,442,434,-1,434,442,443,-1,434,443,283,-1,283,443,284,-1,347,346,439,-1,439,346,444,-1,439,444,440,-1,440,444,445,-1,440,445,441,-1,441,445,446,-1,441,446,442,-1,442,446,447,-1,442,447,443,-1,443,447,376,-1,443,376,284,-1,284,376,280,-1,277,281,375,-1,375,281,376,-1,375,376,448,-1,448,376,447,-1,448,447,449,-1,449,447,446,-1,449,446,450,-1,450,446,445,-1,450,445,451,-1,451,445,444,-1,451,444,345,-1,345,444,346,-1,274,278,398,-1,398,278,375,-1,398,375,396,-1,396,375,448,-1,396,448,394,-1,394,448,449,-1,394,449,392,-1,392,449,450,-1,392,450,390,-1,390,450,451,-1,390,451,350,-1,350,451,345,-1,374,271,398,-1,398,271,275,-1,398,275,274,-1,268,272,373,-1,373,272,374,-1,373,374,452,-1,452,374,397,-1,452,397,453,-1,453,397,395,-1,453,395,454,-1,454,395,393,-1,454,393,455,-1,455,393,391,-1,455,391,348,-1,348,391,349,-1,266,269,456,-1,456,269,373,-1,456,373,457,-1,457,373,452,-1,457,452,458,-1,458,452,453,-1,458,453,459,-1,459,453,454,-1,459,454,460,-1,460,454,455,-1,460,455,353,-1,353,455,348,-1,353,352,460,-1,460,352,461,-1,460,461,459,-1,459,461,462,-1,459,462,458,-1,458,462,463,-1,458,463,457,-1,457,463,464,-1,457,464,456,-1,456,464,465,-1,456,465,266,-1,266,465,333,-1,352,351,461,-1,461,351,466,-1,461,466,462,-1,462,466,467,-1,462,467,463,-1,463,467,468,-1,463,468,464,-1,464,468,469,-1,464,469,465,-1,465,469,372,-1,465,372,333,-1,333,372,334,-1,331,335,371,-1,371,335,372,-1,371,372,470,-1,470,372,469,-1,470,469,471,-1,471,469,468,-1,471,468,472,-1,472,468,467,-1,472,467,473,-1,473,467,466,-1,473,466,356,-1,356,466,351,-1,328,332,407,-1,407,332,371,-1,407,371,405,-1,405,371,470,-1,405,470,403,-1,403,470,471,-1,403,471,401,-1,401,471,472,-1,401,472,399,-1,399,472,473,-1,399,473,355,-1,355,473,356,-1,370,325,407,-1,407,325,329,-1,407,329,328,-1,322,326,369,-1,369,326,370,-1,369,370,474,-1,474,370,406,-1,474,406,475,-1,475,406,404,-1,475,404,476,-1,476,404,402,-1,476,402,477,-1,477,402,400,-1,477,400,359,-1,359,400,354,-1,319,323,478,-1,478,323,369,-1,478,369,479,-1,479,369,474,-1,479,474,480,-1,480,474,475,-1,480,475,481,-1,481,475,476,-1,481,476,482,-1,482,476,477,-1,482,477,358,-1,358,477,359,-1,358,357,482,-1,482,357,483,-1,482,483,481,-1,481,483,484,-1,481,484,480,-1,480,484,485,-1,480,485,479,-1,479,485,486,-1,479,486,478,-1,478,486,487,-1,478,487,319,-1,319,487,320,-1,357,362,483,-1,483,362,488,-1,483,488,484,-1,484,488,489,-1,484,489,485,-1,485,489,490,-1,485,490,486,-1,486,490,491,-1,486,491,487,-1,487,491,368,-1,487,368,320,-1,320,368,316,-1,313,317,367,-1,367,317,368,-1,367,368,492,-1,492,368,491,-1,492,491,493,-1,493,491,490,-1,493,490,494,-1,494,490,489,-1,494,489,495,-1,495,489,488,-1,495,488,361,-1,361,488,362,-1,310,314,416,-1,416,314,367,-1,416,367,414,-1,414,367,492,-1,414,492,412,-1,412,492,493,-1,412,493,410,-1,410,493,494,-1,410,494,408,-1,408,494,495,-1,408,495,360,-1,360,495,361,-1,366,307,416,-1,416,307,311,-1,416,311,310,-1,304,308,365,-1,365,308,366,-1,365,366,496,-1,496,366,415,-1,496,415,497,-1,497,415,413,-1,497,413,498,-1,498,413,411,-1,498,411,499,-1,499,411,409,-1,499,409,363,-1,363,409,364,-1,301,305,500,-1,500,305,365,-1,500,365,501,-1,501,365,496,-1,501,496,502,-1,502,496,497,-1,502,497,503,-1,503,497,498,-1,503,498,504,-1,504,498,499,-1,504,499,337,-1,337,499,363,-1,337,336,504,-1,504,336,417,-1,504,417,503,-1,503,417,419,-1,503,419,502,-1,502,419,421,-1,502,421,501,-1,501,421,423,-1,501,423,500,-1,500,423,425,-1,500,425,301,-1,301,425,302,-1,204,203,505,-1,207,206,506,-1,213,212,507,-1,216,215,508,-1,222,221,509,-1,225,224,510,-1,231,230,511,-1,234,233,512,-1,168,167,513,-1,171,170,514,-1,177,176,515,-1,180,179,516,-1,186,185,517,-1,189,188,518,-1,195,194,519,-1,198,197,520,-1,238,243,521,-1,521,243,522,-1,521,522,523,-1,523,522,524,-1,523,524,525,-1,525,524,526,-1,525,526,527,-1,527,526,528,-1,527,528,529,-1,529,528,518,-1,249,248,530,-1,530,248,531,-1,530,531,532,-1,532,531,533,-1,532,533,534,-1,534,533,535,-1,534,535,536,-1,536,535,537,-1,536,537,538,-1,538,537,514,-1,254,253,539,-1,539,253,540,-1,539,540,541,-1,541,540,542,-1,541,542,543,-1,543,542,544,-1,543,544,545,-1,545,544,546,-1,545,546,547,-1,547,546,510,-1,259,263,548,-1,548,263,549,-1,548,549,550,-1,550,549,551,-1,550,551,552,-1,552,551,553,-1,552,553,554,-1,554,553,555,-1,554,555,556,-1,556,555,506,-1,235,240,557,-1,557,240,558,-1,557,558,559,-1,559,558,560,-1,559,560,561,-1,561,560,562,-1,561,562,563,-1,563,562,564,-1,563,564,565,-1,565,564,520,-1,565,520,201,-1,201,520,197,-1,194,198,519,-1,519,198,520,-1,519,520,566,-1,566,520,564,-1,566,564,567,-1,567,564,562,-1,567,562,568,-1,568,562,560,-1,568,560,569,-1,569,560,558,-1,569,558,239,-1,239,558,240,-1,191,195,529,-1,529,195,519,-1,529,519,527,-1,527,519,566,-1,527,566,525,-1,525,566,567,-1,525,567,523,-1,523,567,568,-1,523,568,521,-1,521,568,569,-1,521,569,238,-1,238,569,239,-1,518,188,529,-1,529,188,192,-1,529,192,191,-1,185,189,517,-1,517,189,518,-1,517,518,570,-1,570,518,528,-1,570,528,571,-1,571,528,526,-1,571,526,572,-1,572,526,524,-1,572,524,573,-1,573,524,522,-1,573,522,242,-1,242,522,243,-1,182,186,574,-1,574,186,517,-1,574,517,575,-1,575,517,570,-1,575,570,576,-1,576,570,571,-1,576,571,577,-1,577,571,572,-1,577,572,578,-1,578,572,573,-1,578,573,241,-1,241,573,242,-1,241,246,578,-1,578,246,579,-1,578,579,577,-1,577,579,580,-1,577,580,576,-1,576,580,581,-1,576,581,575,-1,575,581,582,-1,575,582,574,-1,574,582,583,-1,574,583,182,-1,182,583,183,-1,246,245,579,-1,579,245,584,-1,579,584,580,-1,580,584,585,-1,580,585,581,-1,581,585,586,-1,581,586,582,-1,582,586,587,-1,582,587,583,-1,583,587,516,-1,583,516,183,-1,183,516,179,-1,176,180,515,-1,515,180,516,-1,515,516,588,-1,588,516,587,-1,588,587,589,-1,589,587,586,-1,589,586,590,-1,590,586,585,-1,590,585,591,-1,591,585,584,-1,591,584,244,-1,244,584,245,-1,173,177,538,-1,538,177,515,-1,538,515,536,-1,536,515,588,-1,536,588,534,-1,534,588,589,-1,534,589,532,-1,532,589,590,-1,532,590,530,-1,530,590,591,-1,530,591,249,-1,249,591,244,-1,514,170,538,-1,538,170,174,-1,538,174,173,-1,167,171,513,-1,513,171,514,-1,513,514,592,-1,592,514,537,-1,592,537,593,-1,593,537,535,-1,593,535,594,-1,594,535,533,-1,594,533,595,-1,595,533,531,-1,595,531,247,-1,247,531,248,-1,165,168,596,-1,596,168,513,-1,596,513,597,-1,597,513,592,-1,597,592,598,-1,598,592,593,-1,598,593,599,-1,599,593,594,-1,599,594,600,-1,600,594,595,-1,600,595,252,-1,252,595,247,-1,252,251,600,-1,600,251,601,-1,600,601,599,-1,599,601,602,-1,599,602,598,-1,598,602,603,-1,598,603,597,-1,597,603,604,-1,597,604,596,-1,596,604,605,-1,596,605,165,-1,165,605,232,-1,251,250,601,-1,601,250,606,-1,601,606,602,-1,602,606,607,-1,602,607,603,-1,603,607,608,-1,603,608,604,-1,604,608,609,-1,604,609,605,-1,605,609,512,-1,605,512,232,-1,232,512,233,-1,230,234,511,-1,511,234,512,-1,511,512,610,-1,610,512,609,-1,610,609,611,-1,611,609,608,-1,611,608,612,-1,612,608,607,-1,612,607,613,-1,613,607,606,-1,613,606,255,-1,255,606,250,-1,227,231,547,-1,547,231,511,-1,547,511,545,-1,545,511,610,-1,545,610,543,-1,543,610,611,-1,543,611,541,-1,541,611,612,-1,541,612,539,-1,539,612,613,-1,539,613,254,-1,254,613,255,-1,510,224,547,-1,547,224,228,-1,547,228,227,-1,221,225,509,-1,509,225,510,-1,509,510,614,-1,614,510,546,-1,614,546,615,-1,615,546,544,-1,615,544,616,-1,616,544,542,-1,616,542,617,-1,617,542,540,-1,617,540,258,-1,258,540,253,-1,218,222,618,-1,618,222,509,-1,618,509,619,-1,619,509,614,-1,619,614,620,-1,620,614,615,-1,620,615,621,-1,621,615,616,-1,621,616,622,-1,622,616,617,-1,622,617,257,-1,257,617,258,-1,257,256,622,-1,622,256,623,-1,622,623,621,-1,621,623,624,-1,621,624,620,-1,620,624,625,-1,620,625,619,-1,619,625,626,-1,619,626,618,-1,618,626,627,-1,618,627,218,-1,218,627,219,-1,256,261,623,-1,623,261,628,-1,623,628,624,-1,624,628,629,-1,624,629,625,-1,625,629,630,-1,625,630,626,-1,626,630,631,-1,626,631,627,-1,627,631,508,-1,627,508,219,-1,219,508,215,-1,212,216,507,-1,507,216,508,-1,507,508,632,-1,632,508,631,-1,632,631,633,-1,633,631,630,-1,633,630,634,-1,634,630,629,-1,634,629,635,-1,635,629,628,-1,635,628,260,-1,260,628,261,-1,209,213,556,-1,556,213,507,-1,556,507,554,-1,554,507,632,-1,554,632,552,-1,552,632,633,-1,552,633,550,-1,550,633,634,-1,550,634,548,-1,548,634,635,-1,548,635,259,-1,259,635,260,-1,506,206,556,-1,556,206,210,-1,556,210,209,-1,203,207,505,-1,505,207,506,-1,505,506,636,-1,636,506,555,-1,636,555,637,-1,637,555,553,-1,637,553,638,-1,638,553,551,-1,638,551,639,-1,639,551,549,-1,639,549,262,-1,262,549,263,-1,200,204,640,-1,640,204,505,-1,640,505,641,-1,641,505,636,-1,641,636,642,-1,642,636,637,-1,642,637,643,-1,643,637,638,-1,643,638,644,-1,644,638,639,-1,644,639,236,-1,236,639,262,-1,236,235,644,-1,644,235,557,-1,644,557,643,-1,643,557,559,-1,643,559,642,-1,642,559,561,-1,642,561,641,-1,641,561,563,-1,641,563,640,-1,640,563,565,-1,640,565,200,-1,200,565,201,-1,62,61,645,-1,63,68,646,-1,76,75,647,-1,79,78,648,-1,84,83,649,-1,80,85,650,-1,93,92,651,-1,101,100,652,-1,97,102,653,-1,110,109,654,-1,5,4,655,-1,6,11,656,-1,19,18,657,-1,22,21,658,-1,27,26,659,-1,23,28,660,-1,36,35,661,-1,44,43,662,-1,40,45,663,-1,53,52,664,-1,115,114,665,-1,665,114,666,-1,665,666,667,-1,667,666,668,-1,667,668,669,-1,669,668,670,-1,669,670,671,-1,671,670,672,-1,671,672,673,-1,673,672,664,-1,120,119,674,-1,674,119,675,-1,674,675,676,-1,676,675,677,-1,676,677,678,-1,678,677,679,-1,678,679,680,-1,680,679,681,-1,680,681,682,-1,682,681,663,-1,122,127,683,-1,683,127,684,-1,683,684,685,-1,685,684,686,-1,685,686,687,-1,687,686,688,-1,687,688,689,-1,689,688,690,-1,689,690,691,-1,691,690,661,-1,125,130,692,-1,692,130,693,-1,692,693,694,-1,694,693,695,-1,694,695,696,-1,696,695,697,-1,696,697,698,-1,698,697,699,-1,698,699,700,-1,700,699,660,-1,136,135,701,-1,701,135,702,-1,701,702,703,-1,703,702,704,-1,703,704,705,-1,705,704,706,-1,705,706,707,-1,707,706,708,-1,707,708,709,-1,709,708,656,-1,139,138,710,-1,710,138,711,-1,710,711,712,-1,712,711,713,-1,712,713,714,-1,714,713,715,-1,714,715,716,-1,716,715,717,-1,716,717,718,-1,718,717,655,-1,141,140,719,-1,719,140,720,-1,719,720,721,-1,721,720,722,-1,721,722,723,-1,723,722,724,-1,723,724,725,-1,725,724,726,-1,725,726,727,-1,727,726,654,-1,144,143,728,-1,728,143,729,-1,728,729,730,-1,730,729,731,-1,730,731,732,-1,732,731,733,-1,732,733,734,-1,734,733,735,-1,734,735,736,-1,736,735,653,-1,146,151,737,-1,737,151,738,-1,737,738,739,-1,739,738,740,-1,739,740,741,-1,741,740,742,-1,741,742,743,-1,743,742,744,-1,743,744,745,-1,745,744,651,-1,149,154,746,-1,746,154,747,-1,746,747,748,-1,748,747,749,-1,748,749,750,-1,750,749,751,-1,750,751,752,-1,752,751,753,-1,752,753,754,-1,754,753,650,-1,160,159,755,-1,755,159,756,-1,755,756,757,-1,757,756,758,-1,757,758,759,-1,759,758,760,-1,759,760,761,-1,761,760,762,-1,761,762,763,-1,763,762,646,-1,162,161,764,-1,764,161,765,-1,764,765,766,-1,766,765,767,-1,766,767,768,-1,768,767,769,-1,768,769,770,-1,770,769,771,-1,770,771,772,-1,772,771,645,-1,117,115,773,-1,773,115,665,-1,773,665,774,-1,774,665,667,-1,774,667,775,-1,775,667,669,-1,775,669,776,-1,776,669,671,-1,776,671,777,-1,777,671,673,-1,777,673,59,-1,59,673,55,-1,664,52,673,-1,673,52,56,-1,673,56,55,-1,50,53,778,-1,778,53,664,-1,778,664,779,-1,779,664,672,-1,779,672,780,-1,780,672,670,-1,780,670,781,-1,781,670,668,-1,781,668,782,-1,782,668,666,-1,782,666,121,-1,121,666,114,-1,121,120,782,-1,782,120,674,-1,782,674,781,-1,781,674,676,-1,781,676,780,-1,780,676,678,-1,780,678,779,-1,779,678,680,-1,779,680,778,-1,778,680,682,-1,778,682,50,-1,50,682,48,-1,663,45,682,-1,682,45,47,-1,682,47,48,-1,41,40,783,-1,783,40,663,-1,783,663,784,-1,784,663,681,-1,784,681,785,-1,785,681,679,-1,785,679,786,-1,786,679,677,-1,786,677,787,-1,787,677,675,-1,787,675,124,-1,124,675,119,-1,124,123,787,-1,787,123,788,-1,787,788,786,-1,786,788,789,-1,786,789,785,-1,785,789,790,-1,785,790,784,-1,784,790,791,-1,784,791,783,-1,783,791,662,-1,783,662,41,-1,41,662,43,-1,38,44,691,-1,691,44,662,-1,691,662,689,-1,689,662,791,-1,689,791,687,-1,687,791,790,-1,687,790,685,-1,685,790,789,-1,685,789,683,-1,683,789,788,-1,683,788,122,-1,122,788,123,-1,661,35,691,-1,691,35,39,-1,691,39,38,-1,33,36,792,-1,792,36,661,-1,792,661,793,-1,793,661,690,-1,793,690,794,-1,794,690,688,-1,794,688,795,-1,795,688,686,-1,795,686,796,-1,796,686,684,-1,796,684,126,-1,126,684,127,-1,126,125,796,-1,796,125,692,-1,796,692,795,-1,795,692,694,-1,795,694,794,-1,794,694,696,-1,794,696,793,-1,793,696,698,-1,793,698,792,-1,792,698,700,-1,792,700,33,-1,33,700,31,-1,660,28,700,-1,700,28,30,-1,700,30,31,-1,24,23,797,-1,797,23,660,-1,797,660,798,-1,798,660,699,-1,798,699,799,-1,799,699,697,-1,799,697,800,-1,800,697,695,-1,800,695,801,-1,801,695,693,-1,801,693,129,-1,129,693,130,-1,129,128,801,-1,801,128,802,-1,801,802,800,-1,800,802,803,-1,800,803,799,-1,799,803,804,-1,799,804,798,-1,798,804,805,-1,798,805,797,-1,797,805,659,-1,797,659,24,-1,24,659,26,-1,21,27,658,-1,658,27,659,-1,658,659,806,-1,806,659,805,-1,806,805,807,-1,807,805,804,-1,807,804,808,-1,808,804,803,-1,808,803,809,-1,809,803,802,-1,809,802,133,-1,133,802,128,-1,18,22,657,-1,657,22,658,-1,657,658,810,-1,810,658,806,-1,810,806,811,-1,811,806,807,-1,811,807,812,-1,812,807,808,-1,812,808,813,-1,813,808,809,-1,813,809,132,-1,132,809,133,-1,16,19,814,-1,814,19,657,-1,814,657,815,-1,815,657,810,-1,815,810,816,-1,816,810,811,-1,816,811,817,-1,817,811,812,-1,817,812,818,-1,818,812,813,-1,818,813,131,-1,131,813,132,-1,131,136,818,-1,818,136,701,-1,818,701,817,-1,817,701,703,-1,817,703,816,-1,816,703,705,-1,816,705,815,-1,815,705,707,-1,815,707,814,-1,814,707,709,-1,814,709,16,-1,16,709,14,-1,656,11,709,-1,709,11,13,-1,709,13,14,-1,7,6,819,-1,819,6,656,-1,819,656,820,-1,820,656,708,-1,820,708,821,-1,821,708,706,-1,821,706,822,-1,822,706,704,-1,822,704,823,-1,823,704,702,-1,823,702,134,-1,134,702,135,-1,134,139,823,-1,823,139,710,-1,823,710,822,-1,822,710,712,-1,822,712,821,-1,821,712,714,-1,821,714,820,-1,820,714,716,-1,820,716,819,-1,819,716,718,-1,819,718,7,-1,7,718,9,-1,655,4,718,-1,718,4,10,-1,718,10,9,-1,2,5,824,-1,824,5,655,-1,824,655,825,-1,825,655,717,-1,825,717,826,-1,826,717,715,-1,826,715,827,-1,827,715,713,-1,827,713,828,-1,828,713,711,-1,828,711,137,-1,137,711,138,-1,137,142,828,-1,828,142,829,-1,828,829,827,-1,827,829,830,-1,827,830,826,-1,826,830,831,-1,826,831,825,-1,825,831,832,-1,825,832,824,-1,824,832,833,-1,824,833,2,-1,2,833,111,-1,142,141,829,-1,829,141,719,-1,829,719,830,-1,830,719,721,-1,830,721,831,-1,831,721,723,-1,831,723,832,-1,832,723,725,-1,832,725,833,-1,833,725,727,-1,833,727,111,-1,111,727,112,-1,654,109,727,-1,727,109,113,-1,727,113,112,-1,107,110,834,-1,834,110,654,-1,834,654,835,-1,835,654,726,-1,835,726,836,-1,836,726,724,-1,836,724,837,-1,837,724,722,-1,837,722,838,-1,838,722,720,-1,838,720,145,-1,145,720,140,-1,145,144,838,-1,838,144,728,-1,838,728,837,-1,837,728,730,-1,837,730,836,-1,836,730,732,-1,836,732,835,-1,835,732,734,-1,835,734,834,-1,834,734,736,-1,834,736,107,-1,107,736,105,-1,653,102,736,-1,736,102,104,-1,736,104,105,-1,98,97,839,-1,839,97,653,-1,839,653,840,-1,840,653,735,-1,840,735,841,-1,841,735,733,-1,841,733,842,-1,842,733,731,-1,842,731,843,-1,843,731,729,-1,843,729,148,-1,148,729,143,-1,148,147,843,-1,843,147,844,-1,843,844,842,-1,842,844,845,-1,842,845,841,-1,841,845,846,-1,841,846,840,-1,840,846,847,-1,840,847,839,-1,839,847,652,-1,839,652,98,-1,98,652,100,-1,95,101,745,-1,745,101,652,-1,745,652,743,-1,743,652,847,-1,743,847,741,-1,741,847,846,-1,741,846,739,-1,739,846,845,-1,739,845,737,-1,737,845,844,-1,737,844,146,-1,146,844,147,-1,651,92,745,-1,745,92,96,-1,745,96,95,-1,90,93,848,-1,848,93,651,-1,848,651,849,-1,849,651,744,-1,849,744,850,-1,850,744,742,-1,850,742,851,-1,851,742,740,-1,851,740,852,-1,852,740,738,-1,852,738,150,-1,150,738,151,-1,150,149,852,-1,852,149,746,-1,852,746,851,-1,851,746,748,-1,851,748,850,-1,850,748,750,-1,850,750,849,-1,849,750,752,-1,849,752,848,-1,848,752,754,-1,848,754,90,-1,90,754,88,-1,650,85,754,-1,754,85,87,-1,754,87,88,-1,81,80,853,-1,853,80,650,-1,853,650,854,-1,854,650,753,-1,854,753,855,-1,855,753,751,-1,855,751,856,-1,856,751,749,-1,856,749,857,-1,857,749,747,-1,857,747,153,-1,153,747,154,-1,153,152,857,-1,857,152,858,-1,857,858,856,-1,856,858,859,-1,856,859,855,-1,855,859,860,-1,855,860,854,-1,854,860,861,-1,854,861,853,-1,853,861,649,-1,853,649,81,-1,81,649,83,-1,78,84,648,-1,648,84,649,-1,648,649,862,-1,862,649,861,-1,862,861,863,-1,863,861,860,-1,863,860,864,-1,864,860,859,-1,864,859,865,-1,865,859,858,-1,865,858,157,-1,157,858,152,-1,75,79,647,-1,647,79,648,-1,647,648,866,-1,866,648,862,-1,866,862,867,-1,867,862,863,-1,867,863,868,-1,868,863,864,-1,868,864,869,-1,869,864,865,-1,869,865,156,-1,156,865,157,-1,73,76,870,-1,870,76,647,-1,870,647,871,-1,871,647,866,-1,871,866,872,-1,872,866,867,-1,872,867,873,-1,873,867,868,-1,873,868,874,-1,874,868,869,-1,874,869,155,-1,155,869,156,-1,155,160,874,-1,874,160,755,-1,874,755,873,-1,873,755,757,-1,873,757,872,-1,872,757,759,-1,872,759,871,-1,871,759,761,-1,871,761,870,-1,870,761,763,-1,870,763,73,-1,73,763,71,-1,646,68,763,-1,763,68,70,-1,763,70,71,-1,64,63,875,-1,875,63,646,-1,875,646,876,-1,876,646,762,-1,876,762,877,-1,877,762,760,-1,877,760,878,-1,878,760,758,-1,878,758,879,-1,879,758,756,-1,879,756,158,-1,158,756,159,-1,158,162,879,-1,879,162,764,-1,879,764,878,-1,878,764,766,-1,878,766,877,-1,877,766,768,-1,877,768,876,-1,876,768,770,-1,876,770,875,-1,875,770,772,-1,875,772,64,-1,64,772,66,-1,645,61,772,-1,772,61,67,-1,772,67,66,-1,58,62,880,-1,880,62,645,-1,880,645,881,-1,881,645,771,-1,881,771,882,-1,882,771,769,-1,882,769,883,-1,883,769,767,-1,883,767,884,-1,884,767,765,-1,884,765,118,-1,118,765,161,-1,118,117,884,-1,884,117,773,-1,884,773,883,-1,883,773,774,-1,883,774,882,-1,882,774,775,-1,882,775,881,-1,881,775,776,-1,881,776,880,-1,880,776,777,-1,880,777,58,-1,58,777,59,-1,
        ]
    }
}
Shape{
    appearance Appearance {
        material  Material {
            diffuseColor 1.0 1.0 1.0
            specularColor 0.8784313725490196 0.8784313725490196 0.8784313725490196
            ambientIntensity 1.0
            transparency 0.0
            shininess 0.5
        }
    }
    geometry IndexedFaceSet {
        ccw TRUE
        solid FALSE
        coord DEF co Coordinate {
            point [
                -0.2867 -0.1598 0.0394, -0.27 -0.091 0.0394, -0.2867 -0.1598 0.0, -0.27 -0.091 0.0, -0.2315 -0.1003 0.0394, -0.2315 -0.1003 0.0, -0.2224 -0.1425 0.0394, -0.2224 -0.1425 0.0, -0.2182 -0.164 0.0394, -0.2182 -0.164 0.0, -0.2165 -0.1708 0.0394, -0.2165 -0.1708 0.0, -0.2174 -0.1669 0.0, -0.2176 -0.1663 0.0, -0.2125 -0.1651 0.0, -0.2126 -0.1663 0.0, -0.2125 -0.1651 0.0394, -0.2127 -0.1669 0.0, -0.2129 -0.169 0.0394, -0.2129 -0.169 0.0, -0.2133 -0.172 0.0, -0.2133 -0.172 0.0394, -0.2135 -0.1727 0.0, -0.2135 -0.1727 0.0394, -0.2138 -0.1732 0.0, -0.2138 -0.1732 0.0394, -0.2139 -0.1734 0.0, -0.2139 -0.1734 0.0394, -0.2141 -0.1735 0.0, -0.2141 -0.1735 0.0394, -0.2142 -0.1736 0.0, -0.2142 -0.1736 0.0394, -0.2144 -0.1736 0.0, -0.2144 -0.1736 0.0394, -0.2146 -0.1735 0.0, -0.2146 -0.1735 0.0394, -0.2149 -0.1734 0.0, -0.2149 -0.1734 0.0394, -0.2152 -0.1733 0.0, -0.2152 -0.1733 0.0394, -0.2155 -0.1729 0.0, -0.2155 -0.1729 0.0394, -0.2158 -0.1725 0.0, -0.2158 -0.1725 0.0394, -0.2161 -0.1718 0.0, -0.2161 -0.1718 0.0394, -0.2111 -0.1533 0.0394, -0.2111 -0.1533 0.0, -0.2119 -0.1425 0.0394, -0.2119 -0.1425 0.0, -0.2114 -0.1435 0.0, -0.2114 -0.1435 0.0394, -0.2108 -0.1452 0.0, -0.2108 -0.1452 0.0394, -0.2107 -0.1478 0.0, -0.2107 -0.1478 0.0394, -0.2134 -0.1399 0.0394, -0.2134 -0.1399 0.0, -0.2202 -0.115 0.0394, -0.2202 -0.115 0.0, -0.2171 -0.1276 0.0, -0.2171 -0.1276 0.0394, -0.2491 0.0189 0.0, -0.2493 0.02 0.0394, -0.2493 0.02 0.0, -0.2533 0.02 0.0394, -0.2533 0.02 0.0, -0.2535 0.0189 0.0, -0.2807 -0.1014 0.0394, -0.2807 -0.1014 0.0, -0.2841 -0.1156 0.0394, -0.2841 -0.1156 0.0, -0.2875 -0.1289 0.0394, -0.2875 -0.1289 0.0, -0.2856 -0.1223 0.0, -0.2856 -0.1223 0.0394, -0.2895 -0.1343 0.0394, -0.2895 -0.1343 0.0, -0.2935 -0.151 0.0394, -0.2935 -0.151 0.0, -0.2937 -0.148 0.0, -0.2937 -0.148 0.0394, -0.2937 -0.1468 0.0, -0.2937 -0.1468 0.0394, -0.294 -0.1439 0.0, -0.294 -0.1439 0.0394, -0.294 -0.1433 0.0, -0.294 -0.1433 0.0394, -0.2938 -0.1428 0.0, -0.2938 -0.1428 0.0394, -0.2935 -0.1423 0.0, -0.2935 -0.1423 0.0394, -0.2925 -0.1411 0.0, -0.2925 -0.1411 0.0394, -0.2913 -0.1394 0.0, -0.2913 -0.1394 0.0394, -0.2924 -0.1637 0.0394, -0.2924 -0.1637 0.0, -0.292 -0.1663 0.0, -0.2918 -0.1685 0.0394, -0.292 -0.1669 0.0, -0.2918 -0.1685 0.0, -0.2887 -0.1711 0.0394, -0.2887 -0.1711 0.0, -0.2888 -0.1717 0.0, -0.2888 -0.1717 0.0394, -0.2891 -0.1724 0.0, -0.2891 -0.1724 0.0394, -0.2894 -0.1727 0.0, -0.2894 -0.1727 0.0394, -0.2897 -0.1729 0.0, -0.2897 -0.1729 0.0394, -0.2899 -0.1731 0.0, -0.2899 -0.1731 0.0394, -0.2901 -0.1731 0.0, -0.2901 -0.1731 0.0394, -0.2903 -0.1731 0.0, -0.2903 -0.1731 0.0394, -0.2906 -0.1731 0.0, -0.2906 -0.1731 0.0394, -0.2908 -0.173 0.0, -0.2908 -0.173 0.0394, -0.2909 -0.1728 0.0, -0.2909 -0.1728 0.0394, -0.2911 -0.1726 0.0, -0.2911 -0.1726 0.0394, -0.2912 -0.1723 0.0, -0.2912 -0.1723 0.0394, -0.2914 -0.1718 0.0, -0.2914 -0.1718 0.0394, -0.2915 -0.1711 0.0, -0.2915 -0.1711 0.0394, -0.2917 -0.17 0.0, -0.2917 -0.17 0.0394, -0.2879 -0.1669 0.0, -0.2878 -0.1663 0.0, -0.2513 -0.0072 0.0394, -0.2329 -0.0904 0.0394, -0.2694 -0.0867 0.0394, -0.2618 -0.0794 0.0394, -0.2547 -0.0842 0.0394, -0.2521 -0.0856 0.0394, -0.244 -0.0881 0.0394, -0.2618 -0.0794 0.0, -0.2694 -0.0867 0.0, -0.2547 -0.0842 0.0, -0.2521 -0.0856 0.0, -0.244 -0.0881 0.0, -0.2329 -0.0904 0.0, -0.2513 -0.0072 0.0, -0.1176 -0.1524 0.0394, -0.1176 -0.004 0.0394, -0.1176 -0.1524 0.0, -0.1176 -0.004 0.0, -0.1139 -0.0021 0.0394, -0.1139 -0.0021 0.0, -0.1157 -0.0031 0.0, -0.1157 -0.0031 0.0394, -0.1088 0.0022 0.0394, -0.1088 0.0022 0.0, -0.1074 0.0084 0.0394, -0.1074 0.0084 0.0, -0.107 0.0081 0.0, -0.107 0.0081 0.0394, -0.1066 0.0076 0.0, -0.1066 0.0076 0.0394, -0.1063 0.0071 0.0, -0.1063 0.0071 0.0394, -0.1062 0.0063 0.0, -0.1062 0.0063 0.0394, -0.1062 0.0056 0.0, -0.1062 0.0056 0.0394, -0.1064 0.0047 0.0, -0.1064 0.0047 0.0394, -0.1069 0.0039 0.0, -0.1069 0.0039 0.0394, -0.1076 0.0031 0.0, -0.1076 0.0031 0.0394, -0.1125 0.0075 0.0394, -0.1125 0.0075 0.0, -0.1184 0.0075 0.0394, -0.1184 0.0075 0.0, -0.1232 0.0084 0.0394, -0.1232 0.0084 0.0, -0.1208 0.008 0.0, -0.1208 0.008 0.0394, -0.1292 0.009 0.0394, -0.1292 0.009 0.0, -0.1399 0.0121 0.0394, -0.1399 0.0121 0.0, -0.1524 0.0138 0.0394, -0.1524 0.0138 0.0, -0.1461 0.0133 0.0, -0.1461 0.0133 0.0394, -0.1549 0.0136 0.0, -0.1612 0.0132 0.0394, -0.1612 0.0132 0.0, -0.1678 0.0116 0.0394, -0.1678 0.0116 0.0, -0.1727 0.009 0.0394, -0.1727 0.009 0.0, -0.177 0.0054 0.0394, -0.177 0.0054 0.0, -0.1814 -0.0008 0.0394, -0.1814 -0.0008 0.0, -0.1856 -0.0108 0.0394, -0.1856 -0.0108 0.0, -0.1901 -0.0393 0.0394, -0.1901 -0.0393 0.0, -0.1918 -0.0842 0.0394, -0.1918 -0.0842 0.0, -0.1414 -0.162 0.0, -0.1549 -0.1602 0.0, -0.1414 -0.162 0.0394, -0.1579 -0.1598 0.0394, -0.1579 -0.1598 0.0, -0.165 -0.1578 0.0, -0.165 -0.1578 0.0394, -0.1679 -0.1563 0.0, -0.1679 -0.1563 0.0394, -0.1727 -0.1526 0.0, -0.1727 -0.1526 0.0394, -0.1775 -0.1469 0.0, -0.1775 -0.1469 0.0394, -0.185 -0.1326 0.0, -0.185 -0.1326 0.0394, -0.1898 -0.112 0.0, -0.1898 -0.112 0.0394, -0.1289 -0.1635 0.0394, -0.1289 -0.1635 0.0, -0.1243 -0.1647 0.0394, -0.1201 -0.1671 0.0394, -0.1201 -0.1671 0.0, -0.1204 -0.167 0.0, -0.1205 -0.1669 0.0, -0.1213 -0.1665 0.0394, -0.1204 -0.167 0.0394, -0.1213 -0.1665 0.0, -0.1216 -0.1663 0.0, -0.1243 -0.1647 0.0, -0.1116 -0.1603 0.0394, -0.1116 -0.1603 0.0, -0.1142 -0.163 0.0, -0.1142 -0.163 0.0394, -0.1181 -0.1663 0.0, -0.1182 -0.1664 0.0394, -0.1182 -0.1664 0.0, -0.1191 -0.1669 0.0, -0.1191 -0.167 0.0394, -0.1191 -0.167 0.0, -0.1195 -0.1671 0.0, -0.1195 -0.1671 0.0394, -0.1082 -0.1567 0.0394, -0.1082 -0.1567 0.0, -0.1091 -0.1524 0.0394, -0.1091 -0.1524 0.0, -0.108 -0.1523 0.0, -0.108 -0.1523 0.0394, -0.1074 -0.1524 0.0, -0.1074 -0.1524 0.0394, -0.1073 -0.1524 0.0, -0.1073 -0.1524 0.0394, -0.1071 -0.1525 0.0, -0.1071 -0.1525 0.0394, -0.1069 -0.1526 0.0, -0.1069 -0.1526 0.0394, -0.1068 -0.1528 0.0, -0.1068 -0.1528 0.0394, -0.1067 -0.153 0.0, -0.1067 -0.153 0.0394, -0.1064 -0.1536 0.0, -0.1064 -0.1536 0.0394, -0.1064 -0.1539 0.0, -0.1064 -0.1539 0.0394, -0.1064 -0.1541 0.0, -0.1064 -0.1541 0.0394, -0.1065 -0.1544 0.0, -0.1065 -0.1544 0.0394, -0.1067 -0.1548 0.0, -0.1067 -0.1548 0.0394, -0.107 -0.1553 0.0, -0.107 -0.1553 0.0394, -0.1075 -0.1559 0.0, -0.1075 -0.1559 0.0394, -0.1255 -0.0021 0.0394, -0.1635 0.0022 0.0394, -0.1552 0.0039 0.0394, -0.1429 0.0029 0.0394, -0.1309 0.0002 0.0394, -0.1255 -0.1518 0.0394, -0.1685 0.0001 0.0394, -0.1717 -0.0023 0.0394, -0.1754 -0.007 0.0394, -0.1618 -0.1477 0.0394, -0.1663 -0.1457 0.0394, -0.1698 -0.143 0.0394, -0.173 -0.1388 0.0394, -0.1343 -0.1518 0.0394, -0.1299 -0.152 0.0394, -0.1467 -0.1504 0.0394, -0.1554 -0.1493 0.0394, -0.1789 -0.1254 0.0394, -0.1835 -0.097 0.0394, -0.1785 -0.0134 0.0394, -0.1813 -0.0249 0.0394, -0.1838 -0.0593 0.0394, -0.1255 -0.0021 0.0, -0.1255 -0.1518 0.0, -0.1309 0.0002 0.0, -0.1429 0.0029 0.0, -0.1552 0.0039 0.0, -0.1635 0.0022 0.0, -0.1685 0.0001 0.0, -0.1717 -0.0023 0.0, -0.1754 -0.007 0.0, -0.1785 -0.0134 0.0, -0.1813 -0.0249 0.0, -0.1838 -0.0593 0.0, -0.1835 -0.097 0.0, -0.1789 -0.1254 0.0, -0.173 -0.1388 0.0, -0.1698 -0.143 0.0, -0.1663 -0.1457 0.0, -0.1618 -0.1477 0.0, -0.1554 -0.1493 0.0, -0.1467 -0.1504 0.0, -0.1343 -0.1518 0.0, -0.1299 -0.152 0.0, -0.0594 0.0025 0.0394, -0.0238 -0.0035 0.0394, -0.0594 0.0025 0.0, -0.0238 -0.0035 0.0, -0.0238 -0.0658 0.0394, -0.0238 -0.0658 0.0, -0.0476 -0.0627 0.0394, -0.0476 -0.0627 0.0, -0.0665 -0.0567 0.0394, -0.0665 -0.0567 0.0, -0.0637 -0.0584 0.0, -0.0637 -0.0584 0.0394, -0.0574 -0.0607 0.0, -0.0574 -0.0607 0.0394, -0.0691 -0.0553 0.0394, -0.0691 -0.0553 0.0, -0.0773 -0.0635 0.0394, -0.0773 -0.0635 0.0, -0.0759 -0.0683 0.0394, -0.0759 -0.0683 0.0, -0.0767 -0.0683 0.0, -0.0767 -0.0683 0.0394, -0.0773 -0.0681 0.0, -0.0773 -0.0681 0.0394, -0.0776 -0.0679 0.0, -0.0776 -0.0679 0.0394, -0.078 -0.0675 0.0, -0.078 -0.0675 0.0394, -0.0783 -0.067 0.0, -0.0783 -0.067 0.0394, -0.0785 -0.0666 0.0, -0.0785 -0.0666 0.0394, -0.0786 -0.0661 0.0, -0.0786 -0.0661 0.0394, -0.0785 -0.0656 0.0, -0.0785 -0.0656 0.0394, -0.0783 -0.065 0.0, -0.0783 -0.065 0.0394, -0.0779 -0.0643 0.0, -0.0779 -0.0643 0.0394, -0.0238 -0.0757 0.0394, -0.0238 -0.0757 0.0, -0.0238 -0.1524 0.0394, -0.0238 -0.1524 0.0, -0.066 -0.1465 0.0394, -0.066 -0.1465 0.0, -0.0739 -0.1436 0.0394, -0.0739 -0.1436 0.0, -0.0701 -0.1454 0.0, -0.0701 -0.1454 0.0394, -0.0764 -0.1422 0.0394, -0.0764 -0.1422 0.0, -0.0843 -0.151 0.0394, -0.0843 -0.151 0.0, -0.0827 -0.1555 0.0394, -0.0827 -0.1555 0.0, -0.0834 -0.1555 0.0, -0.0834 -0.1555 0.0394, -0.0843 -0.1553 0.0, -0.0843 -0.1553 0.0394, -0.0846 -0.1552 0.0, -0.0846 -0.1552 0.0394, -0.0848 -0.1551 0.0, -0.0848 -0.1551 0.0394, -0.085 -0.1548 0.0, -0.085 -0.1548 0.0394, -0.0853 -0.1543 0.0, -0.0853 -0.1543 0.0394, -0.0855 -0.1537 0.0, -0.0855 -0.1537 0.0394, -0.0855 -0.1532 0.0, -0.0855 -0.1532 0.0394, -0.0854 -0.1526 0.0, -0.0854 -0.1526 0.0394, -0.0851 -0.152 0.0, -0.0851 -0.152 0.0394, -0.0784 -0.1558 0.0394, -0.0784 -0.1558 0.0, -0.0357 -0.1617 0.0394, -0.0357 -0.1617 0.0, -0.057 -0.1584 0.0, -0.057 -0.1584 0.0394, -0.0226 -0.164 0.0394, -0.0226 -0.164 0.0, -0.013 -0.1601 0.0394, -0.013 -0.1601 0.0, -0.013 -0.1601 0.0, -0.013 -0.1601 0.0394, -0.0129 -0.1624 0.0, -0.0129 -0.1624 0.0394, -0.0131 -0.1635 0.0, -0.0131 -0.1635 0.0394, -0.0135 -0.1643 0.0, -0.0135 -0.1643 0.0394, -0.0139 -0.1648 0.0, -0.0139 -0.1648 0.0394, -0.0145 -0.1653 0.0, -0.0145 -0.1653 0.0394, -0.0153 -0.1656 0.0, -0.0153 -0.1656 0.0394, -0.0163 -0.1658 0.0, -0.0163 -0.1658 0.0394, -0.0177 -0.1657 0.0, -0.0177 -0.1657 0.0394, -0.0196 -0.1652 0.0, -0.0196 -0.1652 0.0394, -0.0156 -0.1456 0.0394, -0.0156 -0.1456 0.0, -0.0148 -0.1529 0.0, -0.0148 -0.1529 0.0394, -0.0156 -0.1402 0.0394, -0.0156 -0.1402 0.0, -0.0159 -0.1331 0.0394, -0.0159 -0.1331 0.0, -0.0157 -0.1367 0.0, -0.0157 -0.1367 0.0394, -0.0156 -0.0035 0.0394, -0.0156 -0.0035 0.0, -0.011 0.009 0.0394, -0.011 0.009 0.0, -0.0101 0.0091 0.0, -0.0101 0.0091 0.0394, -0.0095 0.009 0.0, -0.0095 0.009 0.0394, -0.0091 0.0089 0.0, -0.0091 0.0089 0.0394, -0.0088 0.0087 0.0, -0.0088 0.0087 0.0394, -0.0087 0.0085 0.0, -0.0087 0.0085 0.0394, -0.0086 0.0084 0.0, -0.0086 0.0084 0.0394, -0.0085 0.0082 0.0, -0.0085 0.0082 0.0394, -0.0085 0.0076 0.0, -0.0085 0.0076 0.0394, -0.0086 0.007 0.0, -0.0086 0.007 0.0394, -0.0086 0.0062 0.0, -0.0086 0.0062 0.0394, -0.0089 0.0051 0.0, -0.0089 0.0051 0.0394, -0.0095 0.0038 0.0, -0.0095 0.0038 0.0394, -0.0107 0.0023 0.0, -0.0107 0.0023 0.0394, -0.0125 0.0 0.0, -0.0125 0.0 0.0394, -0.0164 0.0081 0.0394, -0.0164 0.0081 0.0, -0.026 0.0075 0.0394, -0.026 0.0075 0.0, -0.0212 0.0075 0.0, -0.0212 0.0075 0.0394, -0.0269 0.0075 0.0394, -0.0269 0.0075 0.0, -0.0379 0.0084 0.0394, -0.0379 0.0084 0.0, -0.0324 0.0076 0.0, -0.0324 0.0076 0.0394, -0.049 0.0104 0.0394, -0.049 0.0104 0.0, -0.0679 0.0161 0.0394, -0.0679 0.0161 0.0, -0.0666 0.0152 0.0, -0.0666 0.0152 0.0394, -0.0587 0.0124 0.0, -0.0587 0.0124 0.0394, -0.0705 0.0177 0.0394, -0.0705 0.0177 0.0, -0.0787 0.0093 0.0394, -0.0787 0.0093 0.0, -0.0773 0.0047 0.0394, -0.0773 0.0047 0.0, -0.0781 0.0048 0.0, -0.0781 0.0048 0.0394, -0.0786 0.005 0.0, -0.0786 0.005 0.0394, -0.0791 0.0053 0.0, -0.0791 0.0053 0.0394, -0.0794 0.0056 0.0, -0.0794 0.0056 0.0394, -0.0797 0.006 0.0, -0.0797 0.006 0.0394, -0.0798 0.0063 0.0, -0.0798 0.0063 0.0394, -0.0798 0.0067 0.0, -0.0798 0.0067 0.0394, -0.0798 0.0071 0.0, -0.0798 0.0071 0.0394, -0.0796 0.0077 0.0, -0.0796 0.0077 0.0394, -0.0792 0.0083 0.0, -0.0792 0.0083 0.0394, -0.0728 0.0041 0.0394, -0.0728 0.0041 0.0, -0.0661 0.0033 0.0, -0.0661 0.0033 0.0394, 0.0281 0.0013 0.0394, 0.0256 -0.0032 0.0394, 0.0281 0.0013 0.0, 0.0256 -0.0032 0.0, 0.0236 0.0135 0.0394, 0.0236 0.0135 0.0, 0.0193 0.0135 0.0394, 0.0193 0.0135 0.0, 0.0193 -0.0621 0.0394, 0.0193 -0.0621 0.0, 0.0247 -0.0621 0.0394, 0.0247 -0.0621 0.0, 0.0496 0.0073 0.0394, 0.0496 0.0073 0.0, 0.0449 0.0062 0.0, 0.0449 0.0062 0.0394, 0.041 0.0043 0.0, 0.041 0.0043 0.0394, 0.0369 0.001 0.0, 0.0369 0.001 0.0394, 0.0336 -0.0034 0.0, 0.0336 -0.0034 0.0394, 0.0297 -0.0121 0.0, 0.0297 -0.0121 0.0394, 0.0262 -0.0278 0.0, 0.0262 -0.0278 0.0394, 0.085 -0.0887 0.0394, 0.085 -0.0887 0.0, 0.0852 -0.0859 0.0, 0.0852 -0.0859 0.0394, 0.0839 -0.0431 0.0, 0.0839 -0.0431 0.0394, 0.0815 -0.0291 0.0, 0.0815 -0.0291 0.0394, 0.075 -0.0102 0.0, 0.075 -0.0102 0.0394, 0.0701 -0.0025 0.0, 0.0701 -0.0025 0.0394, 0.0654 0.0022 0.0, 0.0654 0.0022 0.0394, 0.0606 0.0052 0.0, 0.0606 0.0052 0.0394, 0.0555 0.0069 0.0, 0.0555 0.0069 0.0394, 0.0519 -0.1572 0.0394, 0.0519 -0.1572 0.0, 0.0563 -0.1567 0.0, 0.0563 -0.1567 0.0394, 0.06 -0.1555 0.0, 0.06 -0.1555 0.0394, 0.0636 -0.1532 0.0, 0.0636 -0.1532 0.0394, 0.0678 -0.1493 0.0, 0.0678 -0.1493 0.0394, 0.0736 -0.141 0.0, 0.0736 -0.141 0.0394, 0.078 -0.1292 0.0, 0.078 -0.1292 0.0394, 0.0211 -0.1116 0.0394, 0.0211 -0.1116 0.0, 0.0229 -0.1236 0.0, 0.0229 -0.1236 0.0394, 0.0268 -0.1398 0.0, 0.0268 -0.1398 0.0394, 0.0304 -0.1466 0.0, 0.0304 -0.1466 0.0394, 0.0344 -0.1511 0.0, 0.0344 -0.1511 0.0394, 0.0393 -0.1544 0.0, 0.0393 -0.1544 0.0394, 0.0455 -0.1567 0.0, 0.0455 -0.1567 0.0394, 0.0196 -0.0966 0.0394, 0.0196 -0.0966 0.0, 0.0151 -0.0969 0.0394, 0.0151 -0.0969 0.0, 0.0479 -0.1666 0.0394, 0.0479 -0.1666 0.0, 0.0464 -0.1663 0.0, 0.0409 -0.1653 0.0394, 0.0409 -0.1653 0.0, 0.0344 -0.1622 0.0, 0.0344 -0.1622 0.0394, 0.029 -0.1579 0.0, 0.029 -0.1579 0.0394, 0.0246 -0.152 0.0, 0.0246 -0.152 0.0394, 0.0204 -0.1431 0.0, 0.0204 -0.1431 0.0394, 0.0166 -0.1252 0.0, 0.0166 -0.1252 0.0394, 0.0536 -0.1663 0.0, 0.0561 -0.1662 0.0394, 0.0561 -0.1662 0.0, 0.0637 -0.1636 0.0394, 0.0637 -0.1636 0.0, 0.0695 -0.16 0.0394, 0.0695 -0.16 0.0, 0.0743 -0.1549 0.0394, 0.0743 -0.1549 0.0, 0.0804 -0.1449 0.0394, 0.0804 -0.1449 0.0, 0.0882 -0.122 0.0394, 0.0882 -0.122 0.0, 0.0917 -0.0992 0.0394, 0.0917 -0.0992 0.0, 0.093 -0.0603 0.0394, 0.093 -0.0603 0.0, 0.0915 -0.0448 0.0394, 0.0915 -0.0448 0.0, 0.0519 0.0166 0.0394, 0.0519 0.0166 0.0, 0.0571 0.0164 0.0, 0.0571 0.0164 0.0394, 0.0613 0.0152 0.0, 0.0613 0.0152 0.0394, 0.066 0.0125 0.0, 0.066 0.0125 0.0394, 0.0738 0.0059 0.0, 0.0738 0.0059 0.0394, 0.0795 -0.002 0.0, 0.0795 -0.002 0.0394, 0.0856 -0.0167 0.0, 0.0856 -0.0167 0.0394, 0.0312 0.0055 0.0, 0.0312 0.0055 0.0394, 0.0373 0.011 0.0, 0.0373 0.011 0.0394, 0.0437 0.0145 0.0, 0.0437 0.0145 0.0394, 0.1776 0.0189 0.0394, 0.1781 0.0217 0.0394, 0.1776 0.0189 0.0, 0.1781 0.0217 0.0, 0.1762 0.024 0.0394, 0.1762 0.024 0.0, 0.1721 0.0189 0.0, 0.1637 0.0084 0.0394, 0.1637 0.0084 0.0, 0.168 -0.0094 0.0394, 0.168 -0.0094 0.0, 0.1679 -0.006 0.0, 0.1679 -0.006 0.0394, 0.1667 0.0021 0.0, 0.1667 0.0021 0.0394, 0.168 -0.1538 0.0394, 0.168 -0.1538 0.0, 0.1258 -0.1453 0.0394, 0.1258 -0.1453 0.0, 0.127 -0.1459 0.0, 0.127 -0.1459 0.0394, 0.1299 -0.1484 0.0, 0.1299 -0.1484 0.0394, 0.1321 -0.1495 0.0, 0.1321 -0.1495 0.0394, 0.1358 -0.1504 0.0, 0.1358 -0.1504 0.0394, 0.1462 -0.152 0.0, 0.1462 -0.152 0.0394, 0.1142 -0.1581 0.0394, 0.1142 -0.1581 0.0, 0.1143 -0.157 0.0, 0.1143 -0.157 0.0394, 0.1147 -0.1558 0.0, 0.1147 -0.1558 0.0394, 0.1151 -0.155 0.0, 0.1151 -0.155 0.0394, 0.1161 -0.1541 0.0, 0.1161 -0.1541 0.0394, 0.1192 -0.1512 0.0, 0.1192 -0.1512 0.0394, 0.1538 -0.1632 0.0394, 0.1538 -0.1632 0.0, 0.1373 -0.1618 0.0, 0.1373 -0.1618 0.0394, 0.1324 -0.1613 0.0, 0.1324 -0.1613 0.0394, 0.1207 -0.1596 0.0, 0.1207 -0.1596 0.0394, 0.1165 -0.1596 0.0, 0.1165 -0.1596 0.0394, 0.1159 -0.1595 0.0, 0.1159 -0.1595 0.0394, 0.1152 -0.1593 0.0, 0.1152 -0.1593 0.0394, 0.1148 -0.159 0.0, 0.1148 -0.159 0.0394, 0.1145 -0.1587 0.0, 0.1145 -0.1587 0.0394, 0.1657 -0.1643 0.0394, 0.1657 -0.1643 0.0, 0.1722 -0.1649 0.0394, 0.1722 -0.1649 0.0, 0.1759 -0.1527 0.0394, 0.1759 -0.1527 0.0, 0.1759 -0.1531 0.0, 0.1759 -0.1531 0.0394, 0.1768 -0.1612 0.0, 0.1768 -0.1612 0.0394, 0.1768 -0.1629 0.0, 0.1768 -0.1629 0.0394, 0.1767 -0.1635 0.0, 0.1767 -0.1635 0.0394, 0.1763 -0.1643 0.0, 0.1763 -0.1643 0.0394, 0.176 -0.1647 0.0, 0.176 -0.1647 0.0394, 0.1757 -0.165 0.0, 0.1757 -0.165 0.0394, 0.1753 -0.1652 0.0, 0.1753 -0.1652 0.0394, 0.1749 -0.1653 0.0, 0.1749 -0.1653 0.0394, 0.1742 -0.1653 0.0, 0.1742 -0.1653 0.0394, 0.1753 -0.136 0.0394, 0.1753 -0.136 0.0, 0.1753 -0.0086 0.0394, 0.1753 -0.0086 0.0, 0.1755 0.0052 0.0, 0.1755 0.0052 0.0394
            ]
        }
        coordIndex [
            0,1,2,-1,2,1,3,-1,1,4,3,-1,3,4,5,-1,4,6,5,-1,5,6,7,-1,6,8,7,-1,7,8,9,-1,8,10,11,-1,11,12,8,-1,8,12,13,-1,8,13,9,-1,14,15,16,-1,16,15,17,-1,16,17,18,-1,17,19,18,-1,18,19,20,-1,18,20,21,-1,21,20,22,-1,21,22,23,-1,23,22,24,-1,23,24,25,-1,25,24,26,-1,25,26,27,-1,27,26,28,-1,27,28,29,-1,29,28,30,-1,29,30,31,-1,31,30,32,-1,31,32,33,-1,33,32,34,-1,33,34,35,-1,35,34,36,-1,35,36,37,-1,37,36,38,-1,37,38,39,-1,39,38,40,-1,39,40,41,-1,41,40,42,-1,41,42,43,-1,43,42,44,-1,43,44,45,-1,45,44,11,-1,45,11,10,-1,16,46,14,-1,14,46,47,-1,48,49,50,-1,48,50,51,-1,51,50,52,-1,51,52,53,-1,53,52,54,-1,53,54,55,-1,55,54,47,-1,55,47,46,-1,48,56,49,-1,49,56,57,-1,58,59,60,-1,58,60,61,-1,61,60,57,-1,61,57,56,-1,59,58,62,-1,62,58,63,-1,62,63,64,-1,63,65,64,-1,64,65,66,-1,66,65,67,-1,67,65,68,-1,67,68,69,-1,68,70,69,-1,69,70,71,-1,72,73,74,-1,72,74,75,-1,75,74,71,-1,75,71,70,-1,72,76,73,-1,73,76,77,-1,78,79,80,-1,78,80,81,-1,81,80,82,-1,81,82,83,-1,83,82,84,-1,83,84,85,-1,85,84,86,-1,85,86,87,-1,87,86,88,-1,87,88,89,-1,89,88,90,-1,89,90,91,-1,91,90,92,-1,91,92,93,-1,93,92,94,-1,93,94,95,-1,95,94,77,-1,95,77,76,-1,78,96,79,-1,79,96,97,-1,97,96,98,-1,98,96,99,-1,98,99,100,-1,100,99,101,-1,102,103,104,-1,102,104,105,-1,105,104,106,-1,105,106,107,-1,107,106,108,-1,107,108,109,-1,109,108,110,-1,109,110,111,-1,111,110,112,-1,111,112,113,-1,113,112,114,-1,113,114,115,-1,115,114,116,-1,115,116,117,-1,117,116,118,-1,117,118,119,-1,119,118,120,-1,119,120,121,-1,121,120,122,-1,121,122,123,-1,123,122,124,-1,123,124,125,-1,125,124,126,-1,125,126,127,-1,127,126,128,-1,127,128,129,-1,129,128,130,-1,129,130,131,-1,131,130,132,-1,131,132,133,-1,133,132,101,-1,133,101,99,-1,134,103,102,-1,134,102,135,-1,135,102,0,-1,135,0,2,-1,136,63,137,-1,137,63,58,-1,1,138,139,-1,93,95,0,-1,0,95,76,-1,139,140,1,-1,1,140,141,-1,1,141,4,-1,4,141,142,-1,61,6,58,-1,58,6,4,-1,58,4,137,-1,137,4,142,-1,76,72,0,-1,0,72,75,-1,0,75,1,-1,1,75,70,-1,1,70,138,-1,138,70,68,-1,138,68,136,-1,136,68,65,-1,136,65,63,-1,6,46,8,-1,8,46,16,-1,8,16,10,-1,10,16,18,-1,10,18,45,-1,131,102,129,-1,129,102,105,-1,129,105,127,-1,78,81,0,-1,0,81,83,-1,0,83,93,-1,93,83,85,-1,61,56,6,-1,6,56,48,-1,6,48,51,-1,45,18,43,-1,43,18,21,-1,43,21,41,-1,87,89,85,-1,85,89,91,-1,85,91,93,-1,51,53,6,-1,6,53,55,-1,6,55,46,-1,37,39,25,-1,131,133,102,-1,102,133,99,-1,102,99,0,-1,0,99,96,-1,0,96,78,-1,41,21,39,-1,39,21,23,-1,39,23,25,-1,109,111,125,-1,127,105,125,-1,125,105,107,-1,125,107,109,-1,121,115,119,-1,119,115,117,-1,111,113,125,-1,125,113,115,-1,125,115,123,-1,123,115,121,-1,37,25,35,-1,35,25,27,-1,35,27,33,-1,33,27,29,-1,33,29,31,-1,139,138,143,-1,143,138,144,-1,140,139,145,-1,145,139,143,-1,140,145,146,-1,140,146,141,-1,141,146,147,-1,141,147,142,-1,142,147,148,-1,142,148,137,-1,136,137,149,-1,149,137,148,-1,138,136,144,-1,144,136,149,-1,150,151,152,-1,152,151,153,-1,154,155,156,-1,154,156,157,-1,157,156,153,-1,157,153,151,-1,154,158,155,-1,155,158,159,-1,160,161,162,-1,160,162,163,-1,163,162,164,-1,163,164,165,-1,165,164,166,-1,165,166,167,-1,167,166,168,-1,167,168,169,-1,169,168,170,-1,169,170,171,-1,171,170,172,-1,171,172,173,-1,173,172,174,-1,173,174,175,-1,175,174,176,-1,175,176,177,-1,177,176,159,-1,177,159,158,-1,160,178,161,-1,161,178,179,-1,178,180,179,-1,179,180,181,-1,182,183,184,-1,182,184,185,-1,185,184,181,-1,185,181,180,-1,182,186,183,-1,183,186,187,-1,186,188,187,-1,187,188,189,-1,190,191,192,-1,190,192,193,-1,193,192,189,-1,193,189,188,-1,191,190,194,-1,194,190,195,-1,194,195,196,-1,196,195,197,-1,196,197,198,-1,198,197,199,-1,198,199,200,-1,200,199,201,-1,200,201,202,-1,202,201,203,-1,202,203,204,-1,204,203,205,-1,204,205,206,-1,206,205,207,-1,206,207,208,-1,208,207,209,-1,208,209,210,-1,211,212,213,-1,213,212,214,-1,212,215,214,-1,214,215,216,-1,214,216,217,-1,217,216,218,-1,217,218,219,-1,219,218,220,-1,219,220,221,-1,221,220,222,-1,221,222,223,-1,223,222,224,-1,223,224,225,-1,225,224,226,-1,225,226,227,-1,227,226,210,-1,227,210,209,-1,213,228,211,-1,211,228,229,-1,229,228,230,-1,231,232,233,-1,234,235,233,-1,233,235,236,-1,233,236,231,-1,234,237,235,-1,235,237,238,-1,235,238,230,-1,230,238,239,-1,230,239,229,-1,240,241,242,-1,240,242,243,-1,243,242,244,-1,243,244,245,-1,244,246,245,-1,245,246,247,-1,245,247,248,-1,247,249,248,-1,248,249,250,-1,248,250,251,-1,251,250,232,-1,251,232,231,-1,240,252,241,-1,241,252,253,-1,254,255,256,-1,254,256,257,-1,257,256,258,-1,257,258,259,-1,259,258,260,-1,259,260,261,-1,261,260,262,-1,261,262,263,-1,263,262,264,-1,263,264,265,-1,265,264,266,-1,265,266,267,-1,267,266,268,-1,267,268,269,-1,269,268,270,-1,269,270,271,-1,271,270,272,-1,271,272,273,-1,273,272,274,-1,273,274,275,-1,275,274,276,-1,275,276,277,-1,277,276,278,-1,277,278,279,-1,279,278,280,-1,279,280,281,-1,281,280,282,-1,281,282,283,-1,283,282,253,-1,283,253,252,-1,254,150,255,-1,255,150,152,-1,180,178,284,-1,285,197,195,-1,177,158,178,-1,150,254,235,-1,279,281,254,-1,254,281,283,-1,254,283,252,-1,285,195,286,-1,195,190,286,-1,286,190,193,-1,286,193,287,-1,287,193,188,-1,287,188,288,-1,150,289,151,-1,151,289,284,-1,151,284,157,-1,157,284,178,-1,157,178,154,-1,154,178,158,-1,188,186,288,-1,288,186,182,-1,288,182,284,-1,284,182,185,-1,284,185,180,-1,197,285,199,-1,199,285,290,-1,199,290,201,-1,201,290,291,-1,201,291,203,-1,203,291,292,-1,203,292,205,-1,293,219,294,-1,294,219,221,-1,294,221,295,-1,295,221,223,-1,295,223,296,-1,228,297,298,-1,251,231,236,-1,297,228,299,-1,299,228,213,-1,299,213,300,-1,300,213,214,-1,300,214,293,-1,293,214,217,-1,293,217,219,-1,235,230,150,-1,150,230,228,-1,150,228,289,-1,289,228,298,-1,273,275,254,-1,254,275,277,-1,254,277,279,-1,178,160,177,-1,177,160,163,-1,177,163,175,-1,175,163,165,-1,252,240,254,-1,254,240,243,-1,254,243,235,-1,235,243,245,-1,235,245,236,-1,236,245,248,-1,236,248,251,-1,257,259,269,-1,269,259,261,-1,269,261,267,-1,267,261,263,-1,267,263,265,-1,296,223,301,-1,301,223,225,-1,301,225,302,-1,165,167,175,-1,175,167,169,-1,175,169,173,-1,173,169,171,-1,257,269,254,-1,254,269,271,-1,254,271,273,-1,292,303,205,-1,205,303,304,-1,205,304,207,-1,207,304,305,-1,207,305,209,-1,209,305,302,-1,209,302,227,-1,227,302,225,-1,284,289,306,-1,306,289,307,-1,288,284,308,-1,308,284,306,-1,288,308,309,-1,288,309,287,-1,287,309,310,-1,287,310,286,-1,286,310,311,-1,286,311,285,-1,285,311,312,-1,285,312,290,-1,290,312,313,-1,290,313,291,-1,291,313,314,-1,291,314,292,-1,292,314,315,-1,292,315,303,-1,303,315,316,-1,303,316,304,-1,304,316,317,-1,304,317,305,-1,305,317,318,-1,305,318,302,-1,302,318,319,-1,302,319,301,-1,301,319,320,-1,301,320,296,-1,296,320,321,-1,296,321,295,-1,295,321,322,-1,295,322,294,-1,294,322,323,-1,294,323,293,-1,293,323,324,-1,293,324,300,-1,300,324,325,-1,300,325,299,-1,297,299,326,-1,326,299,325,-1,297,326,327,-1,297,327,298,-1,298,327,307,-1,298,307,289,-1,328,329,330,-1,330,329,331,-1,329,332,331,-1,331,332,333,-1,332,334,333,-1,333,334,335,-1,336,337,338,-1,336,338,339,-1,339,338,340,-1,339,340,341,-1,341,340,335,-1,341,335,334,-1,336,342,337,-1,337,342,343,-1,342,344,343,-1,343,344,345,-1,346,347,348,-1,346,348,349,-1,349,348,350,-1,349,350,351,-1,351,350,352,-1,351,352,353,-1,353,352,354,-1,353,354,355,-1,355,354,356,-1,355,356,357,-1,357,356,358,-1,357,358,359,-1,359,358,360,-1,359,360,361,-1,361,360,362,-1,361,362,363,-1,363,362,364,-1,363,364,365,-1,365,364,366,-1,365,366,367,-1,367,366,345,-1,367,345,344,-1,346,368,347,-1,347,368,369,-1,368,370,369,-1,369,370,371,-1,370,372,371,-1,371,372,373,-1,374,375,376,-1,374,376,377,-1,377,376,373,-1,377,373,372,-1,374,378,375,-1,375,378,379,-1,378,380,379,-1,379,380,381,-1,382,383,384,-1,382,384,385,-1,385,384,386,-1,385,386,387,-1,387,386,388,-1,387,388,389,-1,389,388,390,-1,389,390,391,-1,391,390,392,-1,391,392,393,-1,393,392,394,-1,393,394,395,-1,395,394,396,-1,395,396,397,-1,397,396,398,-1,397,398,399,-1,399,398,400,-1,399,400,401,-1,401,400,402,-1,401,402,403,-1,403,402,381,-1,403,381,380,-1,382,404,383,-1,383,404,405,-1,406,407,408,-1,406,408,409,-1,409,408,405,-1,409,405,404,-1,406,410,407,-1,407,410,411,-1,412,413,414,-1,412,414,415,-1,415,414,416,-1,415,416,417,-1,417,416,418,-1,417,418,419,-1,419,418,420,-1,419,420,421,-1,421,420,422,-1,421,422,423,-1,423,422,424,-1,423,424,425,-1,425,424,426,-1,425,426,427,-1,427,426,428,-1,427,428,429,-1,429,428,430,-1,429,430,431,-1,431,430,432,-1,431,432,433,-1,433,432,411,-1,433,411,410,-1,434,435,436,-1,434,436,437,-1,437,436,413,-1,437,413,412,-1,434,438,435,-1,435,438,439,-1,440,441,442,-1,440,442,443,-1,443,442,439,-1,443,439,438,-1,440,444,441,-1,441,444,445,-1,446,447,448,-1,446,448,449,-1,449,448,450,-1,449,450,451,-1,451,450,452,-1,451,452,453,-1,453,452,454,-1,453,454,455,-1,455,454,456,-1,455,456,457,-1,457,456,458,-1,457,458,459,-1,459,458,460,-1,459,460,461,-1,461,460,462,-1,461,462,463,-1,463,462,464,-1,463,464,465,-1,465,464,466,-1,465,466,467,-1,467,466,468,-1,467,468,469,-1,469,468,470,-1,469,470,471,-1,471,470,472,-1,471,472,473,-1,473,472,474,-1,473,474,475,-1,475,474,445,-1,475,445,444,-1,446,476,447,-1,447,476,477,-1,478,479,480,-1,478,480,481,-1,481,480,477,-1,481,477,476,-1,478,482,479,-1,479,482,483,-1,484,485,486,-1,484,486,487,-1,487,486,483,-1,487,483,482,-1,484,488,485,-1,485,488,489,-1,490,491,492,-1,490,492,493,-1,493,492,494,-1,493,494,495,-1,495,494,489,-1,495,489,488,-1,490,496,491,-1,491,496,497,-1,496,498,497,-1,497,498,499,-1,500,501,502,-1,500,502,503,-1,503,502,504,-1,503,504,505,-1,505,504,506,-1,505,506,507,-1,507,506,508,-1,507,508,509,-1,509,508,510,-1,509,510,511,-1,511,510,512,-1,511,512,513,-1,513,512,514,-1,513,514,515,-1,515,514,516,-1,515,516,517,-1,517,516,518,-1,517,518,519,-1,519,518,520,-1,519,520,521,-1,521,520,499,-1,521,499,498,-1,500,522,501,-1,501,522,523,-1,328,330,524,-1,328,524,525,-1,525,524,523,-1,525,523,522,-1,374,377,404,-1,404,377,372,-1,427,429,370,-1,370,429,431,-1,370,431,433,-1,415,370,412,-1,412,370,437,-1,471,473,329,-1,393,395,380,-1,433,410,370,-1,370,410,406,-1,370,406,372,-1,372,406,409,-1,372,409,404,-1,440,443,370,-1,443,438,370,-1,370,438,434,-1,370,434,437,-1,415,417,370,-1,370,417,419,-1,370,419,421,-1,332,368,334,-1,334,368,346,-1,334,346,341,-1,341,346,339,-1,519,521,500,-1,500,521,498,-1,473,475,329,-1,329,475,444,-1,329,444,332,-1,332,444,440,-1,332,440,368,-1,368,440,370,-1,339,346,336,-1,336,346,344,-1,336,344,342,-1,374,404,378,-1,378,404,382,-1,378,382,380,-1,380,382,385,-1,380,385,387,-1,395,397,399,-1,421,423,370,-1,370,423,425,-1,370,425,427,-1,455,457,329,-1,329,457,459,-1,465,467,329,-1,329,467,469,-1,329,469,471,-1,498,496,500,-1,500,496,490,-1,500,490,522,-1,522,490,493,-1,522,493,525,-1,525,493,495,-1,525,495,328,-1,328,495,488,-1,328,488,329,-1,329,488,484,-1,329,484,487,-1,487,482,329,-1,329,482,478,-1,329,478,481,-1,399,401,395,-1,395,401,403,-1,395,403,380,-1,349,365,346,-1,346,365,367,-1,346,367,344,-1,459,461,329,-1,329,461,463,-1,329,463,465,-1,507,509,517,-1,481,476,329,-1,329,476,446,-1,329,446,449,-1,387,389,380,-1,380,389,391,-1,380,391,393,-1,349,351,365,-1,365,351,353,-1,365,353,363,-1,363,353,355,-1,355,357,363,-1,363,357,359,-1,363,359,361,-1,507,517,505,-1,449,451,329,-1,329,451,453,-1,329,453,455,-1,519,500,517,-1,517,500,503,-1,517,503,505,-1,509,511,517,-1,517,511,513,-1,517,513,515,-1,526,527,528,-1,528,527,529,-1,527,530,529,-1,529,530,531,-1,530,532,531,-1,531,532,533,-1,532,534,533,-1,533,534,535,-1,534,536,535,-1,535,536,537,-1,538,539,540,-1,538,540,541,-1,541,540,542,-1,541,542,543,-1,543,542,544,-1,543,544,545,-1,545,544,546,-1,545,546,547,-1,547,546,548,-1,547,548,549,-1,549,548,550,-1,549,550,551,-1,551,550,537,-1,551,537,536,-1,552,553,554,-1,552,554,555,-1,555,554,556,-1,555,556,557,-1,557,556,558,-1,557,558,559,-1,559,558,560,-1,559,560,561,-1,561,560,562,-1,561,562,563,-1,563,562,564,-1,563,564,565,-1,565,564,566,-1,565,566,567,-1,567,566,568,-1,567,568,569,-1,569,568,539,-1,569,539,538,-1,570,571,572,-1,570,572,573,-1,573,572,574,-1,573,574,575,-1,575,574,576,-1,575,576,577,-1,577,576,578,-1,577,578,579,-1,579,578,580,-1,579,580,581,-1,581,580,582,-1,581,582,583,-1,583,582,553,-1,583,553,552,-1,584,585,586,-1,584,586,587,-1,587,586,588,-1,587,588,589,-1,589,588,590,-1,589,590,591,-1,591,590,592,-1,591,592,593,-1,593,592,594,-1,593,594,595,-1,595,594,596,-1,595,596,597,-1,597,596,571,-1,597,571,570,-1,584,598,585,-1,585,598,599,-1,598,600,599,-1,599,600,601,-1,602,603,604,-1,602,604,605,-1,604,606,605,-1,605,606,607,-1,605,607,608,-1,608,607,609,-1,608,609,610,-1,610,609,611,-1,610,611,612,-1,612,611,613,-1,612,613,614,-1,614,613,615,-1,614,615,616,-1,616,615,601,-1,616,601,600,-1,603,602,617,-1,617,602,618,-1,617,618,619,-1,619,618,620,-1,619,620,621,-1,621,620,622,-1,621,622,623,-1,623,622,624,-1,623,624,625,-1,625,624,626,-1,625,626,627,-1,627,626,628,-1,627,628,629,-1,629,628,630,-1,629,630,631,-1,631,630,632,-1,631,632,633,-1,633,632,634,-1,633,634,635,-1,636,637,638,-1,636,638,639,-1,639,638,640,-1,639,640,641,-1,641,640,642,-1,641,642,643,-1,643,642,644,-1,643,644,645,-1,645,644,646,-1,645,646,647,-1,647,646,648,-1,647,648,649,-1,649,648,635,-1,649,635,634,-1,526,528,650,-1,526,650,651,-1,651,650,652,-1,651,652,653,-1,653,652,654,-1,653,654,655,-1,655,654,637,-1,655,637,636,-1,534,532,527,-1,527,532,530,-1,526,543,527,-1,527,543,545,-1,527,545,547,-1,616,600,598,-1,526,651,543,-1,543,651,653,-1,543,653,541,-1,541,653,655,-1,541,655,538,-1,538,655,636,-1,538,636,569,-1,536,534,551,-1,551,534,527,-1,551,527,549,-1,549,527,547,-1,645,647,561,-1,561,647,559,-1,559,647,649,-1,559,649,557,-1,598,584,616,-1,616,584,587,-1,616,587,614,-1,614,587,589,-1,614,589,612,-1,612,589,591,-1,612,591,610,-1,610,591,593,-1,610,593,608,-1,608,593,595,-1,608,595,605,-1,605,595,597,-1,605,597,602,-1,602,597,570,-1,602,570,618,-1,618,570,573,-1,618,573,620,-1,620,573,575,-1,620,575,622,-1,622,575,577,-1,622,577,624,-1,624,577,579,-1,624,579,626,-1,626,579,581,-1,626,581,628,-1,628,581,583,-1,628,583,630,-1,561,563,645,-1,645,563,565,-1,645,565,643,-1,643,565,567,-1,643,567,641,-1,641,567,569,-1,641,569,639,-1,639,569,636,-1,583,552,630,-1,630,552,555,-1,630,555,632,-1,632,555,557,-1,632,557,634,-1,634,557,649,-1,656,657,658,-1,658,657,659,-1,657,660,659,-1,659,660,661,-1,661,660,662,-1,662,660,663,-1,662,663,664,-1,665,666,667,-1,665,667,668,-1,668,667,669,-1,668,669,670,-1,670,669,664,-1,670,664,663,-1,665,671,666,-1,666,671,672,-1,673,674,675,-1,673,675,676,-1,676,675,677,-1,676,677,678,-1,678,677,679,-1,678,679,680,-1,680,679,681,-1,680,681,682,-1,682,681,683,-1,682,683,684,-1,684,683,672,-1,684,672,671,-1,685,686,687,-1,685,687,688,-1,688,687,689,-1,688,689,690,-1,690,689,691,-1,690,691,692,-1,692,691,693,-1,692,693,694,-1,694,693,695,-1,694,695,696,-1,696,695,674,-1,696,674,673,-1,697,698,699,-1,697,699,700,-1,700,699,701,-1,700,701,702,-1,702,701,703,-1,702,703,704,-1,704,703,705,-1,704,705,706,-1,706,705,707,-1,706,707,708,-1,708,707,709,-1,708,709,710,-1,710,709,711,-1,710,711,712,-1,712,711,713,-1,712,713,714,-1,714,713,686,-1,714,686,685,-1,697,715,698,-1,698,715,716,-1,715,717,716,-1,716,717,718,-1,719,720,721,-1,719,721,722,-1,722,721,723,-1,722,723,724,-1,724,723,725,-1,724,725,726,-1,726,725,727,-1,726,727,728,-1,728,727,729,-1,728,729,730,-1,730,729,731,-1,730,731,732,-1,732,731,733,-1,732,733,734,-1,734,733,735,-1,734,735,736,-1,736,735,737,-1,736,737,738,-1,738,737,739,-1,738,739,740,-1,740,739,718,-1,740,718,717,-1,719,741,720,-1,720,741,742,-1,741,743,742,-1,742,743,744,-1,656,658,745,-1,656,745,746,-1,746,745,744,-1,746,744,743,-1,694,696,704,-1,702,704,678,-1,671,730,732,-1,696,673,704,-1,704,673,676,-1,704,676,678,-1,678,680,702,-1,702,680,682,-1,702,682,700,-1,700,682,684,-1,743,741,671,-1,741,719,671,-1,671,719,722,-1,671,722,724,-1,671,738,740,-1,660,657,663,-1,663,657,656,-1,663,656,670,-1,670,656,746,-1,670,746,668,-1,668,746,743,-1,668,743,665,-1,665,743,671,-1,724,726,671,-1,671,726,728,-1,671,728,730,-1,688,690,704,-1,704,690,692,-1,704,692,694,-1,732,734,671,-1,671,734,736,-1,671,736,738,-1,740,717,671,-1,671,717,715,-1,671,715,684,-1,684,715,697,-1,684,697,700,-1,704,706,688,-1,688,706,708,-1,688,708,710,-1,710,712,688,-1,688,712,714,-1,688,714,685,-1,
        ]
    }
}
Shape{
    appearance Appearance {
        material  Material {
            diffuseColor 0.2235294117647059 0.2235294117647059 0.2235294117647059
            specularColor 0.11372549019607843 0.11372549019607843 0.11372549019607843
            ambientIntensity 0.2235
            transparency 0.0
            shininess 0.5
        }
    }
    geometry IndexedFaceSet {
        ccw TRUE
        solid FALSE
        coord DEF co Coordinate {
            point [
                -0.2618 -0.0794 0.0, -0.2694 -0.0867 0.0, -0.2513 -0.0072 0.0, -0.2329 -0.0904 0.0, -0.244 -0.0881 0.0, -0.2521 -0.0856 0.0, -0.2547 -0.0842 0.0, -0.1255 -0.0021 0.0, -0.1255 -0.1518 0.0, -0.1309 0.0002 0.0, -0.1299 -0.152 0.0, -0.1343 -0.1518 0.0, -0.1467 -0.1504 0.0, -0.1554 -0.1493 0.0, -0.1618 -0.1477 0.0, -0.1635 0.0022 0.0, -0.1813 -0.0249 0.0, -0.1785 -0.0134 0.0, -0.1838 -0.0593 0.0, -0.1429 0.0029 0.0, -0.1552 0.0039 0.0, -0.1663 -0.1457 0.0, -0.1698 -0.143 0.0, -0.173 -0.1388 0.0, -0.1789 -0.1254 0.0, -0.1835 -0.097 0.0, -0.1754 -0.007 0.0, -0.1717 -0.0023 0.0, -0.1685 0.0001 0.0
            ]
        }
        coordIndex [
            0,1,2,-1,2,3,4,-1,4,5,2,-1,2,5,6,-1,2,6,0,-1,7,8,9,-1,9,8,10,-1,9,10,11,-1,11,12,9,-1,9,12,13,-1,9,13,14,-1,15,16,17,-1,9,18,19,-1,19,18,16,-1,19,16,20,-1,20,16,15,-1,14,21,9,-1,9,21,22,-1,9,22,23,-1,23,24,9,-1,9,24,25,-1,9,25,18,-1,17,26,15,-1,15,26,27,-1,15,27,28,-1,
        ]
    }
}