ISO-10303-21;
HEADER;
FILE_DESCRIPTION(('Open CASCADE Model'),'2;1');
FILE_NAME('Open CASCADE Shape Model','2026-10-01T06:37:43',('Author'),(
    'Open CASCADE'),'Open CASCADE STEP processor 7.9','Open CASCADE 7.9'
  ,'Unknown');
FILE_SCHEMA(('AUTOMOTIVE_DESIGN { 1 0 10303 214 1 1 1 1 }'));
ENDSEC;
DATA;
#1 = APPLICATION_PROTOCOL_DEFINITION('international standard',
  'automotive_design',2000,#2);
#2 = APPLICATION_CONTEXT(
  'core data for automotive mechanical design processes');
#3 = SHAPE_DEFINITION_REPRESENTATION(#4,#10);
#4 = PRODUCT_DEFINITION_SHAPE('','',#5);
#5 = PRODUCT_DEFINITION('design','',#6,#9);
#6 = PRODUCT_DEFINITION_FORMATION('','',#7);
#7 = PRODUCT('Open CASCADE STEP translator 7.9 1',
  'Open CASCADE STEP translator 7.9 1','',(#8));
#8 = PRODUCT_CONTEXT('',#2,'mechanical');
#9 = PRODUCT_DEFINITION_CONTEXT('part definition',#2,'design');
#10 = ADVANCED_BREP_SHAPE_REPRESENTATION('',(#11,#15),#8392);
#11 = AXIS2_PLACEMENT_3D('',#12,#13,#14);
#12 = CARTESIAN_POINT('',(0.,0.,0.));
#13 = DIRECTION('',(0.,0.,1.));
#14 = DIRECTION('',(1.,0.,-0.));
#15 = MANIFOLD_SOLID_BREP('',#16);
#16 = CLOSED_SHELL('',(#17,#786,#1091,#1318,#3502,#3811,#3887,#3934,
    #3988,#4035,#4089,#4136,#4190,#4215,#4265,#4337,#4755,#4901,#5645,
    #5786,#5908,#6023,#6093,#6120,#6147,#6174,#6199,#6275,#6390,#6417,
    #6444,#6471,#6496,#6524,#6574,#6632,#6682,#7049,#7171,#7242,#7357,
    #7384,#7411,#7438,#7463,#7539,#7654,#7681,#7708,#7735,#7760,#7788,
    #7816,#7892,#7973,#8035,#8089,#8116,#8328,#8356));
#17 = ADVANCED_FACE('',(#18),#32,.F.);
#18 = FACE_BOUND('',#19,.F.);
#19 = EDGE_LOOP('',(#20,#55,#83,#760));
#20 = ORIENTED_EDGE('',*,*,#21,.F.);
#21 = EDGE_CURVE('',#22,#24,#26,.T.);
#22 = VERTEX_POINT('',#23);
#23 = CARTESIAN_POINT('',(-13.69,-0.,-19.75));
#24 = VERTEX_POINT('',#25);
#25 = CARTESIAN_POINT('',(-13.69,0.,19.75));
#26 = SURFACE_CURVE('',#27,(#31,#43),.PCURVE_S1.);
#27 = LINE('',#28,#29);
#28 = CARTESIAN_POINT('',(-13.69,0.,0.));
#29 = VECTOR('',#30,1.);
#30 = DIRECTION('',(0.,0.,1.));
#31 = PCURVE('',#32,#37);
#32 = PLANE('',#33);
#33 = AXIS2_PLACEMENT_3D('',#34,#35,#36);
#34 = CARTESIAN_POINT('',(-13.69,0.,-19.75));
#35 = DIRECTION('',(1.,0.,-0.));
#36 = DIRECTION('',(0.,0.,1.));
#37 = DEFINITIONAL_REPRESENTATION('',(#38),#42);
#38 = LINE('',#39,#40);
#39 = CARTESIAN_POINT('',(19.75,0.));
#40 = VECTOR('',#41,1.);
#41 = DIRECTION('',(1.,0.));
#42 = ( GEOMETRIC_REPRESENTATION_CONTEXT(2) 
PARAMETRIC_REPRESENTATION_CONTEXT() REPRESENTATION_CONTEXT('2D SPACE',''
  ) );
#43 = PCURVE('',#44,#49);
#44 = PLANE('',#45);
#45 = AXIS2_PLACEMENT_3D('',#46,#47,#48);
#46 = CARTESIAN_POINT('',(0.,0.,0.));
#47 = DIRECTION('',(0.,-1.,0.));
#48 = DIRECTION('',(1.,0.,0.));
#49 = DEFINITIONAL_REPRESENTATION('',(#50),#54);
#50 = LINE('',#51,#52);
#51 = CARTESIAN_POINT('',(-13.69,0.));
#52 = VECTOR('',#53,1.);
#53 = DIRECTION('',(0.,1.));
#54 = ( GEOMETRIC_REPRESENTATION_CONTEXT(2) 
PARAMETRIC_REPRESENTATION_CONTEXT() REPRESENTATION_CONTEXT('2D SPACE',''
  ) );
#55 = ORIENTED_EDGE('',*,*,#56,.T.);
#56 = EDGE_CURVE('',#22,#57,#59,.T.);
#57 = VERTEX_POINT('',#58);
#58 = CARTESIAN_POINT('',(-13.69,8.225819089203,-19.75));
#59 = SURFACE_CURVE('',#60,(#64,#71),.PCURVE_S1.);
#60 = LINE('',#61,#62);
#61 = CARTESIAN_POINT('',(-13.69,-0.,-19.75));
#62 = VECTOR('',#63,1.);
#63 = DIRECTION('',(-0.,1.,-0.));
#64 = PCURVE('',#32,#65);
#65 = DEFINITIONAL_REPRESENTATION('',(#66),#70);
#66 = LINE('',#67,#68);
#67 = CARTESIAN_POINT('',(0.,0.));
#68 = VECTOR('',#69,1.);
#69 = DIRECTION('',(0.,-1.));
#70 = ( GEOMETRIC_REPRESENTATION_CONTEXT(2) 
PARAMETRIC_REPRESENTATION_CONTEXT() REPRESENTATION_CONTEXT('2D SPACE',''
  ) );
#71 = PCURVE('',#72,#77);
#72 = CYLINDRICAL_SURFACE('',#73,5.);
#73 = AXIS2_PLACEMENT_3D('',#74,#75,#76);
#74 = CARTESIAN_POINT('',(-8.69,-0.,-19.75));
#75 = DIRECTION('',(0.,-1.,0.));
#76 = DIRECTION('',(1.,0.,0.));
#77 = DEFINITIONAL_REPRESENTATION('',(#78),#82);
#78 = LINE('',#79,#80);
#79 = CARTESIAN_POINT('',(3.14159265359,0.));
#80 = VECTOR('',#81,1.);
#81 = DIRECTION('',(0.,-1.));
#82 = ( GEOMETRIC_REPRESENTATION_CONTEXT(2) 
PARAMETRIC_REPRESENTATION_CONTEXT() REPRESENTATION_CONTEXT('2D SPACE',''
  ) );
#83 = ORIENTED_EDGE('',*,*,#84,.F.);
#84 = EDGE_CURVE('',#85,#57,#87,.T.);
#85 = VERTEX_POINT('',#86);
#86 = CARTESIAN_POINT('',(-13.69,8.225819089203,19.75));
#87 = SURFACE_CURVE('',#88,(#301,#517),.PCURVE_S1.);
#88 = B_SPLINE_CURVE_WITH_KNOTS('',8,(#89,#90,#91,#92,#93,#94,#95,#96,
    #97,#98,#99,#100,#101,#102,#103,#104,#105,#106,#107,#108,#109,#110,
    #111,#112,#113,#114,#115,#116,#117,#118,#119,#120,#121,#122,#123,
    #124,#125,#126,#127,#128,#129,#130,#131,#132,#133,#134,#135,#136,
    #137,#138,#139,#140,#141,#142,#143,#144,#145,#146,#147,#148,#149,
    #150,#151,#152,#153,#154,#155,#156,#157,#158,#159,#160,#161,#162,
    #163,#164,#165,#166,#167,#168,#169,#170,#171,#172,#173,#174,#175,
    #176,#177,#178,#179,#180,#181,#182,#183,#184,#185,#186,#187,#188,
    #189,#190,#191,#192,#193,#194,#195,#196,#197,#198,#199,#200,#201,
    #202,#203,#204,#205,#206,#207,#208,#209,#210,#211,#212,#213,#214,
    #215,#216,#217,#218,#219,#220,#221,#222,#223,#224,#225,#226,#227,
    #228,#229,#230,#231,#232,#233,#234,#235,#236,#237,#238,#239,#240,
    #241,#242,#243,#244,#245,#246,#247,#248,#249,#250,#251,#252,#253,
    #254,#255,#256,#257,#258,#259,#260,#261,#262,#263,#264,#265,#266,
    #267,#268,#269,#270,#271,#272,#273,#274,#275,#276,#277,#278,#279,
    #280,#281,#282,#283,#284,#285,#286,#287,#288,#289,#290,#291,#292,
    #293,#294,#295,#296,#297,#298,#299,#300),.UNSPECIFIED.,.F.,.F.,(9,7,
    7,7,7,7,7,7,7,7,7,7,7,7,7,7,7,7,7,7,7,7,7,7,7,7,7,7,7,7,9),(0.,
    1.586589940313E-02,6.608080861507E-02,9.183770238644E-02,
    0.117585179875,0.144621131635,0.157498109511,0.171662738523,
    0.198700949535,0.210288017565,0.297836825486,0.367364745416,
    0.417581094295,0.451059113336,0.499988758244,0.566945058538,
    0.614586518133,0.6467761305,0.743340747301,0.774240033154,
    0.789689547733,0.797414305033,0.80642652217,0.823164230188,
    0.839905121145,0.882399865907,0.908150639838,0.933910831258,
    0.967393089569,0.984132066477,1.),.UNSPECIFIED.);
#89 = CARTESIAN_POINT('',(-13.69,8.225819089203,19.75));
#90 = CARTESIAN_POINT('',(-13.69,8.250937573701,19.675253881383));
#91 = CARTESIAN_POINT('',(-13.69,8.275620387257,19.600359751414));
#92 = CARTESIAN_POINT('',(-13.69,8.299880314279,19.525325392184));
#93 = CARTESIAN_POINT('',(-13.69,8.323734385139,19.450161338447));
#94 = CARTESIAN_POINT('',(-13.69,8.347194264782,19.374874148345));
#95 = CARTESIAN_POINT('',(-13.69,8.370273162752,19.299471302414));
#96 = CARTESIAN_POINT('',(-13.69,8.39299031402,19.223964355925));
#97 = CARTESIAN_POINT('',(-13.69,8.486134465778,18.909062748636));
#98 = CARTESIAN_POINT('',(-13.69,8.553370570654,18.668760868651));
#99 = CARTESIAN_POINT('',(-13.69,8.617329357853,18.427564502489));
#100 = CARTESIAN_POINT('',(-13.69,8.678281638681,18.185580756363));
#101 = CARTESIAN_POINT('',(-13.69,8.73650120748,17.942910437993));
#102 = CARTESIAN_POINT('',(-13.69,8.792263976538,17.699647824703));
#103 = CARTESIAN_POINT('',(-13.69,8.845847111008,17.455880431519));
#104 = CARTESIAN_POINT('',(-13.69,8.924037091314,17.086434775124));
#105 = CARTESIAN_POINT('',(-13.69,8.950051316675,16.961070699584));
#106 = CARTESIAN_POINT('',(-13.69,8.975515630883,16.835590923297));
#107 = CARTESIAN_POINT('',(-13.69,9.000372806727,16.709990054213));
#108 = CARTESIAN_POINT('',(-13.69,9.024565352089,16.584263293818));
#109 = CARTESIAN_POINT('',(-13.69,9.04803623483,16.458406583129));
#110 = CARTESIAN_POINT('',(-13.69,9.070728579296,16.33241653844));
#111 = CARTESIAN_POINT('',(-13.69,9.114432099488,16.080209924879));
#112 = CARTESIAN_POINT('',(-13.69,9.135443923206,15.953993729625));
#113 = CARTESIAN_POINT('',(-13.69,9.155562422716,15.827638733429));
#114 = CARTESIAN_POINT('',(-13.69,9.174729833618,15.701143005295));
#115 = CARTESIAN_POINT('',(-13.69,9.192888167083,15.574505556719));
#116 = CARTESIAN_POINT('',(-13.69,9.209979366942,15.447726357522));
#117 = CARTESIAN_POINT('',(-13.69,9.225945466774,15.320806351697));
#118 = CARTESIAN_POINT('',(-13.69,9.256251823043,15.060330220616));
#119 = CARTESIAN_POINT('',(-13.69,9.270475384172,14.926760776972));
#120 = CARTESIAN_POINT('',(-13.69,9.283475157493,14.793058168455));
#121 = CARTESIAN_POINT('',(-13.69,9.295326983859,14.659240129087));
#122 = CARTESIAN_POINT('',(-13.69,9.306106817864,14.525323100777));
#123 = CARTESIAN_POINT('',(-13.69,9.315890727846,14.391322233317));
#124 = CARTESIAN_POINT('',(-13.69,9.324754895886,14.257251384383));
#125 = CARTESIAN_POINT('',(-13.69,9.336595814694,14.059239047165));
#126 = CARTESIAN_POINT('',(-13.69,9.34022474147,13.995340459434));
#127 = CARTESIAN_POINT('',(-13.69,9.343670592117,13.931428967761));
#128 = CARTESIAN_POINT('',(-13.69,9.346941560616,13.867506183561));
#129 = CARTESIAN_POINT('',(-13.69,9.350045840949,13.803573718249));
#130 = CARTESIAN_POINT('',(-13.69,9.352991627098,13.739633183241));
#131 = CARTESIAN_POINT('',(-13.69,9.355787113042,13.675686189951));
#132 = CARTESIAN_POINT('',(-13.69,9.361359200848,13.541387557308));
#133 = CARTESIAN_POINT('',(-13.69,9.364106095766,13.471034336914));
#134 = CARTESIAN_POINT('',(-13.69,9.366691913979,13.400677594637));
#135 = CARTESIAN_POINT('',(-13.69,9.369126195317,13.330319256907));
#136 = CARTESIAN_POINT('',(-13.69,9.371423977634,13.259962579252));
#137 = CARTESIAN_POINT('',(-13.69,9.373595196018,13.189608800432));
#138 = CARTESIAN_POINT('',(-13.69,9.375639255818,13.119255359567));
#139 = CARTESIAN_POINT('',(-13.69,9.381247506161,12.914610297123));
#140 = CARTESIAN_POINT('',(-13.69,9.384502250235,12.780313772388));
#141 = CARTESIAN_POINT('',(-13.69,9.387380416778,12.646014309365));
#142 = CARTESIAN_POINT('',(-13.69,9.389930969814,12.51171268449));
#143 = CARTESIAN_POINT('',(-13.69,9.392202901625,12.37740946095));
#144 = CARTESIAN_POINT('',(-13.69,9.394245232738,12.243104988679));
#145 = CARTESIAN_POINT('',(-13.69,9.396107011939,12.108799404365));
#146 = CARTESIAN_POINT('',(-13.69,9.39857882811,11.916936245261));
#147 = CARTESIAN_POINT('',(-13.69,9.399295175844,11.859379761884));
#148 = CARTESIAN_POINT('',(-13.69,9.399993127836,11.801823111683));
#149 = CARTESIAN_POINT('',(-13.69,9.400675899036,11.744266250288));
#150 = CARTESIAN_POINT('',(-13.69,9.401344304364,11.686709156014));
#151 = CARTESIAN_POINT('',(-13.69,9.401997912109,11.629151827296));
#152 = CARTESIAN_POINT('',(-13.69,9.402636197325,11.571594280117));
#153 = CARTESIAN_POINT('',(-13.69,9.407970679764,11.079145592454));
#154 = CARTESIAN_POINT('',(-13.69,9.411836142808,10.64424401925));
#155 = CARTESIAN_POINT('',(-13.69,9.414920781148,10.20933337603));
#156 = CARTESIAN_POINT('',(-13.69,9.41728929198,9.774415009525));
#157 = CARTESIAN_POINT('',(-13.69,9.4190063729,9.339490062995));
#158 = CARTESIAN_POINT('',(-13.69,9.420136721913,8.904559476229));
#159 = CARTESIAN_POINT('',(-13.69,9.420745037428,8.469623985541));
#160 = CARTESIAN_POINT('',(-13.69,9.42101592147,7.689271495075));
#161 = CARTESIAN_POINT('',(-13.69,9.420847384608,7.343856152561));
#162 = CARTESIAN_POINT('',(-13.69,9.420422810223,6.998438375226));
#163 = CARTESIAN_POINT('',(-13.69,9.419774598543,6.653018404384));
#164 = CARTESIAN_POINT('',(-13.69,9.418935147472,6.307596443665));
#165 = CARTESIAN_POINT('',(-13.69,9.417936852592,5.96217265902));
#166 = CARTESIAN_POINT('',(-13.69,9.416812107163,5.616747178714));
#167 = CARTESIAN_POINT('',(-13.69,9.414713023532,5.021836331282));
#168 = CARTESIAN_POINT('',(-13.69,9.413783679747,4.77235174203));
#169 = CARTESIAN_POINT('',(-13.69,9.412817474137,4.522866363621));
#170 = CARTESIAN_POINT('',(-13.69,9.411826609724,4.273380232754));
#171 = CARTESIAN_POINT('',(-13.69,9.41082328919,4.023893384783));
#172 = CARTESIAN_POINT('',(-13.69,9.409819714866,3.774405853715));
#173 = CARTESIAN_POINT('',(-13.69,9.408828088742,3.524917672213));
#174 = CARTESIAN_POINT('',(-13.69,9.407215619539,3.109100753273));
#175 = CARTESIAN_POINT('',(-13.69,9.406581360229,2.942772361476));
#176 = CARTESIAN_POINT('',(-13.69,9.405961450012,2.776443706188));
#177 = CARTESIAN_POINT('',(-13.69,9.405359504362,2.610114798379));
#178 = CARTESIAN_POINT('',(-13.69,9.404779138741,2.443785650009));
#179 = CARTESIAN_POINT('',(-13.69,9.404223968601,2.277456274024));
#180 = CARTESIAN_POINT('',(-13.69,9.403697609382,2.111126684359));
#181 = CARTESIAN_POINT('',(-13.69,9.402481771202,1.701698357905));
#182 = CARTESIAN_POINT('',(-13.69,9.401829132338,1.45859939856));
#183 = CARTESIAN_POINT('',(-13.69,9.401257047428,1.215500062564));
#184 = CARTESIAN_POINT('',(-13.69,9.400776804051,0.972400404637));
#185 = CARTESIAN_POINT('',(-13.69,9.400399689859,0.729300489555));
#186 = CARTESIAN_POINT('',(-13.69,9.400136992576,0.486200392153));
#187 = CARTESIAN_POINT('',(-13.69,9.4,0.24310019732));
#188 = CARTESIAN_POINT('',(-13.69,9.4,-0.3326631502));
#189 = CARTESIAN_POINT('',(-13.69,9.400256528552,-0.6653262885));
#190 = CARTESIAN_POINT('',(-13.69,9.400740660948,-0.997989179603));
#191 = CARTESIAN_POINT('',(-13.69,9.401423472689,-1.33065161921));
#192 = CARTESIAN_POINT('',(-13.69,9.402276039489,-1.663313434018));
#193 = CARTESIAN_POINT('',(-13.69,9.403269437272,-1.995974481719));
#194 = CARTESIAN_POINT('',(-13.69,9.404374742174,-2.328634651003));
#195 = CARTESIAN_POINT('',(-13.69,9.406408534129,-2.897991084505));
#196 = CARTESIAN_POINT('',(-13.69,9.407296050103,-3.134687814078));
#197 = CARTESIAN_POINT('',(-13.69,9.408215159284,-3.371384018149));
#198 = CARTESIAN_POINT('',(-13.69,9.409155442319,-3.608079665633));
#199 = CARTESIAN_POINT('',(-13.69,9.410106479675,-3.844774726491));
#200 = CARTESIAN_POINT('',(-13.69,9.411057851642,-4.081469171727));
#201 = CARTESIAN_POINT('',(-13.69,9.411999138334,-4.318162973391));
#202 = CARTESIAN_POINT('',(-13.69,9.413542058363,-4.71478109864));
#203 = CARTESIAN_POINT('',(-13.69,9.414154835866,-4.874705785257));
#204 = CARTESIAN_POINT('',(-13.69,9.414755038041,-5.034630155575));
#205 = CARTESIAN_POINT('',(-13.69,9.415339450654,-5.194554199933));
#206 = CARTESIAN_POINT('',(-13.69,9.415904859386,-5.354477907867));
#207 = CARTESIAN_POINT('',(-13.69,9.416448049834,-5.514401268109));
#208 = CARTESIAN_POINT('',(-13.69,9.41696580751,-5.674324268582));
#209 = CARTESIAN_POINT('',(-13.69,9.418922184718,-6.313993812823));
#210 = CARTESIAN_POINT('',(-13.69,9.420131648877,-6.793737298787));
#211 = CARTESIAN_POINT('',(-13.69,9.420996526559,-7.273477102036));
#212 = CARTESIAN_POINT('',(-13.69,9.421430026206,-7.753212773361));
#213 = CARTESIAN_POINT('',(-13.69,9.421345348472,-8.232943666608));
#214 = CARTESIAN_POINT('',(-13.69,9.420655686217,-8.712668938678));
#215 = CARTESIAN_POINT('',(-13.69,9.41927422451,-9.192387549529));
#216 = CARTESIAN_POINT('',(-13.69,9.416422944914,-9.825598777452));
#217 = CARTESIAN_POINT('',(-13.69,9.415652025735,-9.979098476176));
#218 = CARTESIAN_POINT('',(-13.69,9.414798538592,-10.13259731466));
#219 = CARTESIAN_POINT('',(-13.69,9.413859639029,-10.28609524579));
#220 = CARTESIAN_POINT('',(-13.69,9.412832482633,-10.43959221901));
#221 = CARTESIAN_POINT('',(-13.69,9.411714225034,-10.59308818034));
#222 = CARTESIAN_POINT('',(-13.69,9.410502021904,-10.74658307236));
#223 = CARTESIAN_POINT('',(-13.69,9.408538537923,-10.97682307758));
#224 = CARTESIAN_POINT('',(-13.69,9.407859850494,-11.05356896211));
#225 = CARTESIAN_POINT('',(-13.69,9.407156611198,-11.13031448446));
#226 = CARTESIAN_POINT('',(-13.69,9.406428464566,-11.20705964124));
#227 = CARTESIAN_POINT('',(-13.69,9.405675055124,-11.28380442911));
#228 = CARTESIAN_POINT('',(-13.69,9.404896027402,-11.36054884467));
#229 = CARTESIAN_POINT('',(-13.69,9.404091025928,-11.43729288457));
#230 = CARTESIAN_POINT('',(-13.69,9.40284402988,-11.55240837591));
#231 = CARTESIAN_POINT('',(-13.69,9.402421748787,-11.59078011164));
#232 = CARTESIAN_POINT('',(-13.69,9.401992854995,-11.62915175212));
#233 = CARTESIAN_POINT('',(-13.69,9.401557326658,-11.66752329694));
#234 = CARTESIAN_POINT('',(-13.69,9.401115117043,-11.70589474569));
#235 = CARTESIAN_POINT('',(-13.69,9.400666154524,-11.74426609803));
#236 = CARTESIAN_POINT('',(-13.69,9.400210342588,-11.78263735367));
#237 = CARTESIAN_POINT('',(-13.69,9.399207646598,-11.86577486557));
#238 = CARTESIAN_POINT('',(-13.69,9.398657796589,-11.91054109563));
#239 = CARTESIAN_POINT('',(-13.69,9.398096192932,-11.95530722813));
#240 = CARTESIAN_POINT('',(-13.69,9.397521018756,-12.00007328868));
#241 = CARTESIAN_POINT('',(-13.69,9.396930457188,-12.04483930291));
#242 = CARTESIAN_POINT('',(-13.69,9.396322691355,-12.08960529641));
#243 = CARTESIAN_POINT('',(-13.69,9.395695904385,-12.1343712948));
#244 = CARTESIAN_POINT('',(-13.69,9.393845494604,-12.26227787715));
#245 = CARTESIAN_POINT('',(-13.69,9.392570843116,-12.34541795595));
#246 = CARTESIAN_POINT('',(-13.69,9.391212688296,-12.42855753284));
#247 = CARTESIAN_POINT('',(-13.69,9.389759397551,-12.51169654926));
#248 = CARTESIAN_POINT('',(-13.69,9.38819934234,-12.5948349153));
#249 = CARTESIAN_POINT('',(-13.69,9.386520898173,-12.67797250972));
#250 = CARTESIAN_POINT('',(-13.69,9.384712444613,-12.76110917997));
#251 = CARTESIAN_POINT('',(-13.69,9.380811915099,-12.92739611387));
#252 = CARTESIAN_POINT('',(-13.69,9.378720080517,-13.01054640519));
#253 = CARTESIAN_POINT('',(-13.69,9.376472762109,-13.09369475036));
#254 = CARTESIAN_POINT('',(-13.69,9.374068171836,-13.17684382437));
#255 = CARTESIAN_POINT('',(-13.69,9.371471028482,-13.25998628522));
#256 = CARTESIAN_POINT('',(-13.69,9.36870665166,-13.34313289739));
#257 = CARTESIAN_POINT('',(-13.69,9.365729706337,-13.42627300457));
#258 = CARTESIAN_POINT('',(-13.69,9.354409387772,-13.72043161596));
#259 = CARTESIAN_POINT('',(-13.69,9.34484878869,-13.93141094873));
#260 = CARTESIAN_POINT('',(-13.69,9.333554202139,-14.14230733544));
#261 = CARTESIAN_POINT('',(-13.69,9.320230210565,-14.35307637659));
#262 = CARTESIAN_POINT('',(-13.69,9.304580964376,-14.56366668318));
#263 = CARTESIAN_POINT('',(-13.69,9.286310754578,-14.77401992478));
#264 = CARTESIAN_POINT('',(-13.69,9.265124585414,-14.98407087773));
#265 = CARTESIAN_POINT('',(-13.69,9.225945466775,-15.32080635169));
#266 = CARTESIAN_POINT('',(-13.69,9.209979366942,-15.44772635752));
#267 = CARTESIAN_POINT('',(-13.69,9.192888167083,-15.57450555671));
#268 = CARTESIAN_POINT('',(-13.69,9.174729833618,-15.70114300529));
#269 = CARTESIAN_POINT('',(-13.69,9.155562422716,-15.82763873342));
#270 = CARTESIAN_POINT('',(-13.69,9.135443923207,-15.95399372962));
#271 = CARTESIAN_POINT('',(-13.69,9.114432099488,-16.08020992487));
#272 = CARTESIAN_POINT('',(-13.69,9.070728579297,-16.33241653843));
#273 = CARTESIAN_POINT('',(-13.69,9.04803623483,-16.45840658312));
#274 = CARTESIAN_POINT('',(-13.69,9.02456535209,-16.58426329381));
#275 = CARTESIAN_POINT('',(-13.69,9.000372806728,-16.70999005421));
#276 = CARTESIAN_POINT('',(-13.69,8.975515630883,-16.83559092329));
#277 = CARTESIAN_POINT('',(-13.69,8.950051316675,-16.96107069958));
#278 = CARTESIAN_POINT('',(-13.69,8.924037091314,-17.08643477512));
#279 = CARTESIAN_POINT('',(-13.69,8.863072722737,-17.37448985683));
#280 = CARTESIAN_POINT('',(-13.69,8.827771856586,-17.53710286086));
#281 = CARTESIAN_POINT('',(-13.69,8.791543162557,-17.69950350496));
#282 = CARTESIAN_POINT('',(-13.69,8.754304515459,-17.86166631814));
#283 = CARTESIAN_POINT('',(-13.69,8.715974067725,-18.02356464495));
#284 = CARTESIAN_POINT('',(-13.69,8.676470249407,-18.18517064536));
#285 = CARTESIAN_POINT('',(-13.69,8.63571176818,-18.34645529482));
#286 = CARTESIAN_POINT('',(-13.69,8.572573235743,-18.58784458419));
#287 = CARTESIAN_POINT('',(-13.69,8.551195071384,-18.66821286579));
#288 = CARTESIAN_POINT('',(-13.69,8.529473013207,-18.74848942838));
#289 = CARTESIAN_POINT('',(-13.69,8.507397006328,-18.82867037897));
#290 = CARTESIAN_POINT('',(-13.69,8.48495704403,-18.90875173222));
#291 = CARTESIAN_POINT('',(-13.69,8.462143167769,-18.98872941046));
#292 = CARTESIAN_POINT('',(-13.69,8.438945467171,-19.0685992437));
#293 = CARTESIAN_POINT('',(-13.69,8.39299031402,-19.22396435592));
#294 = CARTESIAN_POINT('',(-13.69,8.370273162751,-19.29947130241));
#295 = CARTESIAN_POINT('',(-13.69,8.347194264783,-19.37487414834));
#296 = CARTESIAN_POINT('',(-13.69,8.323734385139,-19.45016133844));
#297 = CARTESIAN_POINT('',(-13.69,8.299880314278,-19.52532539218));
#298 = CARTESIAN_POINT('',(-13.69,8.275620387258,-19.60035975141));
#299 = CARTESIAN_POINT('',(-13.69,8.2509375737,-19.67525388138));
#300 = CARTESIAN_POINT('',(-13.69,8.225819089203,-19.75));
#301 = PCURVE('',#32,#302);
#302 = DEFINITIONAL_REPRESENTATION('',(#303),#516);
#303 = B_SPLINE_CURVE_WITH_KNOTS('',8,(#304,#305,#306,#307,#308,#309,
    #310,#311,#312,#313,#314,#315,#316,#317,#318,#319,#320,#321,#322,
    #323,#324,#325,#326,#327,#328,#329,#330,#331,#332,#333,#334,#335,
    #336,#337,#338,#339,#340,#341,#342,#343,#344,#345,#346,#347,#348,
    #349,#350,#351,#352,#353,#354,#355,#356,#357,#358,#359,#360,#361,
    #362,#363,#364,#365,#366,#367,#368,#369,#370,#371,#372,#373,#374,
    #375,#376,#377,#378,#379,#380,#381,#382,#383,#384,#385,#386,#387,
    #388,#389,#390,#391,#392,#393,#394,#395,#396,#397,#398,#399,#400,
    #401,#402,#403,#404,#405,#406,#407,#408,#409,#410,#411,#412,#413,
    #414,#415,#416,#417,#418,#419,#420,#421,#422,#423,#424,#425,#426,
    #427,#428,#429,#430,#431,#432,#433,#434,#435,#436,#437,#438,#439,
    #440,#441,#442,#443,#444,#445,#446,#447,#448,#449,#450,#451,#452,
    #453,#454,#455,#456,#457,#458,#459,#460,#461,#462,#463,#464,#465,
    #466,#467,#468,#469,#470,#471,#472,#473,#474,#475,#476,#477,#478,
    #479,#480,#481,#482,#483,#484,#485,#486,#487,#488,#489,#490,#491,
    #492,#493,#494,#495,#496,#497,#498,#499,#500,#501,#502,#503,#504,
    #505,#506,#507,#508,#509,#510,#511,#512,#513,#514,#515),
  .UNSPECIFIED.,.F.,.F.,(9,7,7,7,7,7,7,7,7,7,7,7,7,7,7,7,7,7,7,7,7,7,7,7
    ,7,7,7,7,7,7,9),(0.,1.586589940313E-02,6.608080861507E-02,
    9.183770238644E-02,0.117585179875,0.144621131635,0.157498109511,
    0.171662738523,0.198700949535,0.210288017565,0.297836825486,
    0.367364745416,0.417581094295,0.451059113336,0.499988758244,
    0.566945058538,0.614586518133,0.6467761305,0.743340747301,
    0.774240033154,0.789689547733,0.797414305033,0.80642652217,
    0.823164230188,0.839905121145,0.882399865907,0.908150639838,
    0.933910831258,0.967393089569,0.984132066477,1.),.UNSPECIFIED.);
#304 = CARTESIAN_POINT('',(39.5,-8.225819089203));
#305 = CARTESIAN_POINT('',(39.425253881383,-8.250937573701));
#306 = CARTESIAN_POINT('',(39.350359751414,-8.275620387257));
#307 = CARTESIAN_POINT('',(39.275325392184,-8.299880314279));
#308 = CARTESIAN_POINT('',(39.200161338447,-8.323734385139));
#309 = CARTESIAN_POINT('',(39.124874148345,-8.347194264782));
#310 = CARTESIAN_POINT('',(39.049471302414,-8.370273162752));
#311 = CARTESIAN_POINT('',(38.973964355925,-8.39299031402));
#312 = CARTESIAN_POINT('',(38.659062748636,-8.486134465778));
#313 = CARTESIAN_POINT('',(38.418760868651,-8.553370570654));
#314 = CARTESIAN_POINT('',(38.177564502489,-8.617329357853));
#315 = CARTESIAN_POINT('',(37.935580756363,-8.678281638681));
#316 = CARTESIAN_POINT('',(37.692910437993,-8.73650120748));
#317 = CARTESIAN_POINT('',(37.449647824703,-8.792263976538));
#318 = CARTESIAN_POINT('',(37.205880431519,-8.845847111008));
#319 = CARTESIAN_POINT('',(36.836434775124,-8.924037091314));
#320 = CARTESIAN_POINT('',(36.711070699584,-8.950051316675));
#321 = CARTESIAN_POINT('',(36.585590923297,-8.975515630883));
#322 = CARTESIAN_POINT('',(36.459990054213,-9.000372806727));
#323 = CARTESIAN_POINT('',(36.334263293818,-9.024565352089));
#324 = CARTESIAN_POINT('',(36.208406583129,-9.04803623483));
#325 = CARTESIAN_POINT('',(36.08241653844,-9.070728579296));
#326 = CARTESIAN_POINT('',(35.830209924879,-9.114432099488));
#327 = CARTESIAN_POINT('',(35.703993729625,-9.135443923206));
#328 = CARTESIAN_POINT('',(35.577638733429,-9.155562422716));
#329 = CARTESIAN_POINT('',(35.451143005295,-9.174729833618));
#330 = CARTESIAN_POINT('',(35.324505556719,-9.192888167083));
#331 = CARTESIAN_POINT('',(35.197726357522,-9.209979366942));
#332 = CARTESIAN_POINT('',(35.070806351697,-9.225945466774));
#333 = CARTESIAN_POINT('',(34.810330220616,-9.256251823043));
#334 = CARTESIAN_POINT('',(34.676760776972,-9.270475384172));
#335 = CARTESIAN_POINT('',(34.543058168455,-9.283475157493));
#336 = CARTESIAN_POINT('',(34.409240129087,-9.295326983859));
#337 = CARTESIAN_POINT('',(34.275323100777,-9.306106817864));
#338 = CARTESIAN_POINT('',(34.141322233317,-9.315890727846));
#339 = CARTESIAN_POINT('',(34.007251384383,-9.324754895886));
#340 = CARTESIAN_POINT('',(33.809239047165,-9.336595814694));
#341 = CARTESIAN_POINT('',(33.745340459434,-9.34022474147));
#342 = CARTESIAN_POINT('',(33.681428967761,-9.343670592117));
#343 = CARTESIAN_POINT('',(33.617506183561,-9.346941560616));
#344 = CARTESIAN_POINT('',(33.553573718249,-9.350045840949));
#345 = CARTESIAN_POINT('',(33.489633183241,-9.352991627098));
#346 = CARTESIAN_POINT('',(33.425686189951,-9.355787113042));
#347 = CARTESIAN_POINT('',(33.291387557308,-9.361359200848));
#348 = CARTESIAN_POINT('',(33.221034336914,-9.364106095766));
#349 = CARTESIAN_POINT('',(33.150677594637,-9.366691913979));
#350 = CARTESIAN_POINT('',(33.080319256907,-9.369126195317));
#351 = CARTESIAN_POINT('',(33.009962579252,-9.371423977634));
#352 = CARTESIAN_POINT('',(32.939608800432,-9.373595196018));
#353 = CARTESIAN_POINT('',(32.869255359567,-9.375639255818));
#354 = CARTESIAN_POINT('',(32.664610297123,-9.381247506161));
#355 = CARTESIAN_POINT('',(32.530313772388,-9.384502250235));
#356 = CARTESIAN_POINT('',(32.396014309365,-9.387380416778));
#357 = CARTESIAN_POINT('',(32.26171268449,-9.389930969814));
#358 = CARTESIAN_POINT('',(32.12740946095,-9.392202901625));
#359 = CARTESIAN_POINT('',(31.993104988679,-9.394245232738));
#360 = CARTESIAN_POINT('',(31.858799404365,-9.396107011939));
#361 = CARTESIAN_POINT('',(31.666936245261,-9.39857882811));
#362 = CARTESIAN_POINT('',(31.609379761884,-9.399295175844));
#363 = CARTESIAN_POINT('',(31.551823111683,-9.399993127836));
#364 = CARTESIAN_POINT('',(31.494266250288,-9.400675899036));
#365 = CARTESIAN_POINT('',(31.436709156014,-9.401344304364));
#366 = CARTESIAN_POINT('',(31.379151827296,-9.401997912109));
#367 = CARTESIAN_POINT('',(31.321594280117,-9.402636197325));
#368 = CARTESIAN_POINT('',(30.829145592454,-9.407970679764));
#369 = CARTESIAN_POINT('',(30.39424401925,-9.411836142808));
#370 = CARTESIAN_POINT('',(29.95933337603,-9.414920781148));
#371 = CARTESIAN_POINT('',(29.524415009525,-9.41728929198));
#372 = CARTESIAN_POINT('',(29.089490062995,-9.4190063729));
#373 = CARTESIAN_POINT('',(28.654559476229,-9.420136721913));
#374 = CARTESIAN_POINT('',(28.219623985541,-9.420745037428));
#375 = CARTESIAN_POINT('',(27.439271495075,-9.42101592147));
#376 = CARTESIAN_POINT('',(27.093856152561,-9.420847384608));
#377 = CARTESIAN_POINT('',(26.748438375226,-9.420422810223));
#378 = CARTESIAN_POINT('',(26.403018404384,-9.419774598543));
#379 = CARTESIAN_POINT('',(26.057596443665,-9.418935147472));
#380 = CARTESIAN_POINT('',(25.71217265902,-9.417936852592));
#381 = CARTESIAN_POINT('',(25.366747178714,-9.416812107163));
#382 = CARTESIAN_POINT('',(24.771836331282,-9.414713023532));
#383 = CARTESIAN_POINT('',(24.52235174203,-9.413783679747));
#384 = CARTESIAN_POINT('',(24.272866363621,-9.412817474137));
#385 = CARTESIAN_POINT('',(24.023380232754,-9.411826609724));
#386 = CARTESIAN_POINT('',(23.773893384783,-9.41082328919));
#387 = CARTESIAN_POINT('',(23.524405853715,-9.409819714866));
#388 = CARTESIAN_POINT('',(23.274917672213,-9.408828088742));
#389 = CARTESIAN_POINT('',(22.859100753273,-9.407215619539));
#390 = CARTESIAN_POINT('',(22.692772361476,-9.406581360229));
#391 = CARTESIAN_POINT('',(22.526443706188,-9.405961450012));
#392 = CARTESIAN_POINT('',(22.360114798379,-9.405359504362));
#393 = CARTESIAN_POINT('',(22.193785650009,-9.404779138741));
#394 = CARTESIAN_POINT('',(22.027456274024,-9.404223968601));
#395 = CARTESIAN_POINT('',(21.861126684359,-9.403697609382));
#396 = CARTESIAN_POINT('',(21.451698357905,-9.402481771202));
#397 = CARTESIAN_POINT('',(21.20859939856,-9.401829132338));
#398 = CARTESIAN_POINT('',(20.965500062564,-9.401257047428));
#399 = CARTESIAN_POINT('',(20.722400404637,-9.400776804051));
#400 = CARTESIAN_POINT('',(20.479300489555,-9.400399689859));
#401 = CARTESIAN_POINT('',(20.236200392153,-9.400136992576));
#402 = CARTESIAN_POINT('',(19.99310019732,-9.4));
#403 = CARTESIAN_POINT('',(19.4173368498,-9.4));
#404 = CARTESIAN_POINT('',(19.0846737115,-9.400256528552));
#405 = CARTESIAN_POINT('',(18.752010820397,-9.400740660948));
#406 = CARTESIAN_POINT('',(18.41934838079,-9.401423472689));
#407 = CARTESIAN_POINT('',(18.086686565982,-9.402276039489));
#408 = CARTESIAN_POINT('',(17.754025518281,-9.403269437272));
#409 = CARTESIAN_POINT('',(17.421365348997,-9.404374742174));
#410 = CARTESIAN_POINT('',(16.852008915495,-9.406408534129));
#411 = CARTESIAN_POINT('',(16.615312185922,-9.407296050103));
#412 = CARTESIAN_POINT('',(16.378615981851,-9.408215159284));
#413 = CARTESIAN_POINT('',(16.141920334367,-9.409155442319));
#414 = CARTESIAN_POINT('',(15.905225273509,-9.410106479675));
#415 = CARTESIAN_POINT('',(15.668530828273,-9.411057851642));
#416 = CARTESIAN_POINT('',(15.431837026609,-9.411999138334));
#417 = CARTESIAN_POINT('',(15.03521890136,-9.413542058363));
#418 = CARTESIAN_POINT('',(14.875294214743,-9.414154835866));
#419 = CARTESIAN_POINT('',(14.715369844425,-9.414755038041));
#420 = CARTESIAN_POINT('',(14.555445800067,-9.415339450654));
#421 = CARTESIAN_POINT('',(14.395522092133,-9.415904859386));
#422 = CARTESIAN_POINT('',(14.235598731891,-9.416448049834));
#423 = CARTESIAN_POINT('',(14.075675731418,-9.41696580751));
#424 = CARTESIAN_POINT('',(13.436006187177,-9.418922184718));
#425 = CARTESIAN_POINT('',(12.956262701213,-9.420131648877));
#426 = CARTESIAN_POINT('',(12.476522897964,-9.420996526559));
#427 = CARTESIAN_POINT('',(11.996787226639,-9.421430026206));
#428 = CARTESIAN_POINT('',(11.517056333392,-9.421345348472));
#429 = CARTESIAN_POINT('',(11.037331061322,-9.420655686217));
#430 = CARTESIAN_POINT('',(10.557612450471,-9.41927422451));
#431 = CARTESIAN_POINT('',(9.924401222548,-9.416422944914));
#432 = CARTESIAN_POINT('',(9.770901523824,-9.415652025735));
#433 = CARTESIAN_POINT('',(9.617402685339,-9.414798538592));
#434 = CARTESIAN_POINT('',(9.46390475421,-9.413859639029));
#435 = CARTESIAN_POINT('',(9.310407780987,-9.412832482633));
#436 = CARTESIAN_POINT('',(9.156911819655,-9.411714225034));
#437 = CARTESIAN_POINT('',(9.003416927632,-9.410502021904));
#438 = CARTESIAN_POINT('',(8.773176922417,-9.408538537923));
#439 = CARTESIAN_POINT('',(8.696431037883,-9.407859850494));
#440 = CARTESIAN_POINT('',(8.619685515538,-9.407156611198));
#441 = CARTESIAN_POINT('',(8.542940358751,-9.406428464566));
#442 = CARTESIAN_POINT('',(8.46619557089,-9.405675055124));
#443 = CARTESIAN_POINT('',(8.389451155327,-9.404896027402));
#444 = CARTESIAN_POINT('',(8.312707115429,-9.404091025928));
#445 = CARTESIAN_POINT('',(8.197591624081,-9.40284402988));
#446 = CARTESIAN_POINT('',(8.159219888357,-9.402421748787));
#447 = CARTESIAN_POINT('',(8.120848247871,-9.401992854995));
#448 = CARTESIAN_POINT('',(8.082476703058,-9.401557326658));
#449 = CARTESIAN_POINT('',(8.044105254307,-9.401115117043));
#450 = CARTESIAN_POINT('',(8.005733901962,-9.400666154524));
#451 = CARTESIAN_POINT('',(7.967362646323,-9.400210342588));
#452 = CARTESIAN_POINT('',(7.884225134422,-9.399207646598));
#453 = CARTESIAN_POINT('',(7.839458904367,-9.398657796589));
#454 = CARTESIAN_POINT('',(7.794692771867,-9.398096192932));
#455 = CARTESIAN_POINT('',(7.749926711312,-9.397521018756));
#456 = CARTESIAN_POINT('',(7.70516069709,-9.396930457188));
#457 = CARTESIAN_POINT('',(7.660394703589,-9.396322691355));
#458 = CARTESIAN_POINT('',(7.6156287052,-9.395695904385));
#459 = CARTESIAN_POINT('',(7.487722122849,-9.393845494604));
#460 = CARTESIAN_POINT('',(7.404582044049,-9.392570843116));
#461 = CARTESIAN_POINT('',(7.321442467154,-9.391212688296));
#462 = CARTESIAN_POINT('',(7.238303450737,-9.389759397551));
#463 = CARTESIAN_POINT('',(7.1551650847,-9.38819934234));
#464 = CARTESIAN_POINT('',(7.072027490277,-9.386520898173));
#465 = CARTESIAN_POINT('',(6.988890820029,-9.384712444613));
#466 = CARTESIAN_POINT('',(6.82260388613,-9.380811915099));
#467 = CARTESIAN_POINT('',(6.739453594807,-9.378720080517));
#468 = CARTESIAN_POINT('',(6.656305249631,-9.376472762109));
#469 = CARTESIAN_POINT('',(6.573156175622,-9.374068171836));
#470 = CARTESIAN_POINT('',(6.490013714773,-9.371471028482));
#471 = CARTESIAN_POINT('',(6.406867102603,-9.36870665166));
#472 = CARTESIAN_POINT('',(6.32372699543,-9.365729706337));
#473 = CARTESIAN_POINT('',(6.029568384032,-9.354409387772));
#474 = CARTESIAN_POINT('',(5.818589051265,-9.34484878869));
#475 = CARTESIAN_POINT('',(5.607692664558,-9.333554202139));
#476 = CARTESIAN_POINT('',(5.396923623402,-9.320230210565));
#477 = CARTESIAN_POINT('',(5.186333316818,-9.304580964376));
#478 = CARTESIAN_POINT('',(4.975980075216,-9.286310754578));
#479 = CARTESIAN_POINT('',(4.765929122266,-9.265124585414));
#480 = CARTESIAN_POINT('',(4.429193648304,-9.225945466775));
#481 = CARTESIAN_POINT('',(4.302273642479,-9.209979366942));
#482 = CARTESIAN_POINT('',(4.175494443283,-9.192888167083));
#483 = CARTESIAN_POINT('',(4.048856994707,-9.174729833618));
#484 = CARTESIAN_POINT('',(3.922361266573,-9.155562422716));
#485 = CARTESIAN_POINT('',(3.796006270376,-9.135443923207));
#486 = CARTESIAN_POINT('',(3.669790075122,-9.114432099488));
#487 = CARTESIAN_POINT('',(3.417583461562,-9.070728579297));
#488 = CARTESIAN_POINT('',(3.291593416871,-9.04803623483));
#489 = CARTESIAN_POINT('',(3.165736706183,-9.02456535209));
#490 = CARTESIAN_POINT('',(3.04000994579,-9.000372806728));
#491 = CARTESIAN_POINT('',(2.914409076704,-8.975515630883));
#492 = CARTESIAN_POINT('',(2.788929300416,-8.950051316675));
#493 = CARTESIAN_POINT('',(2.663565224878,-8.924037091314));
#494 = CARTESIAN_POINT('',(2.375510143168,-8.863072722737));
#495 = CARTESIAN_POINT('',(2.212897139131,-8.827771856586));
#496 = CARTESIAN_POINT('',(2.05049649504,-8.791543162557));
#497 = CARTESIAN_POINT('',(1.888333681851,-8.754304515459));
#498 = CARTESIAN_POINT('',(1.726435355046,-8.715974067725));
#499 = CARTESIAN_POINT('',(1.564829354639,-8.676470249407));
#500 = CARTESIAN_POINT('',(1.403544705172,-8.63571176818));
#501 = CARTESIAN_POINT('',(1.162155415806,-8.572573235743));
#502 = CARTESIAN_POINT('',(1.081787134209,-8.551195071384));
#503 = CARTESIAN_POINT('',(1.001510571611,-8.529473013207));
#504 = CARTESIAN_POINT('',(0.921329621022,-8.507397006328));
#505 = CARTESIAN_POINT('',(0.841248267777,-8.48495704403));
#506 = CARTESIAN_POINT('',(0.761270589539,-8.462143167769));
#507 = CARTESIAN_POINT('',(0.681400756297,-8.438945467171));
#508 = CARTESIAN_POINT('',(0.526035644077,-8.39299031402));
#509 = CARTESIAN_POINT('',(0.450528697584,-8.370273162751));
#510 = CARTESIAN_POINT('',(0.375125851659,-8.347194264783));
#511 = CARTESIAN_POINT('',(0.299838661553,-8.323734385139));
#512 = CARTESIAN_POINT('',(0.224674607813,-8.299880314278));
#513 = CARTESIAN_POINT('',(0.14964024859,-8.275620387258));
#514 = CARTESIAN_POINT('',(7.474611861629E-02,-8.2509375737));
#515 = CARTESIAN_POINT('',(0.,-8.225819089203));
#516 = ( GEOMETRIC_REPRESENTATION_CONTEXT(2) 
PARAMETRIC_REPRESENTATION_CONTEXT() REPRESENTATION_CONTEXT('2D SPACE',''
  ) );
#517 = PCURVE('',#518,#545);
#518 = SURFACE_OF_LINEAR_EXTRUSION('',#519,#543);
#519 = B_SPLINE_CURVE_WITH_KNOTS('',3,(#520,#521,#522,#523,#524,#525,
    #526,#527,#528,#529,#530,#531,#532,#533,#534,#535,#536,#537,#538,
    #539,#540,#541,#542),.UNSPECIFIED.,.F.,.F.,(4,1,1,1,1,1,1,1,1,1,1,1,
    1,1,1,1,1,1,1,1,4),(0.,1.261942946412,2.4546289906,3.595900211651,
    4.915938089896,6.291619739116,8.353172551924,10.381866713202,
    12.286308888748,13.786608858754,25.586608858754,37.386608858754,
    38.88690882876,40.791351004306,42.820045165584,44.881597978392,
    46.257279627612,47.577317505857,48.718588726908,49.911274771096,
    51.173217717508),.UNSPECIFIED.);
#520 = CARTESIAN_POINT('',(0.,5.5,-24.75));
#521 = CARTESIAN_POINT('',(0.,5.727075454721,-24.39646209215));
#522 = CARTESIAN_POINT('',(0.,6.188241571964,-23.71989489919));
#523 = CARTESIAN_POINT('',(0.,6.856878788013,-22.72429456667));
#524 = CARTESIAN_POINT('',(0.,7.437761725128,-21.65230126456));
#525 = CARTESIAN_POINT('',(0.,7.979993893825,-20.49220209996));
#526 = CARTESIAN_POINT('',(0.,8.489403898531,-18.98743240916));
#527 = CARTESIAN_POINT('',(0.,8.916248834646,-17.21502725592));
#528 = CARTESIAN_POINT('',(0.,9.275836265795,-15.24593821818));
#529 = CARTESIAN_POINT('',(0.,9.376974883393,-13.43459394002));
#530 = CARTESIAN_POINT('',(0.,9.453067077605,-8.367715871157));
#531 = CARTESIAN_POINT('',(0.,9.352918993018,-8.485690544737E-16));
#532 = CARTESIAN_POINT('',(0.,9.453067077605,8.367715871157));
#533 = CARTESIAN_POINT('',(0.,9.376974883393,13.434593940021));
#534 = CARTESIAN_POINT('',(0.,9.275836265795,15.245938218181));
#535 = CARTESIAN_POINT('',(0.,8.916248834646,17.215027255925));
#536 = CARTESIAN_POINT('',(0.,8.489403898531,18.987432409166));
#537 = CARTESIAN_POINT('',(0.,7.979993893825,20.492202099968));
#538 = CARTESIAN_POINT('',(0.,7.437761725128,21.652301264567));
#539 = CARTESIAN_POINT('',(0.,6.856878788013,22.724294566671));
#540 = CARTESIAN_POINT('',(0.,6.188241571964,23.719894899191));
#541 = CARTESIAN_POINT('',(-0.,5.727075454721,24.396462092156));
#542 = CARTESIAN_POINT('',(0.,5.5,24.75));
#543 = VECTOR('',#544,1.);
#544 = DIRECTION('',(1.,0.,0.));
#545 = DEFINITIONAL_REPRESENTATION('',(#546),#759);
#546 = B_SPLINE_CURVE_WITH_KNOTS('',8,(#547,#548,#549,#550,#551,#552,
    #553,#554,#555,#556,#557,#558,#559,#560,#561,#562,#563,#564,#565,
    #566,#567,#568,#569,#570,#571,#572,#573,#574,#575,#576,#577,#578,
    #579,#580,#581,#582,#583,#584,#585,#586,#587,#588,#589,#590,#591,
    #592,#593,#594,#595,#596,#597,#598,#599,#600,#601,#602,#603,#604,
    #605,#606,#607,#608,#609,#610,#611,#612,#613,#614,#615,#616,#617,
    #618,#619,#620,#621,#622,#623,#624,#625,#626,#627,#628,#629,#630,
    #631,#632,#633,#634,#635,#636,#637,#638,#639,#640,#641,#642,#643,
    #644,#645,#646,#647,#648,#649,#650,#651,#652,#653,#654,#655,#656,
    #657,#658,#659,#660,#661,#662,#663,#664,#665,#666,#667,#668,#669,
    #670,#671,#672,#673,#674,#675,#676,#677,#678,#679,#680,#681,#682,
    #683,#684,#685,#686,#687,#688,#689,#690,#691,#692,#693,#694,#695,
    #696,#697,#698,#699,#700,#701,#702,#703,#704,#705,#706,#707,#708,
    #709,#710,#711,#712,#713,#714,#715,#716,#717,#718,#719,#720,#721,
    #722,#723,#724,#725,#726,#727,#728,#729,#730,#731,#732,#733,#734,
    #735,#736,#737,#738,#739,#740,#741,#742,#743,#744,#745,#746,#747,
    #748,#749,#750,#751,#752,#753,#754,#755,#756,#757,#758),
  .UNSPECIFIED.,.F.,.F.,(9,7,7,7,7,7,7,7,7,7,7,7,7,7,7,7,7,7,7,7,7,7,7,7
    ,7,7,7,7,7,7,9),(0.,1.586589940313E-02,6.608080861507E-02,
    9.183770238644E-02,0.117585179875,0.144621131635,0.157498109511,
    0.171662738523,0.198700949535,0.210288017565,0.297836825486,
    0.367364745416,0.417581094295,0.451059113336,0.499988758244,
    0.566945058538,0.614586518133,0.6467761305,0.743340747301,
    0.774240033154,0.789689547733,0.797414305033,0.80642652217,
    0.823164230188,0.839905121145,0.882399865907,0.908150639838,
    0.933910831258,0.967393089569,0.984132066477,1.),.UNSPECIFIED.);
#547 = CARTESIAN_POINT('',(45.458249027082,-13.69));
#548 = CARTESIAN_POINT('',(45.37943567566,-13.69));
#549 = CARTESIAN_POINT('',(45.300623854454,-13.69));
#550 = CARTESIAN_POINT('',(45.221813482894,-13.69));
#551 = CARTESIAN_POINT('',(45.143002495924,-13.69));
#552 = CARTESIAN_POINT('',(45.064190929108,-13.69));
#553 = CARTESIAN_POINT('',(44.985378019488,-13.69));
#554 = CARTESIAN_POINT('',(44.906560306905,-13.69));
#555 = CARTESIAN_POINT('',(44.578271690473,-13.69));
#556 = CARTESIAN_POINT('',(44.328768869084,-13.69));
#557 = CARTESIAN_POINT('',(44.079256376314,-13.69));
#558 = CARTESIAN_POINT('',(43.829753473467,-13.69));
#559 = CARTESIAN_POINT('',(43.580272568466,-13.69));
#560 = CARTESIAN_POINT('',(43.330819221116,-13.69));
#561 = CARTESIAN_POINT('',(43.081392148362,-13.69));
#562 = CARTESIAN_POINT('',(42.704053116204,-13.69));
#563 = CARTESIAN_POINT('',(42.576128472747,-13.69));
#564 = CARTESIAN_POINT('',(42.44820540845,-13.69));
#565 = CARTESIAN_POINT('',(42.320280572348,-13.69));
#566 = CARTESIAN_POINT('',(42.192351243708,-13.69));
#567 = CARTESIAN_POINT('',(42.064415366302,-13.69));
#568 = CARTESIAN_POINT('',(41.936471526506,-13.69));
#569 = CARTESIAN_POINT('',(41.680613001222,-13.69));
#570 = CARTESIAN_POINT('',(41.552698586226,-13.69));
#571 = CARTESIAN_POINT('',(41.424774818924,-13.69));
#572 = CARTESIAN_POINT('',(41.296841850404,-13.69));
#573 = CARTESIAN_POINT('',(41.168900791484,-13.69));
#574 = CARTESIAN_POINT('',(41.040953710066,-13.69));
#575 = CARTESIAN_POINT('',(40.913003628485,-13.69));
#576 = CARTESIAN_POINT('',(40.650702489542,-13.69));
#577 = CARTESIAN_POINT('',(40.516351893781,-13.69));
#578 = CARTESIAN_POINT('',(40.382006823844,-13.69));
#579 = CARTESIAN_POINT('',(40.247670076114,-13.69));
#580 = CARTESIAN_POINT('',(40.113343153084,-13.69));
#581 = CARTESIAN_POINT('',(39.979026263358,-13.69));
#582 = CARTESIAN_POINT('',(39.844718321651,-13.69));
#583 = CARTESIAN_POINT('',(39.64645042664,-13.69));
#584 = CARTESIAN_POINT('',(39.582483904493,-13.69));
#585 = CARTESIAN_POINT('',(39.518517382346,-13.69));
#586 = CARTESIAN_POINT('',(39.454550860199,-13.69));
#587 = CARTESIAN_POINT('',(39.390584338052,-13.69));
#588 = CARTESIAN_POINT('',(39.326617815906,-13.69));
#589 = CARTESIAN_POINT('',(39.262651293759,-13.69));
#590 = CARTESIAN_POINT('',(39.128321828988,-13.69));
#591 = CARTESIAN_POINT('',(39.057958260256,-13.69));
#592 = CARTESIAN_POINT('',(38.987594900365,-13.69));
#593 = CARTESIAN_POINT('',(38.91723232317,-13.69));
#594 = CARTESIAN_POINT('',(38.846869257188,-13.69));
#595 = CARTESIAN_POINT('',(38.776505364296,-13.69));
#596 = CARTESIAN_POINT('',(38.706142600353,-13.69));
#597 = CARTESIAN_POINT('',(38.501466244592,-13.69));
#598 = CARTESIAN_POINT('',(38.367145550836,-13.69));
#599 = CARTESIAN_POINT('',(38.232818976258,-13.69));
#600 = CARTESIAN_POINT('',(38.0984879886,-13.69));
#601 = CARTESIAN_POINT('',(37.964153842536,-13.69));
#602 = CARTESIAN_POINT('',(37.829817579673,-13.69));
#603 = CARTESIAN_POINT('',(37.695480028553,-13.69));
#604 = CARTESIAN_POINT('',(37.503571940332,-13.69));
#605 = CARTESIAN_POINT('',(37.446002058274,-13.69));
#606 = CARTESIAN_POINT('',(37.388432187036,-13.69));
#607 = CARTESIAN_POINT('',(37.33086232695,-13.69));
#608 = CARTESIAN_POINT('',(37.273292464913,-13.69));
#609 = CARTESIAN_POINT('',(37.21572258918,-13.69));
#610 = CARTESIAN_POINT('',(37.158152704157,-13.69));
#611 = CARTESIAN_POINT('',(36.665600284354,-13.69));
#612 = CARTESIAN_POINT('',(36.230619275479,-13.69));
#613 = CARTESIAN_POINT('',(35.795640755584,-13.69));
#614 = CARTESIAN_POINT('',(35.360665458172,-13.69));
#615 = CARTESIAN_POINT('',(34.925693913232,-13.69));
#616 = CARTESIAN_POINT('',(34.490726447236,-13.69));
#617 = CARTESIAN_POINT('',(34.055763183145,-13.69));
#618 = CARTESIAN_POINT('',(33.275376099492,-13.69));
#619 = CARTESIAN_POINT('',(32.929950800915,-13.69));
#620 = CARTESIAN_POINT('',(32.584528116479,-13.69));
#621 = CARTESIAN_POINT('',(32.239107980332,-13.69));
#622 = CARTESIAN_POINT('',(31.893690288966,-13.69));
#623 = CARTESIAN_POINT('',(31.54827490122,-13.69));
#624 = CARTESIAN_POINT('',(31.202861638275,-13.69));
#625 = CARTESIAN_POINT('',(30.607977883111,-13.69));
#626 = CARTESIAN_POINT('',(30.358506488097,-13.69));
#627 = CARTESIAN_POINT('',(30.109036020979,-13.69));
#628 = CARTESIAN_POINT('',(29.859566402777,-13.69));
#629 = CARTESIAN_POINT('',(29.610097553174,-13.69));
#630 = CARTESIAN_POINT('',(29.360629390512,-13.69));
#631 = CARTESIAN_POINT('',(29.111161831792,-13.69));
#632 = CARTESIAN_POINT('',(28.695381182223,-13.69));
#633 = CARTESIAN_POINT('',(28.529067804405,-13.69));
#634 = CARTESIAN_POINT('',(28.362754634937,-13.69));
#635 = CARTESIAN_POINT('',(28.196441650522,-13.69));
#636 = CARTESIAN_POINT('',(28.03012882885,-13.69));
#637 = CARTESIAN_POINT('',(27.863816148601,-13.69));
#638 = CARTESIAN_POINT('',(27.697503589439,-13.69));
#639 = CARTESIAN_POINT('',(27.288117924041,-13.69));
#640 = CARTESIAN_POINT('',(27.045044936651,-13.69));
#641 = CARTESIAN_POINT('',(26.801972107532,-13.69));
#642 = CARTESIAN_POINT('',(26.558899384421,-13.69));
#643 = CARTESIAN_POINT('',(26.315826725111,-13.69));
#644 = CARTESIAN_POINT('',(26.072754097451,-13.69));
#645 = CARTESIAN_POINT('',(25.829681479345,-13.69));
#646 = CARTESIAN_POINT('',(25.253983445099,-13.69));
#647 = CARTESIAN_POINT('',(24.921358043339,-13.69));
#648 = CARTESIAN_POINT('',(24.58873261463,-13.69));
#649 = CARTESIAN_POINT('',(24.256107089127,-13.69));
#650 = CARTESIAN_POINT('',(23.923481365992,-13.69));
#651 = CARTESIAN_POINT('',(23.590855313388,-13.69));
#652 = CARTESIAN_POINT('',(23.258228768482,-13.69));
#653 = CARTESIAN_POINT('',(22.688927068903,-13.69));
#654 = CARTESIAN_POINT('',(22.452252260979,-13.69));
#655 = CARTESIAN_POINT('',(22.215577047046,-13.69));
#656 = CARTESIAN_POINT('',(21.978901359426,-13.69));
#657 = CARTESIAN_POINT('',(21.742225129397,-13.69));
#658 = CARTESIAN_POINT('',(21.505548287187,-13.69));
#659 = CARTESIAN_POINT('',(21.268870761976,-13.69));
#660 = CARTESIAN_POINT('',(20.872277522189,-13.69));
#661 = CARTESIAN_POINT('',(20.712362219224,-13.69));
#662 = CARTESIAN_POINT('',(20.552446551389,-13.69));
#663 = CARTESIAN_POINT('',(20.392530497874,-13.69));
#664 = CARTESIAN_POINT('',(20.232614038674,-13.69));
#665 = CARTESIAN_POINT('',(20.072697154586,-13.69));
#666 = CARTESIAN_POINT('',(19.912779827212,-13.69));
#667 = CARTESIAN_POINT('',(19.273129640627,-13.69));
#668 = CARTESIAN_POINT('',(18.793393171684,-13.69));
#669 = CARTESIAN_POINT('',(18.313652061663,-13.69));
#670 = CARTESIAN_POINT('',(17.833905936969,-13.69));
#671 = CARTESIAN_POINT('',(17.354154620882,-13.69));
#672 = CARTESIAN_POINT('',(16.874398133553,-13.69));
#673 = CARTESIAN_POINT('',(16.394636692008,-13.69));
#674 = CARTESIAN_POINT('',(15.761352509512,-13.69));
#675 = CARTESIAN_POINT('',(15.60783385185,-13.69));
#676 = CARTESIAN_POINT('',(15.454314753876,-13.69));
#677 = CARTESIAN_POINT('',(15.300795235744,-13.69));
#678 = CARTESIAN_POINT('',(15.147275321043,-13.69));
#679 = CARTESIAN_POINT('',(14.993755036794,-13.69));
#680 = CARTESIAN_POINT('',(14.840234413458,-13.69));
#681 = CARTESIAN_POINT('',(14.609953658349,-13.69));
#682 = CARTESIAN_POINT('',(14.533193831773,-13.69));
#683 = CARTESIAN_POINT('',(14.456434005197,-13.69));
#684 = CARTESIAN_POINT('',(14.379674178621,-13.69));
#685 = CARTESIAN_POINT('',(14.302914352044,-13.69));
#686 = CARTESIAN_POINT('',(14.226154525468,-13.69));
#687 = CARTESIAN_POINT('',(14.149394698892,-13.69));
#688 = CARTESIAN_POINT('',(14.034254958975,-13.69));
#689 = CARTESIAN_POINT('',(13.995875046139,-13.69));
#690 = CARTESIAN_POINT('',(13.95749513315,-13.69));
#691 = CARTESIAN_POINT('',(13.919115219682,-13.69));
#692 = CARTESIAN_POINT('',(13.880735305736,-13.69));
#693 = CARTESIAN_POINT('',(13.842355391646,-13.69));
#694 = CARTESIAN_POINT('',(13.803975478073,-13.69));
#695 = CARTESIAN_POINT('',(13.720819000508,-13.69));
#696 = CARTESIAN_POINT('',(13.676042435005,-13.69));
#697 = CARTESIAN_POINT('',(13.631265869502,-13.69));
#698 = CARTESIAN_POINT('',(13.586489303999,-13.69));
#699 = CARTESIAN_POINT('',(13.541712738497,-13.69));
#700 = CARTESIAN_POINT('',(13.496936172994,-13.69));
#701 = CARTESIAN_POINT('',(13.452159607491,-13.69));
#702 = CARTESIAN_POINT('',(13.324222919676,-13.69));
#703 = CARTESIAN_POINT('',(13.241063377355,-13.69));
#704 = CARTESIAN_POINT('',(13.157904606401,-13.69));
#705 = CARTESIAN_POINT('',(13.074746829498,-13.69));
#706 = CARTESIAN_POINT('',(12.991590300631,-13.69));
#707 = CARTESIAN_POINT('',(12.90843530509,-13.69));
#708 = CARTESIAN_POINT('',(12.825282159467,-13.69));
#709 = CARTESIAN_POINT('',(12.658964451395,-13.69));
#710 = CARTESIAN_POINT('',(12.575800029927,-13.69));
#711 = CARTESIAN_POINT('',(12.492637551829,-13.69));
#712 = CARTESIAN_POINT('',(12.409480160318,-13.69));
#713 = CARTESIAN_POINT('',(12.326321728694,-13.69));
#714 = CARTESIAN_POINT('',(12.243172923048,-13.69));
#715 = CARTESIAN_POINT('',(12.160025099132,-13.69));
#716 = CARTESIAN_POINT('',(11.865823944369,-13.69));
#717 = CARTESIAN_POINT('',(11.654782356886,-13.69));
#718 = CARTESIAN_POINT('',(11.443734175991,-13.69));
#719 = CARTESIAN_POINT('',(11.232665883746,-13.69));
#720 = CARTESIAN_POINT('',(11.021570879679,-13.69));
#721 = CARTESIAN_POINT('',(10.8104494733,-13.69));
#722 = CARTESIAN_POINT('',(10.599308876619,-13.69));
#723 = CARTESIAN_POINT('',(10.260214089025,-13.69));
#724 = CARTESIAN_POINT('',(10.132264007443,-13.69));
#725 = CARTESIAN_POINT('',(10.004316926026,-13.69));
#726 = CARTESIAN_POINT('',(9.876375867106,-13.69));
#727 = CARTESIAN_POINT('',(9.748442898585,-13.69));
#728 = CARTESIAN_POINT('',(9.620519131283,-13.69));
#729 = CARTESIAN_POINT('',(9.492604716287,-13.69));
#730 = CARTESIAN_POINT('',(9.236746191004,-13.69));
#731 = CARTESIAN_POINT('',(9.108802351207,-13.69));
#732 = CARTESIAN_POINT('',(8.980866473802,-13.69));
#733 = CARTESIAN_POINT('',(8.852937145162,-13.69));
#734 = CARTESIAN_POINT('',(8.72501230906,-13.69));
#735 = CARTESIAN_POINT('',(8.597089244762,-13.69));
#736 = CARTESIAN_POINT('',(8.469164601306,-13.69));
#737 = CARTESIAN_POINT('',(8.174955090762,-13.69));
#738 = CARTESIAN_POINT('',(8.008667144509,-13.69));
#739 = CARTESIAN_POINT('',(7.84236861201,-13.69));
#740 = CARTESIAN_POINT('',(7.676058669978,-13.69));
#741 = CARTESIAN_POINT('',(7.509737709027,-13.69));
#742 = CARTESIAN_POINT('',(7.34340733367,-13.69));
#743 = CARTESIAN_POINT('',(7.177070362323,-13.69));
#744 = CARTESIAN_POINT('',(6.927571752133,-13.69));
#745 = CARTESIAN_POINT('',(6.844412096527,-13.69));
#746 = CARTESIAN_POINT('',(6.761252394412,-13.69));
#747 = CARTESIAN_POINT('',(6.678093281476,-13.69));
#748 = CARTESIAN_POINT('',(6.594935495171,-13.69));
#749 = CARTESIAN_POINT('',(6.51177987471,-13.69));
#750 = CARTESIAN_POINT('',(6.428627361065,-13.69));
#751 = CARTESIAN_POINT('',(6.266657410605,-13.69));
#752 = CARTESIAN_POINT('',(6.187839698017,-13.69));
#753 = CARTESIAN_POINT('',(6.109026788404,-13.69));
#754 = CARTESIAN_POINT('',(6.030215221585,-13.69));
#755 = CARTESIAN_POINT('',(5.95140423461,-13.69));
#756 = CARTESIAN_POINT('',(5.872593863057,-13.69));
#757 = CARTESIAN_POINT('',(5.793782041847,-13.69));
#758 = CARTESIAN_POINT('',(5.714968690426,-13.69));
#759 = ( GEOMETRIC_REPRESENTATION_CONTEXT(2) 
PARAMETRIC_REPRESENTATION_CONTEXT() REPRESENTATION_CONTEXT('2D SPACE',''
  ) );
#760 = ORIENTED_EDGE('',*,*,#761,.F.);
#761 = EDGE_CURVE('',#24,#85,#762,.T.);
#762 = SURFACE_CURVE('',#763,(#767,#774),.PCURVE_S1.);
#763 = LINE('',#764,#765);
#764 = CARTESIAN_POINT('',(-13.69,0.,19.75));
#765 = VECTOR('',#766,1.);
#766 = DIRECTION('',(-0.,1.,-0.));
#767 = PCURVE('',#32,#768);
#768 = DEFINITIONAL_REPRESENTATION('',(#769),#773);
#769 = LINE('',#770,#771);
#770 = CARTESIAN_POINT('',(39.5,0.));
#771 = VECTOR('',#772,1.);
#772 = DIRECTION('',(0.,-1.));
#773 = ( GEOMETRIC_REPRESENTATION_CONTEXT(2) 
PARAMETRIC_REPRESENTATION_CONTEXT() REPRESENTATION_CONTEXT('2D SPACE',''
  ) );
#774 = PCURVE('',#775,#780);
#775 = CYLINDRICAL_SURFACE('',#776,5.);
#776 = AXIS2_PLACEMENT_3D('',#777,#778,#779);
#777 = CARTESIAN_POINT('',(-8.69,0.,19.75));
#778 = DIRECTION('',(0.,-1.,0.));
#779 = DIRECTION('',(1.,0.,0.));
#780 = DEFINITIONAL_REPRESENTATION('',(#781),#785);
#781 = LINE('',#782,#783);
#782 = CARTESIAN_POINT('',(3.14159265359,0.));
#783 = VECTOR('',#784,1.);
#784 = DIRECTION('',(0.,-1.));
#785 = ( GEOMETRIC_REPRESENTATION_CONTEXT(2) 
PARAMETRIC_REPRESENTATION_CONTEXT() REPRESENTATION_CONTEXT('2D SPACE',''
  ) );
#786 = ADVANCED_FACE('',(#787),#72,.T.);
#787 = FACE_BOUND('',#788,.T.);
#788 = EDGE_LOOP('',(#789,#813,#814,#1065));
#789 = ORIENTED_EDGE('',*,*,#790,.F.);
#790 = EDGE_CURVE('',#22,#791,#793,.T.);
#791 = VERTEX_POINT('',#792);
#792 = CARTESIAN_POINT('',(-8.69,-0.,-24.75));
#793 = SURFACE_CURVE('',#794,(#799,#806),.PCURVE_S1.);
#794 = CIRCLE('',#795,5.);
#795 = AXIS2_PLACEMENT_3D('',#796,#797,#798);
#796 = CARTESIAN_POINT('',(-8.69,-0.,-19.75));
#797 = DIRECTION('',(0.,-1.,0.));
#798 = DIRECTION('',(1.,0.,0.));
#799 = PCURVE('',#72,#800);
#800 = DEFINITIONAL_REPRESENTATION('',(#801),#805);
#801 = LINE('',#802,#803);
#802 = CARTESIAN_POINT('',(0.,0.));
#803 = VECTOR('',#804,1.);
#804 = DIRECTION('',(1.,0.));
#805 = ( GEOMETRIC_REPRESENTATION_CONTEXT(2) 
PARAMETRIC_REPRESENTATION_CONTEXT() REPRESENTATION_CONTEXT('2D SPACE',''
  ) );
#806 = PCURVE('',#44,#807);
#807 = DEFINITIONAL_REPRESENTATION('',(#808),#812);
#808 = CIRCLE('',#809,5.);
#809 = AXIS2_PLACEMENT_2D('',#810,#811);
#810 = CARTESIAN_POINT('',(-8.69,-19.75));
#811 = DIRECTION('',(1.,0.));
#812 = ( GEOMETRIC_REPRESENTATION_CONTEXT(2) 
PARAMETRIC_REPRESENTATION_CONTEXT() REPRESENTATION_CONTEXT('2D SPACE',''
  ) );
#813 = ORIENTED_EDGE('',*,*,#56,.T.);
#814 = ORIENTED_EDGE('',*,*,#815,.F.);
#815 = EDGE_CURVE('',#816,#57,#818,.T.);
#816 = VERTEX_POINT('',#817);
#817 = CARTESIAN_POINT('',(-8.69,5.5,-24.75));
#818 = SURFACE_CURVE('',#819,(#899,#982),.PCURVE_S1.);
#819 = B_SPLINE_CURVE_WITH_KNOTS('',8,(#820,#821,#822,#823,#824,#825,
    #826,#827,#828,#829,#830,#831,#832,#833,#834,#835,#836,#837,#838,
    #839,#840,#841,#842,#843,#844,#845,#846,#847,#848,#849,#850,#851,
    #852,#853,#854,#855,#856,#857,#858,#859,#860,#861,#862,#863,#864,
    #865,#866,#867,#868,#869,#870,#871,#872,#873,#874,#875,#876,#877,
    #878,#879,#880,#881,#882,#883,#884,#885,#886,#887,#888,#889,#890,
    #891,#892,#893,#894,#895,#896,#897,#898),.UNSPECIFIED.,.F.,.F.,(9,7,
    7,7,7,7,7,7,7,7,7,9),(0.,0.254977002209,0.364944598115,
    0.411220960992,0.463608771345,0.618301885109,0.734609515834,
    0.768611847641,0.82485845773,0.881395186658,0.941818545636,1.),
  .UNSPECIFIED.);
#820 = CARTESIAN_POINT('',(-8.69,5.5,-24.75));
#821 = CARTESIAN_POINT('',(-8.949518051818,5.5,-24.75));
#822 = CARTESIAN_POINT('',(-9.20915944664,5.509887607552,-24.73460570985
    ));
#823 = CARTESIAN_POINT('',(-9.46701611067,5.529679287801,-24.70379209526
    ));
#824 = CARTESIAN_POINT('',(-9.721376902432,5.559251621023,
    -24.65790033483));
#825 = CARTESIAN_POINT('',(-9.970704395406,5.598408834058,
    -24.59754114929));
#826 = CARTESIAN_POINT('',(-10.21363498091,5.646848407254,
    -24.52353949205));
#827 = CARTESIAN_POINT('',(-10.4489867649,5.704092878858,-24.43689896865
    ));
#828 = CARTESIAN_POINT('',(-10.77356336864,5.797646047886,
    -24.29644042684));
#829 = CARTESIAN_POINT('',(-10.86979582931,5.827353281731,-24.2519678875
    ));
#830 = CARTESIAN_POINT('',(-10.96438901066,5.858527924998,
    -24.20543101813));
#831 = CARTESIAN_POINT('',(-11.0572862705,5.891115785236,-24.15691451511
    ));
#832 = CARTESIAN_POINT('',(-11.14844153366,5.925058635403,
    -24.10650223619));
#833 = CARTESIAN_POINT('',(-11.23781839772,5.960294626403,
    -24.05427594885));
#834 = CARTESIAN_POINT('',(-11.32538923865,5.996758699621,
    -24.00031407856));
#835 = CARTESIAN_POINT('',(-11.44721740364,6.050215988598,
    -23.92128302636));
#836 = CARTESIAN_POINT('',(-11.48297728237,6.066254508953,-23.8975812323
    ));
#837 = CARTESIAN_POINT('',(-11.51841256949,6.0824935254,-23.87359056502)
  );
#838 = CARTESIAN_POINT('',(-11.55352210691,6.098927942703,
    -23.84931634337));
#839 = CARTESIAN_POINT('',(-11.58830496179,6.11555260551,-23.82476371496
    ));
#840 = CARTESIAN_POINT('',(-11.62276042647,6.132362298351,
    -23.79993765621));
#841 = CARTESIAN_POINT('',(-11.6568880185,6.14935174564,-23.7748429723)
  );
#842 = CARTESIAN_POINT('',(-11.72895063927,6.185946208693,
    -23.72077665076));
#843 = CARTESIAN_POINT('',(-11.7667933495,6.205600071167,-23.69173059121
    ));
#844 = CARTESIAN_POINT('',(-11.80421456456,6.225470848427,
    -23.66235331064));
#845 = CARTESIAN_POINT('',(-11.84121506075,6.245548996563,
    -23.63265052912));
#846 = CARTESIAN_POINT('',(-11.87779617038,6.265824298165,
    -23.60262736006));
#847 = CARTESIAN_POINT('',(-11.9139591703,6.286287062211,-23.57228870762
    ));
#848 = CARTESIAN_POINT('',(-11.94970532619,6.306928004116,
    -23.54163919613));
#849 = CARTESIAN_POINT('',(-12.0893643652,6.389181984212,-23.41927267678
    ));
#850 = CARTESIAN_POINT('',(-12.19006680098,6.452087310917,
    -23.32519236493));
#851 = CARTESIAN_POINT('',(-12.28720007262,6.516201879732,
    -23.22853461409));
#852 = CARTESIAN_POINT('',(-12.38082608564,6.58126239377,-23.12936243309
    ));
#853 = CARTESIAN_POINT('',(-12.47100772805,6.646995457389,
    -23.02770689145));
#854 = CARTESIAN_POINT('',(-12.55780412021,6.713119868009,
    -22.92356508946));
#855 = CARTESIAN_POINT('',(-12.64126586463,6.779348907927,
    -22.81689812808));
#856 = CARTESIAN_POINT('',(-12.78170275951,6.895048301887,
    -22.62547400507));
#857 = CARTESIAN_POINT('',(-12.84011113823,6.944590434481,
    -22.54184801467));
#858 = CARTESIAN_POINT('',(-12.89662238133,6.99399676753,-22.45678456139
    ));
#859 = CARTESIAN_POINT('',(-12.95119841458,7.04325507896,-22.37032399987
    ));
#860 = CARTESIAN_POINT('',(-13.0038010295,7.09235329968,-22.28250827121)
  );
#861 = CARTESIAN_POINT('',(-13.05439129757,7.141282349859,
    -22.19338290782));
#862 = CARTESIAN_POINT('',(-13.10292845567,7.19004013838,-22.10299970475
    ));
#863 = CARTESIAN_POINT('',(-13.16295125073,7.252828907175,
    -21.98463831021));
#864 = CARTESIAN_POINT('',(-13.17635044887,7.267017894977,
    -21.95776041194));
#865 = CARTESIAN_POINT('',(-13.18956980726,7.281192108696,
    -21.93078109332));
#866 = CARTESIAN_POINT('',(-13.20260833547,7.295351556616,
    -21.90370177159));
#867 = CARTESIAN_POINT('',(-13.21546504852,7.309496271044,
    -21.87652389756));
#868 = CARTESIAN_POINT('',(-13.22813896682,7.323626308311,-21.8492489556
    ));
#869 = CARTESIAN_POINT('',(-13.24062911621,7.337741748776,
    -21.82187846363));
#870 = CARTESIAN_POINT('',(-13.273290123,7.375168465509,-21.74898225104)
  );
#871 = CARTESIAN_POINT('',(-13.29366742005,7.399056669735,
    -21.70211666301));
#872 = CARTESIAN_POINT('',(-13.3140502097,7.423551303238,-21.65372484585
    ));
#873 = CARTESIAN_POINT('',(-13.33443684666,7.448710372156,
    -21.60366516462));
#874 = CARTESIAN_POINT('',(-13.3548364909,7.47459587866,-21.55173778195)
  );
#875 = CARTESIAN_POINT('',(-13.37525906558,7.501289711944,
    -21.49769259524));
#876 = CARTESIAN_POINT('',(-13.39570520718,7.528902864118,
    -21.44123232337));
#877 = CARTESIAN_POINT('',(-13.4367252783,7.586335650471,-21.32244015122
    ));
#878 = CARTESIAN_POINT('',(-13.45747071816,7.616406249193,
    -21.25958538663));
#879 = CARTESIAN_POINT('',(-13.47759049254,7.646795806906,
    -21.19526138228));
#880 = CARTESIAN_POINT('',(-13.49664279969,7.676865893289,
    -21.13073933771));
#881 = CARTESIAN_POINT('',(-13.51447704863,7.706296840201,
    -21.06670005287));
#882 = CARTESIAN_POINT('',(-13.53115510778,7.735075228528,
    -21.00320272741));
#883 = CARTESIAN_POINT('',(-13.5468691005,7.763473047166,-20.93964750739
    ));
#884 = CARTESIAN_POINT('',(-13.57787265479,7.822526366332,
    -20.80535340554));
#885 = CARTESIAN_POINT('',(-13.5928047888,7.852718503912,-20.73552180439
    ));
#886 = CARTESIAN_POINT('',(-13.60663940711,7.882571202796,
    -20.66524552532));
#887 = CARTESIAN_POINT('',(-13.61936379414,7.912032605565,
    -20.59451301326));
#888 = CARTESIAN_POINT('',(-13.63095909411,7.941147606517,
    -20.52337934484));
#889 = CARTESIAN_POINT('',(-13.6414192082,7.969748793656,-20.45176396723
    ));
#890 = CARTESIAN_POINT('',(-13.65071571011,7.997954532936,-20.379765139)
  );
#891 = CARTESIAN_POINT('',(-13.66665269356,8.052469570119,
    -20.23769470905));
#892 = CARTESIAN_POINT('',(-13.67369285555,8.079890662273,
    -20.16485140451));
#893 = CARTESIAN_POINT('',(-13.6795792104,8.10722846175,-20.09067517628)
  );
#894 = CARTESIAN_POINT('',(-13.68411499228,8.133879806691,
    -20.01677813687));
#895 = CARTESIAN_POINT('',(-13.68727593091,8.15938114113,-19.94458705023
    ));
#896 = CARTESIAN_POINT('',(-13.68917232936,8.18337844751,-19.87535568276
    ));
#897 = CARTESIAN_POINT('',(-13.69,8.205596698845,-19.81017660773));
#898 = CARTESIAN_POINT('',(-13.69,8.225819089203,-19.75));
#899 = PCURVE('',#72,#900);
#900 = DEFINITIONAL_REPRESENTATION('',(#901),#981);
#901 = B_SPLINE_CURVE_WITH_KNOTS('',8,(#902,#903,#904,#905,#906,#907,
    #908,#909,#910,#911,#912,#913,#914,#915,#916,#917,#918,#919,#920,
    #921,#922,#923,#924,#925,#926,#927,#928,#929,#930,#931,#932,#933,
    #934,#935,#936,#937,#938,#939,#940,#941,#942,#943,#944,#945,#946,
    #947,#948,#949,#950,#951,#952,#953,#954,#955,#956,#957,#958,#959,
    #960,#961,#962,#963,#964,#965,#966,#967,#968,#969,#970,#971,#972,
    #973,#974,#975,#976,#977,#978,#979,#980),.UNSPECIFIED.,.F.,.F.,(9,7,
    7,7,7,7,7,7,7,7,7,9),(0.,0.254977002209,0.364944598115,
    0.411220960992,0.463608771345,0.618301885109,0.734609515834,
    0.768611847641,0.82485845773,0.881395186658,0.941818545636,1.),
  .UNSPECIFIED.);
#902 = CARTESIAN_POINT('',(4.712388980385,-5.5));
#903 = CARTESIAN_POINT('',(4.660485370021,-5.5));
#904 = CARTESIAN_POINT('',(4.60855710124,-5.509887607552));
#905 = CARTESIAN_POINT('',(4.556772652551,-5.529679287801));
#906 = CARTESIAN_POINT('',(4.505260525559,-5.559251621023));
#907 = CARTESIAN_POINT('',(4.454129439633,-5.598408834058));
#908 = CARTESIAN_POINT('',(4.403477555852,-5.646848407254));
#909 = CARTESIAN_POINT('',(4.353396695221,-5.704092878858));
#910 = CARTESIAN_POINT('',(4.282663796607,-5.797646047886));
#911 = CARTESIAN_POINT('',(4.261467812507,-5.827353281731));
#912 = CARTESIAN_POINT('',(4.240393971059,-5.858527924998));
#913 = CARTESIAN_POINT('',(4.219445354985,-5.891115785236));
#914 = CARTESIAN_POINT('',(4.198623780831,-5.925058635403));
#915 = CARTESIAN_POINT('',(4.17792985728,-5.960294626403));
#916 = CARTESIAN_POINT('',(4.157363043459,-5.996758699621));
#917 = CARTESIAN_POINT('',(4.128319621486,-6.050215988598));
#918 = CARTESIAN_POINT('',(4.119739725386,-6.066254508953));
#919 = CARTESIAN_POINT('',(4.111181879849,-6.0824935254));
#920 = CARTESIAN_POINT('',(4.102645909317,-6.098927942703));
#921 = CARTESIAN_POINT('',(4.094131601783,-6.11555260551));
#922 = CARTESIAN_POINT('',(4.08563870879,-6.132362298351));
#923 = CARTESIAN_POINT('',(4.077166945431,-6.14935174564));
#924 = CARTESIAN_POINT('',(4.059148967257,-6.185946208693));
#925 = CARTESIAN_POINT('',(4.049608588364,-6.205600071167));
#926 = CARTESIAN_POINT('',(4.040094549985,-6.225470848427));
#927 = CARTESIAN_POINT('',(4.030606111627,-6.245548996563));
#928 = CARTESIAN_POINT('',(4.021142400669,-6.265824298165));
#929 = CARTESIAN_POINT('',(4.011702555511,-6.286287062211));
#930 = CARTESIAN_POINT('',(4.002285707195,-6.306928004116));
#931 = CARTESIAN_POINT('',(3.965149087943,-6.389181984212));
#932 = CARTESIAN_POINT('',(3.937600810475,-6.452087310917));
#933 = CARTESIAN_POINT('',(3.910217100508,-6.516201879732));
#934 = CARTESIAN_POINT('',(3.882966414195,-6.58126239377));
#935 = CARTESIAN_POINT('',(3.855814052919,-6.646995457389));
#936 = CARTESIAN_POINT('',(3.828721685775,-6.713119868009));
#937 = CARTESIAN_POINT('',(3.80164687206,-6.779348907927));
#938 = CARTESIAN_POINT('',(3.754163941942,-6.895048301887));
#939 = CARTESIAN_POINT('',(3.733768635107,-6.944590434481));
#940 = CARTESIAN_POINT('',(3.713353072053,-6.99399676753));
#941 = CARTESIAN_POINT('',(3.692915279005,-7.04325507896));
#942 = CARTESIAN_POINT('',(3.672453439734,-7.09235329968));
#943 = CARTESIAN_POINT('',(3.651966287057,-7.141282349859));
#944 = CARTESIAN_POINT('',(3.631453686834,-7.19004013838));
#945 = CARTESIAN_POINT('',(3.604911527433,-7.252828907175));
#946 = CARTESIAN_POINT('',(3.598905139265,-7.267017894977));
#947 = CARTESIAN_POINT('',(3.592896598032,-7.281192108696));
#948 = CARTESIAN_POINT('',(3.586885915283,-7.295351556616));
#949 = CARTESIAN_POINT('',(3.580873107177,-7.309496271044));
#950 = CARTESIAN_POINT('',(3.574858194483,-7.323626308311));
#951 = CARTESIAN_POINT('',(3.568841202585,-7.337741748776));
#952 = CARTESIAN_POINT('',(3.552865472023,-7.375168465509));
#953 = CARTESIAN_POINT('',(3.542645302887,-7.399056669735));
#954 = CARTESIAN_POINT('',(3.53214461466,-7.423551303238));
#955 = CARTESIAN_POINT('',(3.521335860278,-7.448710372156));
#956 = CARTESIAN_POINT('',(3.510179542187,-7.47459587866));
#957 = CARTESIAN_POINT('',(3.49862631206,-7.501289711944));
#958 = CARTESIAN_POINT('',(3.486617979945,-7.528902864118));
#959 = CARTESIAN_POINT('',(3.461482963416,-7.586335650471));
#960 = CARTESIAN_POINT('',(3.448246229528,-7.616406249193));
#961 = CARTESIAN_POINT('',(3.434769573106,-7.646795806906));
#962 = CARTESIAN_POINT('',(3.421317682658,-7.676865893289));
#963 = CARTESIAN_POINT('',(3.408025431997,-7.706296840201));
#964 = CARTESIAN_POINT('',(3.394897519541,-7.735075228528));
#965 = CARTESIAN_POINT('',(3.381805275126,-7.763473047166));
#966 = CARTESIAN_POINT('',(3.354239988137,-7.822526366332));
#967 = CARTESIAN_POINT('',(3.339959821488,-7.852718503912));
#968 = CARTESIAN_POINT('',(3.325637983215,-7.882571202796));
#969 = CARTESIAN_POINT('',(3.31126825398,-7.912032605565));
#970 = CARTESIAN_POINT('',(3.296857670828,-7.941147606517));
#971 = CARTESIAN_POINT('',(3.282385948684,-7.969748793656));
#972 = CARTESIAN_POINT('',(3.267868667431,-7.997954532936));
#973 = CARTESIAN_POINT('',(3.239276364615,-8.052469570119));
#974 = CARTESIAN_POINT('',(3.224641540764,-8.079890662273));
#975 = CARTESIAN_POINT('',(3.209763345765,-8.10722846175));
#976 = CARTESIAN_POINT('',(3.194960735661,-8.133879806691));
#977 = CARTESIAN_POINT('',(3.180512740082,-8.15938114113));
#978 = CARTESIAN_POINT('',(3.166663783871,-8.18337844751));
#979 = CARTESIAN_POINT('',(3.153627975136,-8.205596698845));
#980 = CARTESIAN_POINT('',(3.14159265359,-8.225819089203));
#981 = ( GEOMETRIC_REPRESENTATION_CONTEXT(2) 
PARAMETRIC_REPRESENTATION_CONTEXT() REPRESENTATION_CONTEXT('2D SPACE',''
  ) );
#982 = PCURVE('',#518,#983);
#983 = DEFINITIONAL_REPRESENTATION('',(#984),#1064);
#984 = B_SPLINE_CURVE_WITH_KNOTS('',8,(#985,#986,#987,#988,#989,#990,
    #991,#992,#993,#994,#995,#996,#997,#998,#999,#1000,#1001,#1002,#1003
    ,#1004,#1005,#1006,#1007,#1008,#1009,#1010,#1011,#1012,#1013,#1014,
    #1015,#1016,#1017,#1018,#1019,#1020,#1021,#1022,#1023,#1024,#1025,
    #1026,#1027,#1028,#1029,#1030,#1031,#1032,#1033,#1034,#1035,#1036,
    #1037,#1038,#1039,#1040,#1041,#1042,#1043,#1044,#1045,#1046,#1047,
    #1048,#1049,#1050,#1051,#1052,#1053,#1054,#1055,#1056,#1057,#1058,
    #1059,#1060,#1061,#1062,#1063),.UNSPECIFIED.,.F.,.F.,(9,7,7,7,7,7,7,
    7,7,7,7,9),(0.,0.254977002209,0.364944598115,0.411220960992,
    0.463608771345,0.618301885109,0.734609515834,0.768611847641,
    0.82485845773,0.881395186658,0.941818545636,1.),.UNSPECIFIED.);
#985 = CARTESIAN_POINT('',(0.,-8.69));
#986 = CARTESIAN_POINT('',(1.097009172035E-16,-8.949518051818));
#987 = CARTESIAN_POINT('',(1.831645510525E-02,-9.20915944664));
#988 = CARTESIAN_POINT('',(5.497934578726E-02,-9.46701611067));
#989 = CARTESIAN_POINT('',(0.109630253167,-9.721376902432));
#990 = CARTESIAN_POINT('',(0.181640113488,-9.970704395406));
#991 = CARTESIAN_POINT('',(0.270140059674,-10.21363498091));
#992 = CARTESIAN_POINT('',(0.37401825583,-10.4489867649));
#993 = CARTESIAN_POINT('',(0.542791551275,-10.77356336864));
#994 = CARTESIAN_POINT('',(0.596271609242,-10.86979582931));
#995 = CARTESIAN_POINT('',(0.65227759564,-10.96438901066));
#996 = CARTESIAN_POINT('',(0.710708711284,-11.0572862705));
#997 = CARTESIAN_POINT('',(0.771462861005,-11.14844153366));
#998 = CARTESIAN_POINT('',(0.834437948049,-11.23781839772));
#999 = CARTESIAN_POINT('',(0.899533168477,-11.32538923865));
#1000 = CARTESIAN_POINT('',(0.994894416613,-11.44721740364));
#1001 = CARTESIAN_POINT('',(1.023496694985,-11.48297728237));
#1002 = CARTESIAN_POINT('',(1.052449842597,-11.51841256949));
#1003 = CARTESIAN_POINT('',(1.081746679905,-11.55352210691));
#1004 = CARTESIAN_POINT('',(1.111380145897,-11.58830496179));
#1005 = CARTESIAN_POINT('',(1.141343298095,-11.62276042647));
#1006 = CARTESIAN_POINT('',(1.171629312552,-11.6568880185));
#1007 = CARTESIAN_POINT('',(1.236875104208,-11.72895063927));
#1008 = CARTESIAN_POINT('',(1.271923830952,-11.7667933495));
#1009 = CARTESIAN_POINT('',(1.307368310902,-11.80421456456));
#1010 = CARTESIAN_POINT('',(1.343198672874,-11.84121506075));
#1011 = CARTESIAN_POINT('',(1.379405194681,-11.87779617038));
#1012 = CARTESIAN_POINT('',(1.415978632868,-11.9139591703));
#1013 = CARTESIAN_POINT('',(1.452910215204,-11.94970532619));
#1014 = CARTESIAN_POINT('',(1.600276569946,-12.0893643652));
#1015 = CARTESIAN_POINT('',(1.713401524061,-12.19006680098));
#1016 = CARTESIAN_POINT('',(1.829355935625,-12.28720007262));
#1017 = CARTESIAN_POINT('',(1.947948693574,-12.38082608564));
#1018 = CARTESIAN_POINT('',(2.069010723324,-12.47100772805));
#1019 = CARTESIAN_POINT('',(2.19239791168,-12.55780412021));
#1020 = CARTESIAN_POINT('',(2.317994031756,-12.64126586463));
#1021 = CARTESIAN_POINT('',(2.541741008169,-12.78170275951));
#1022 = CARTESIAN_POINT('',(2.638963896472,-12.84011113823));
#1023 = CARTESIAN_POINT('',(2.737346533511,-12.89662238133));
#1024 = CARTESIAN_POINT('',(2.836853190446,-12.95119841458));
#1025 = CARTESIAN_POINT('',(2.93744717581,-13.0038010295));
#1026 = CARTESIAN_POINT('',(3.039090710517,-13.05439129757));
#1027 = CARTESIAN_POINT('',(3.141744880548,-13.10292845567));
#1028 = CARTESIAN_POINT('',(3.275663118819,-13.16295125073));
#1029 = CARTESIAN_POINT('',(3.306040271839,-13.17635044887));
#1030 = CARTESIAN_POINT('',(3.336499274283,-13.18956980726));
#1031 = CARTESIAN_POINT('',(3.367039090979,-13.20260833547));
#1032 = CARTESIAN_POINT('',(3.397658673316,-13.21546504852));
#1033 = CARTESIAN_POINT('',(3.428356959239,-13.22813896682));
#1034 = CARTESIAN_POINT('',(3.459132873254,-13.24062911621));
#1035 = CARTESIAN_POINT('',(3.541021411639,-13.273290123));
#1036 = CARTESIAN_POINT('',(3.593587801923,-13.29366742005));
#1037 = CARTESIAN_POINT('',(3.647787717941,-13.3140502097));
#1038 = CARTESIAN_POINT('',(3.703774795934,-13.33443684666));
#1039 = CARTESIAN_POINT('',(3.761756495463,-13.3548364909));
#1040 = CARTESIAN_POINT('',(3.821994504859,-13.37525906558));
#1041 = CARTESIAN_POINT('',(3.884806544313,-13.39570520718));
#1042 = CARTESIAN_POINT('',(4.016680615861,-13.4367252783));
#1043 = CARTESIAN_POINT('',(4.086322369055,-13.45747071816));
#1044 = CARTESIAN_POINT('',(4.157431049011,-13.47759049254));
#1045 = CARTESIAN_POINT('',(4.228588233133,-13.49664279969));
#1046 = CARTESIAN_POINT('',(4.299044567911,-13.51447704863));
#1047 = CARTESIAN_POINT('',(4.368742427043,-13.53115510778));
#1048 = CARTESIAN_POINT('',(4.438341913179,-13.5468691005));
#1049 = CARTESIAN_POINT('',(4.585033099579,-13.57787265479));
#1050 = CARTESIAN_POINT('',(4.66110842859,-13.5928047888));
#1051 = CARTESIAN_POINT('',(4.737461367143,-13.60663940711));
#1052 = CARTESIAN_POINT('',(4.814084104425,-13.61936379414));
#1053 = CARTESIAN_POINT('',(4.8909473605,-13.63095909411));
#1054 = CARTESIAN_POINT('',(4.96805948831,-13.6414192082));
#1055 = CARTESIAN_POINT('',(5.045381754905,-13.65071571011));
#1056 = CARTESIAN_POINT('',(5.19753781694,-13.66665269356));
#1057 = CARTESIAN_POINT('',(5.275358027871,-13.67369285555));
#1058 = CARTESIAN_POINT('',(5.354390892305,-13.6795792104));
#1059 = CARTESIAN_POINT('',(5.432919730328,-13.68411499228));
#1060 = CARTESIAN_POINT('',(5.509450847887,-13.68727593091));
#1061 = CARTESIAN_POINT('',(5.582689594084,-13.68917232936));
#1062 = CARTESIAN_POINT('',(5.65151763477,-13.69));
#1063 = CARTESIAN_POINT('',(5.714968690426,-13.69));
#1064 = ( GEOMETRIC_REPRESENTATION_CONTEXT(2) 
PARAMETRIC_REPRESENTATION_CONTEXT() REPRESENTATION_CONTEXT('2D SPACE',''
  ) );
#1065 = ORIENTED_EDGE('',*,*,#1066,.F.);
#1066 = EDGE_CURVE('',#791,#816,#1067,.T.);
#1067 = SURFACE_CURVE('',#1068,(#1072,#1079),.PCURVE_S1.);
#1068 = LINE('',#1069,#1070);
#1069 = CARTESIAN_POINT('',(-8.69,-0.,-24.75));
#1070 = VECTOR('',#1071,1.);
#1071 = DIRECTION('',(-0.,1.,-0.));
#1072 = PCURVE('',#72,#1073);
#1073 = DEFINITIONAL_REPRESENTATION('',(#1074),#1078);
#1074 = LINE('',#1075,#1076);
#1075 = CARTESIAN_POINT('',(4.712388980385,0.));
#1076 = VECTOR('',#1077,1.);
#1077 = DIRECTION('',(0.,-1.));
#1078 = ( GEOMETRIC_REPRESENTATION_CONTEXT(2) 
PARAMETRIC_REPRESENTATION_CONTEXT() REPRESENTATION_CONTEXT('2D SPACE',''
  ) );
#1079 = PCURVE('',#1080,#1085);
#1080 = PLANE('',#1081);
#1081 = AXIS2_PLACEMENT_3D('',#1082,#1083,#1084);
#1082 = CARTESIAN_POINT('',(-8.69,0.,-24.75));
#1083 = DIRECTION('',(0.,0.,-1.));
#1084 = DIRECTION('',(1.,0.,0.));
#1085 = DEFINITIONAL_REPRESENTATION('',(#1086),#1090);
#1086 = LINE('',#1087,#1088);
#1087 = CARTESIAN_POINT('',(0.,0.));
#1088 = VECTOR('',#1089,1.);
#1089 = DIRECTION('',(0.,-1.));
#1090 = ( GEOMETRIC_REPRESENTATION_CONTEXT(2) 
PARAMETRIC_REPRESENTATION_CONTEXT() REPRESENTATION_CONTEXT('2D SPACE',''
  ) );
#1091 = ADVANCED_FACE('',(#1092),#1080,.T.);
#1092 = FACE_BOUND('',#1093,.T.);
#1093 = EDGE_LOOP('',(#1094,#1117,#1118,#1141,#1191,#1219,#1242,#1268,
    #1294));
#1094 = ORIENTED_EDGE('',*,*,#1095,.F.);
#1095 = EDGE_CURVE('',#791,#1096,#1098,.T.);
#1096 = VERTEX_POINT('',#1097);
#1097 = CARTESIAN_POINT('',(-7.875,0.,-24.75));
#1098 = SURFACE_CURVE('',#1099,(#1103,#1110),.PCURVE_S1.);
#1099 = LINE('',#1100,#1101);
#1100 = CARTESIAN_POINT('',(0.,0.,-24.75));
#1101 = VECTOR('',#1102,1.);
#1102 = DIRECTION('',(1.,0.,0.));
#1103 = PCURVE('',#1080,#1104);
#1104 = DEFINITIONAL_REPRESENTATION('',(#1105),#1109);
#1105 = LINE('',#1106,#1107);
#1106 = CARTESIAN_POINT('',(8.69,0.));
#1107 = VECTOR('',#1108,1.);
#1108 = DIRECTION('',(1.,0.));
#1109 = ( GEOMETRIC_REPRESENTATION_CONTEXT(2) 
PARAMETRIC_REPRESENTATION_CONTEXT() REPRESENTATION_CONTEXT('2D SPACE',''
  ) );
#1110 = PCURVE('',#44,#1111);
#1111 = DEFINITIONAL_REPRESENTATION('',(#1112),#1116);
#1112 = LINE('',#1113,#1114);
#1113 = CARTESIAN_POINT('',(0.,-24.75));
#1114 = VECTOR('',#1115,1.);
#1115 = DIRECTION('',(1.,0.));
#1116 = ( GEOMETRIC_REPRESENTATION_CONTEXT(2) 
PARAMETRIC_REPRESENTATION_CONTEXT() REPRESENTATION_CONTEXT('2D SPACE',''
  ) );
#1117 = ORIENTED_EDGE('',*,*,#1066,.T.);
#1118 = ORIENTED_EDGE('',*,*,#1119,.F.);
#1119 = EDGE_CURVE('',#1120,#816,#1122,.T.);
#1120 = VERTEX_POINT('',#1121);
#1121 = CARTESIAN_POINT('',(0.,5.5,-24.75));
#1122 = SURFACE_CURVE('',#1123,(#1127,#1134),.PCURVE_S1.);
#1123 = LINE('',#1124,#1125);
#1124 = CARTESIAN_POINT('',(0.,5.5,-24.75));
#1125 = VECTOR('',#1126,1.);
#1126 = DIRECTION('',(-1.,-0.,-0.));
#1127 = PCURVE('',#1080,#1128);
#1128 = DEFINITIONAL_REPRESENTATION('',(#1129),#1133);
#1129 = LINE('',#1130,#1131);
#1130 = CARTESIAN_POINT('',(8.69,-5.5));
#1131 = VECTOR('',#1132,1.);
#1132 = DIRECTION('',(-1.,0.));
#1133 = ( GEOMETRIC_REPRESENTATION_CONTEXT(2) 
PARAMETRIC_REPRESENTATION_CONTEXT() REPRESENTATION_CONTEXT('2D SPACE',''
  ) );
#1134 = PCURVE('',#518,#1135);
#1135 = DEFINITIONAL_REPRESENTATION('',(#1136),#1140);
#1136 = LINE('',#1137,#1138);
#1137 = CARTESIAN_POINT('',(0.,0.));
#1138 = VECTOR('',#1139,1.);
#1139 = DIRECTION('',(0.,-1.));
#1140 = ( GEOMETRIC_REPRESENTATION_CONTEXT(2) 
PARAMETRIC_REPRESENTATION_CONTEXT() REPRESENTATION_CONTEXT('2D SPACE',''
  ) );
#1141 = ORIENTED_EDGE('',*,*,#1142,.T.);
#1142 = EDGE_CURVE('',#1120,#1143,#1145,.T.);
#1143 = VERTEX_POINT('',#1144);
#1144 = CARTESIAN_POINT('',(8.69,5.5,-24.75));
#1145 = SURFACE_CURVE('',#1146,(#1150,#1157),.PCURVE_S1.);
#1146 = LINE('',#1147,#1148);
#1147 = CARTESIAN_POINT('',(0.,5.5,-24.75));
#1148 = VECTOR('',#1149,1.);
#1149 = DIRECTION('',(1.,0.,0.));
#1150 = PCURVE('',#1080,#1151);
#1151 = DEFINITIONAL_REPRESENTATION('',(#1152),#1156);
#1152 = LINE('',#1153,#1154);
#1153 = CARTESIAN_POINT('',(8.69,-5.5));
#1154 = VECTOR('',#1155,1.);
#1155 = DIRECTION('',(1.,0.));
#1156 = ( GEOMETRIC_REPRESENTATION_CONTEXT(2) 
PARAMETRIC_REPRESENTATION_CONTEXT() REPRESENTATION_CONTEXT('2D SPACE',''
  ) );
#1157 = PCURVE('',#1158,#1185);
#1158 = SURFACE_OF_LINEAR_EXTRUSION('',#1159,#1183);
#1159 = B_SPLINE_CURVE_WITH_KNOTS('',3,(#1160,#1161,#1162,#1163,#1164,
    #1165,#1166,#1167,#1168,#1169,#1170,#1171,#1172,#1173,#1174,#1175,
    #1176,#1177,#1178,#1179,#1180,#1181,#1182),.UNSPECIFIED.,.F.,.F.,(4,
    1,1,1,1,1,1,1,1,1,1,1,1,1,1,1,1,1,1,1,4),(0.,1.261942946412,
    2.4546289906,3.595900211651,4.915938089896,6.291619739116,
    8.353172551924,10.381866713202,12.286308888748,13.786608858754,
    25.586608858754,37.386608858754,38.88690882876,40.791351004306,
    42.820045165584,44.881597978392,46.257279627612,47.577317505857,
    48.718588726908,49.911274771096,51.173217717508),.UNSPECIFIED.);
#1160 = CARTESIAN_POINT('',(0.,5.5,-24.75));
#1161 = CARTESIAN_POINT('',(0.,5.727075454721,-24.39646209215));
#1162 = CARTESIAN_POINT('',(0.,6.188241571964,-23.71989489919));
#1163 = CARTESIAN_POINT('',(0.,6.856878788013,-22.72429456667));
#1164 = CARTESIAN_POINT('',(0.,7.437761725128,-21.65230126456));
#1165 = CARTESIAN_POINT('',(0.,7.979993893825,-20.49220209996));
#1166 = CARTESIAN_POINT('',(0.,8.489403898531,-18.98743240916));
#1167 = CARTESIAN_POINT('',(0.,8.916248834646,-17.21502725592));
#1168 = CARTESIAN_POINT('',(0.,9.275836265795,-15.24593821818));
#1169 = CARTESIAN_POINT('',(0.,9.376974883393,-13.43459394002));
#1170 = CARTESIAN_POINT('',(0.,9.453067077605,-8.367715871157));
#1171 = CARTESIAN_POINT('',(0.,9.352918993018,-8.485690544737E-16));
#1172 = CARTESIAN_POINT('',(0.,9.453067077605,8.367715871157));
#1173 = CARTESIAN_POINT('',(0.,9.376974883393,13.434593940021));
#1174 = CARTESIAN_POINT('',(0.,9.275836265795,15.245938218181));
#1175 = CARTESIAN_POINT('',(0.,8.916248834646,17.215027255925));
#1176 = CARTESIAN_POINT('',(0.,8.489403898531,18.987432409166));
#1177 = CARTESIAN_POINT('',(0.,7.979993893825,20.492202099968));
#1178 = CARTESIAN_POINT('',(0.,7.437761725128,21.652301264567));
#1179 = CARTESIAN_POINT('',(0.,6.856878788013,22.724294566671));
#1180 = CARTESIAN_POINT('',(0.,6.188241571964,23.719894899191));
#1181 = CARTESIAN_POINT('',(-0.,5.727075454721,24.396462092156));
#1182 = CARTESIAN_POINT('',(0.,5.5,24.75));
#1183 = VECTOR('',#1184,1.);
#1184 = DIRECTION('',(-1.,-0.,-0.));
#1185 = DEFINITIONAL_REPRESENTATION('',(#1186),#1190);
#1186 = LINE('',#1187,#1188);
#1187 = CARTESIAN_POINT('',(0.,0.));
#1188 = VECTOR('',#1189,1.);
#1189 = DIRECTION('',(0.,-1.));
#1190 = ( GEOMETRIC_REPRESENTATION_CONTEXT(2) 
PARAMETRIC_REPRESENTATION_CONTEXT() REPRESENTATION_CONTEXT('2D SPACE',''
  ) );
#1191 = ORIENTED_EDGE('',*,*,#1192,.F.);
#1192 = EDGE_CURVE('',#1193,#1143,#1195,.T.);
#1193 = VERTEX_POINT('',#1194);
#1194 = CARTESIAN_POINT('',(8.69,0.,-24.75));
#1195 = SURFACE_CURVE('',#1196,(#1200,#1207),.PCURVE_S1.);
#1196 = LINE('',#1197,#1198);
#1197 = CARTESIAN_POINT('',(8.69,0.,-24.75));
#1198 = VECTOR('',#1199,1.);
#1199 = DIRECTION('',(-0.,1.,-0.));
#1200 = PCURVE('',#1080,#1201);
#1201 = DEFINITIONAL_REPRESENTATION('',(#1202),#1206);
#1202 = LINE('',#1203,#1204);
#1203 = CARTESIAN_POINT('',(17.38,0.));
#1204 = VECTOR('',#1205,1.);
#1205 = DIRECTION('',(0.,-1.));
#1206 = ( GEOMETRIC_REPRESENTATION_CONTEXT(2) 
PARAMETRIC_REPRESENTATION_CONTEXT() REPRESENTATION_CONTEXT('2D SPACE',''
  ) );
#1207 = PCURVE('',#1208,#1213);
#1208 = CYLINDRICAL_SURFACE('',#1209,5.);
#1209 = AXIS2_PLACEMENT_3D('',#1210,#1211,#1212);
#1210 = CARTESIAN_POINT('',(8.69,0.,-19.75));
#1211 = DIRECTION('',(0.,-1.,0.));
#1212 = DIRECTION('',(1.,0.,0.));
#1213 = DEFINITIONAL_REPRESENTATION('',(#1214),#1218);
#1214 = LINE('',#1215,#1216);
#1215 = CARTESIAN_POINT('',(4.712388980385,0.));
#1216 = VECTOR('',#1217,1.);
#1217 = DIRECTION('',(0.,-1.));
#1218 = ( GEOMETRIC_REPRESENTATION_CONTEXT(2) 
PARAMETRIC_REPRESENTATION_CONTEXT() REPRESENTATION_CONTEXT('2D SPACE',''
  ) );
#1219 = ORIENTED_EDGE('',*,*,#1220,.F.);
#1220 = EDGE_CURVE('',#1221,#1193,#1223,.T.);
#1221 = VERTEX_POINT('',#1222);
#1222 = CARTESIAN_POINT('',(7.875,0.,-24.75));
#1223 = SURFACE_CURVE('',#1224,(#1228,#1235),.PCURVE_S1.);
#1224 = LINE('',#1225,#1226);
#1225 = CARTESIAN_POINT('',(0.,0.,-24.75));
#1226 = VECTOR('',#1227,1.);
#1227 = DIRECTION('',(1.,0.,0.));
#1228 = PCURVE('',#1080,#1229);
#1229 = DEFINITIONAL_REPRESENTATION('',(#1230),#1234);
#1230 = LINE('',#1231,#1232);
#1231 = CARTESIAN_POINT('',(8.69,0.));
#1232 = VECTOR('',#1233,1.);
#1233 = DIRECTION('',(1.,0.));
#1234 = ( GEOMETRIC_REPRESENTATION_CONTEXT(2) 
PARAMETRIC_REPRESENTATION_CONTEXT() REPRESENTATION_CONTEXT('2D SPACE',''
  ) );
#1235 = PCURVE('',#44,#1236);
#1236 = DEFINITIONAL_REPRESENTATION('',(#1237),#1241);
#1237 = LINE('',#1238,#1239);
#1238 = CARTESIAN_POINT('',(0.,-24.75));
#1239 = VECTOR('',#1240,1.);
#1240 = DIRECTION('',(1.,0.));
#1241 = ( GEOMETRIC_REPRESENTATION_CONTEXT(2) 
PARAMETRIC_REPRESENTATION_CONTEXT() REPRESENTATION_CONTEXT('2D SPACE',''
  ) );
#1242 = ORIENTED_EDGE('',*,*,#1243,.T.);
#1243 = EDGE_CURVE('',#1221,#1244,#1246,.T.);
#1244 = VERTEX_POINT('',#1245);
#1245 = CARTESIAN_POINT('',(7.875,3.5,-24.75));
#1246 = SURFACE_CURVE('',#1247,(#1251,#1257),.PCURVE_S1.);
#1247 = LINE('',#1248,#1249);
#1248 = CARTESIAN_POINT('',(7.875,0.,-24.75));
#1249 = VECTOR('',#1250,1.);
#1250 = DIRECTION('',(0.,1.,0.));
#1251 = PCURVE('',#1080,#1252);
#1252 = DEFINITIONAL_REPRESENTATION('',(#1253),#1256);
#1253 = B_SPLINE_CURVE_WITH_KNOTS('',1,(#1254,#1255),.UNSPECIFIED.,.F.,
  .F.,(2,2),(0.,3.5),.PIECEWISE_BEZIER_KNOTS.);
#1254 = CARTESIAN_POINT('',(16.565,0.));
#1255 = CARTESIAN_POINT('',(16.565,-3.5));
#1256 = ( GEOMETRIC_REPRESENTATION_CONTEXT(2) 
PARAMETRIC_REPRESENTATION_CONTEXT() REPRESENTATION_CONTEXT('2D SPACE',''
  ) );
#1257 = PCURVE('',#1258,#1263);
#1258 = PLANE('',#1259);
#1259 = AXIS2_PLACEMENT_3D('',#1260,#1261,#1262);
#1260 = CARTESIAN_POINT('',(8.5,0.,-24.25));
#1261 = DIRECTION('',(0.624695047554,-0.,-0.780868809443));
#1262 = DIRECTION('',(0.780868809443,0.,0.624695047554));
#1263 = DEFINITIONAL_REPRESENTATION('',(#1264),#1267);
#1264 = B_SPLINE_CURVE_WITH_KNOTS('',1,(#1265,#1266),.UNSPECIFIED.,.F.,
  .F.,(2,2),(0.,3.5),.PIECEWISE_BEZIER_KNOTS.);
#1265 = CARTESIAN_POINT('',(-0.800390529679,0.));
#1266 = CARTESIAN_POINT('',(-0.800390529679,-3.5));
#1267 = ( GEOMETRIC_REPRESENTATION_CONTEXT(2) 
PARAMETRIC_REPRESENTATION_CONTEXT() REPRESENTATION_CONTEXT('2D SPACE',''
  ) );
#1268 = ORIENTED_EDGE('',*,*,#1269,.F.);
#1269 = EDGE_CURVE('',#1270,#1244,#1272,.T.);
#1270 = VERTEX_POINT('',#1271);
#1271 = CARTESIAN_POINT('',(-7.875,3.5,-24.75));
#1272 = SURFACE_CURVE('',#1273,(#1277,#1283),.PCURVE_S1.);
#1273 = LINE('',#1274,#1275);
#1274 = CARTESIAN_POINT('',(-4.345,3.5,-24.75));
#1275 = VECTOR('',#1276,1.);
#1276 = DIRECTION('',(1.,0.,0.));
#1277 = PCURVE('',#1080,#1278);
#1278 = DEFINITIONAL_REPRESENTATION('',(#1279),#1282);
#1279 = B_SPLINE_CURVE_WITH_KNOTS('',1,(#1280,#1281),.UNSPECIFIED.,.F.,
  .F.,(2,2),(-4.155,12.845),.PIECEWISE_BEZIER_KNOTS.);
#1280 = CARTESIAN_POINT('',(0.19,-3.5));
#1281 = CARTESIAN_POINT('',(17.19,-3.5));
#1282 = ( GEOMETRIC_REPRESENTATION_CONTEXT(2) 
PARAMETRIC_REPRESENTATION_CONTEXT() REPRESENTATION_CONTEXT('2D SPACE',''
  ) );
#1283 = PCURVE('',#1284,#1289);
#1284 = PLANE('',#1285);
#1285 = AXIS2_PLACEMENT_3D('',#1286,#1287,#1288);
#1286 = CARTESIAN_POINT('',(-3.038755850088E-16,3.5,-27.45));
#1287 = DIRECTION('',(-0.,-1.,0.));
#1288 = DIRECTION('',(0.,0.,-1.));
#1289 = DEFINITIONAL_REPRESENTATION('',(#1290),#1293);
#1290 = B_SPLINE_CURVE_WITH_KNOTS('',1,(#1291,#1292),.UNSPECIFIED.,.F.,
  .F.,(2,2),(-4.155,12.845),.PIECEWISE_BEZIER_KNOTS.);
#1291 = CARTESIAN_POINT('',(-2.7,-8.5));
#1292 = CARTESIAN_POINT('',(-2.7,8.5));
#1293 = ( GEOMETRIC_REPRESENTATION_CONTEXT(2) 
PARAMETRIC_REPRESENTATION_CONTEXT() REPRESENTATION_CONTEXT('2D SPACE',''
  ) );
#1294 = ORIENTED_EDGE('',*,*,#1295,.T.);
#1295 = EDGE_CURVE('',#1270,#1096,#1296,.T.);
#1296 = SURFACE_CURVE('',#1297,(#1301,#1307),.PCURVE_S1.);
#1297 = LINE('',#1298,#1299);
#1298 = CARTESIAN_POINT('',(-7.875,0.,-24.75));
#1299 = VECTOR('',#1300,1.);
#1300 = DIRECTION('',(0.,-1.,0.));
#1301 = PCURVE('',#1080,#1302);
#1302 = DEFINITIONAL_REPRESENTATION('',(#1303),#1306);
#1303 = B_SPLINE_CURVE_WITH_KNOTS('',1,(#1304,#1305),.UNSPECIFIED.,.F.,
  .F.,(2,2),(-3.5,0.),.PIECEWISE_BEZIER_KNOTS.);
#1304 = CARTESIAN_POINT('',(0.815,-3.5));
#1305 = CARTESIAN_POINT('',(0.815,0.));
#1306 = ( GEOMETRIC_REPRESENTATION_CONTEXT(2) 
PARAMETRIC_REPRESENTATION_CONTEXT() REPRESENTATION_CONTEXT('2D SPACE',''
  ) );
#1307 = PCURVE('',#1308,#1313);
#1308 = PLANE('',#1309);
#1309 = AXIS2_PLACEMENT_3D('',#1310,#1311,#1312);
#1310 = CARTESIAN_POINT('',(-4.5,0.,-27.45));
#1311 = DIRECTION('',(-0.624695047554,-0.,-0.780868809443));
#1312 = DIRECTION('',(0.780868809443,-0.,-0.624695047554));
#1313 = DEFINITIONAL_REPRESENTATION('',(#1314),#1317);
#1314 = B_SPLINE_CURVE_WITH_KNOTS('',1,(#1315,#1316),.UNSPECIFIED.,.F.,
  .F.,(2,2),(-3.5,0.),.PIECEWISE_BEZIER_KNOTS.);
#1315 = CARTESIAN_POINT('',(-4.322108860267,-3.5));
#1316 = CARTESIAN_POINT('',(-4.322108860267,0.));
#1317 = ( GEOMETRIC_REPRESENTATION_CONTEXT(2) 
PARAMETRIC_REPRESENTATION_CONTEXT() REPRESENTATION_CONTEXT('2D SPACE',''
  ) );
#1318 = ADVANCED_FACE('',(#1319),#1158,.F.);
#1319 = FACE_BOUND('',#1320,.F.);
#1320 = EDGE_LOOP('',(#1321,#1363,#1364,#1615,#2270,#2475,#2503,#2545,
    #2579,#2676,#3373,#3470));
#1321 = ORIENTED_EDGE('',*,*,#1322,.F.);
#1322 = EDGE_CURVE('',#1120,#1323,#1325,.T.);
#1323 = VERTEX_POINT('',#1324);
#1324 = CARTESIAN_POINT('',(0.,7.596918011038,-21.3));
#1325 = SURFACE_CURVE('',#1326,(#1350,#1357),.PCURVE_S1.);
#1326 = B_SPLINE_CURVE_WITH_KNOTS('',3,(#1327,#1328,#1329,#1330,#1331,
    #1332,#1333,#1334,#1335,#1336,#1337,#1338,#1339,#1340,#1341,#1342,
    #1343,#1344,#1345,#1346,#1347,#1348,#1349),.UNSPECIFIED.,.F.,.F.,(4,
    1,1,1,1,1,1,1,1,1,1,1,1,1,1,1,1,1,1,1,4),(0.,1.261942946412,
    2.4546289906,3.595900211651,4.915938089896,6.291619739116,
    8.353172551924,10.381866713202,12.286308888748,13.786608858754,
    25.586608858754,37.386608858754,38.88690882876,40.791351004306,
    42.820045165584,44.881597978392,46.257279627612,47.577317505857,
    48.718588726908,49.911274771096,51.173217717508),.UNSPECIFIED.);
#1327 = CARTESIAN_POINT('',(0.,5.5,-24.75));
#1328 = CARTESIAN_POINT('',(0.,5.727075454721,-24.39646209215));
#1329 = CARTESIAN_POINT('',(0.,6.188241571964,-23.71989489919));
#1330 = CARTESIAN_POINT('',(0.,6.856878788013,-22.72429456667));
#1331 = CARTESIAN_POINT('',(0.,7.437761725128,-21.65230126456));
#1332 = CARTESIAN_POINT('',(0.,7.979993893825,-20.49220209996));
#1333 = CARTESIAN_POINT('',(0.,8.489403898531,-18.98743240916));
#1334 = CARTESIAN_POINT('',(0.,8.916248834646,-17.21502725592));
#1335 = CARTESIAN_POINT('',(0.,9.275836265795,-15.24593821818));
#1336 = CARTESIAN_POINT('',(0.,9.376974883393,-13.43459394002));
#1337 = CARTESIAN_POINT('',(0.,9.453067077605,-8.367715871157));
#1338 = CARTESIAN_POINT('',(0.,9.352918993018,-8.485690544737E-16));
#1339 = CARTESIAN_POINT('',(0.,9.453067077605,8.367715871157));
#1340 = CARTESIAN_POINT('',(0.,9.376974883393,13.434593940021));
#1341 = CARTESIAN_POINT('',(0.,9.275836265795,15.245938218181));
#1342 = CARTESIAN_POINT('',(0.,8.916248834646,17.215027255925));
#1343 = CARTESIAN_POINT('',(0.,8.489403898531,18.987432409166));
#1344 = CARTESIAN_POINT('',(0.,7.979993893825,20.492202099968));
#1345 = CARTESIAN_POINT('',(0.,7.437761725128,21.652301264567));
#1346 = CARTESIAN_POINT('',(0.,6.856878788013,22.724294566671));
#1347 = CARTESIAN_POINT('',(0.,6.188241571964,23.719894899191));
#1348 = CARTESIAN_POINT('',(-0.,5.727075454721,24.396462092156));
#1349 = CARTESIAN_POINT('',(0.,5.5,24.75));
#1350 = PCURVE('',#1158,#1351);
#1351 = DEFINITIONAL_REPRESENTATION('',(#1352),#1356);
#1352 = LINE('',#1353,#1354);
#1353 = CARTESIAN_POINT('',(0.,0.));
#1354 = VECTOR('',#1355,1.);
#1355 = DIRECTION('',(1.,0.));
#1356 = ( GEOMETRIC_REPRESENTATION_CONTEXT(2) 
PARAMETRIC_REPRESENTATION_CONTEXT() REPRESENTATION_CONTEXT('2D SPACE',''
  ) );
#1357 = PCURVE('',#518,#1358);
#1358 = DEFINITIONAL_REPRESENTATION('',(#1359),#1362);
#1359 = B_SPLINE_CURVE_WITH_KNOTS('',1,(#1360,#1361),.UNSPECIFIED.,.F.,
  .F.,(2,2),(0.,51.173217717508),.PIECEWISE_BEZIER_KNOTS.);
#1360 = CARTESIAN_POINT('',(0.,0.));
#1361 = CARTESIAN_POINT('',(51.173217717508,0.));
#1362 = ( GEOMETRIC_REPRESENTATION_CONTEXT(2) 
PARAMETRIC_REPRESENTATION_CONTEXT() REPRESENTATION_CONTEXT('2D SPACE',''
  ) );
#1363 = ORIENTED_EDGE('',*,*,#1142,.T.);
#1364 = ORIENTED_EDGE('',*,*,#1365,.T.);
#1365 = EDGE_CURVE('',#1143,#1366,#1368,.T.);
#1366 = VERTEX_POINT('',#1367);
#1367 = CARTESIAN_POINT('',(13.69,8.225819089203,-19.75));
#1368 = SURFACE_CURVE('',#1369,(#1449,#1532),.PCURVE_S1.);
#1369 = B_SPLINE_CURVE_WITH_KNOTS('',8,(#1370,#1371,#1372,#1373,#1374,
    #1375,#1376,#1377,#1378,#1379,#1380,#1381,#1382,#1383,#1384,#1385,
    #1386,#1387,#1388,#1389,#1390,#1391,#1392,#1393,#1394,#1395,#1396,
    #1397,#1398,#1399,#1400,#1401,#1402,#1403,#1404,#1405,#1406,#1407,
    #1408,#1409,#1410,#1411,#1412,#1413,#1414,#1415,#1416,#1417,#1418,
    #1419,#1420,#1421,#1422,#1423,#1424,#1425,#1426,#1427,#1428,#1429,
    #1430,#1431,#1432,#1433,#1434,#1435,#1436,#1437,#1438,#1439,#1440,
    #1441,#1442,#1443,#1444,#1445,#1446,#1447,#1448),.UNSPECIFIED.,.F.,
  .F.,(9,7,7,7,7,7,7,7,7,7,7,9),(0.,0.254977002209,0.364944598115,
    0.411220960991,0.463608771344,0.618301885109,0.734609515834,
    0.76861184764,0.824858457729,0.881395186657,0.941818545635,1.),
  .UNSPECIFIED.);
#1370 = CARTESIAN_POINT('',(8.69,5.5,-24.75));
#1371 = CARTESIAN_POINT('',(8.949518051818,5.5,-24.75));
#1372 = CARTESIAN_POINT('',(9.209159446642,5.509887607552,
    -24.73460570985));
#1373 = CARTESIAN_POINT('',(9.467016110667,5.529679287801,
    -24.70379209526));
#1374 = CARTESIAN_POINT('',(9.721376902432,5.559251621023,
    -24.65790033483));
#1375 = CARTESIAN_POINT('',(9.970704395408,5.598408834058,
    -24.59754114929));
#1376 = CARTESIAN_POINT('',(10.213634980914,5.646848407254,
    -24.52353949205));
#1377 = CARTESIAN_POINT('',(10.448986764905,5.704092878859,
    -24.43689896865));
#1378 = CARTESIAN_POINT('',(10.77356336864,5.797646047886,
    -24.29644042684));
#1379 = CARTESIAN_POINT('',(10.869795829313,5.827353281731,
    -24.2519678875));
#1380 = CARTESIAN_POINT('',(10.964389010667,5.858527924998,
    -24.20543101813));
#1381 = CARTESIAN_POINT('',(11.057286270506,5.891115785236,
    -24.15691451511));
#1382 = CARTESIAN_POINT('',(11.148441533669,5.925058635403,
    -24.10650223619));
#1383 = CARTESIAN_POINT('',(11.237818397723,5.960294626403,
    -24.05427594885));
#1384 = CARTESIAN_POINT('',(11.325389238652,5.996758699621,
    -24.00031407856));
#1385 = CARTESIAN_POINT('',(11.447217403643,6.050215988598,
    -23.92128302636));
#1386 = CARTESIAN_POINT('',(11.482977282378,6.066254508953,
    -23.8975812323));
#1387 = CARTESIAN_POINT('',(11.51841256949,6.0824935254,-23.87359056502)
  );
#1388 = CARTESIAN_POINT('',(11.553522106914,6.098927942703,
    -23.84931634337));
#1389 = CARTESIAN_POINT('',(11.588304961791,6.11555260551,
    -23.82476371496));
#1390 = CARTESIAN_POINT('',(11.62276042647,6.132362298351,
    -23.79993765621));
#1391 = CARTESIAN_POINT('',(11.656888018506,6.14935174564,-23.7748429723
    ));
#1392 = CARTESIAN_POINT('',(11.728950639279,6.185946208693,
    -23.72077665076));
#1393 = CARTESIAN_POINT('',(11.766793349507,6.205600071167,
    -23.69173059121));
#1394 = CARTESIAN_POINT('',(11.804214564563,6.225470848427,
    -23.66235331064));
#1395 = CARTESIAN_POINT('',(11.841215060754,6.245548996563,
    -23.63265052912));
#1396 = CARTESIAN_POINT('',(11.877796170381,6.265824298165,
    -23.60262736006));
#1397 = CARTESIAN_POINT('',(11.913959170308,6.286287062211,
    -23.57228870762));
#1398 = CARTESIAN_POINT('',(11.949705326193,6.306928004116,
    -23.54163919613));
#1399 = CARTESIAN_POINT('',(12.089364365207,6.389181984212,
    -23.41927267678));
#1400 = CARTESIAN_POINT('',(12.190066800989,6.452087310917,
    -23.32519236493));
#1401 = CARTESIAN_POINT('',(12.287200072624,6.516201879732,
    -23.22853461409));
#1402 = CARTESIAN_POINT('',(12.380826085644,6.58126239377,
    -23.12936243309));
#1403 = CARTESIAN_POINT('',(12.471007728059,6.646995457389,
    -23.02770689145));
#1404 = CARTESIAN_POINT('',(12.557804120213,6.713119868009,
    -22.92356508946));
#1405 = CARTESIAN_POINT('',(12.641265864638,6.779348907927,
    -22.81689812808));
#1406 = CARTESIAN_POINT('',(12.781702759513,6.895048301887,
    -22.62547400507));
#1407 = CARTESIAN_POINT('',(12.840111138236,6.944590434481,
    -22.54184801467));
#1408 = CARTESIAN_POINT('',(12.896622381335,6.99399676753,
    -22.45678456139));
#1409 = CARTESIAN_POINT('',(12.951198414584,7.04325507896,
    -22.37032399987));
#1410 = CARTESIAN_POINT('',(13.0038010295,7.09235329968,-22.28250827121)
  );
#1411 = CARTESIAN_POINT('',(13.054391297579,7.141282349859,
    -22.19338290782));
#1412 = CARTESIAN_POINT('',(13.102928455678,7.19004013838,
    -22.10299970475));
#1413 = CARTESIAN_POINT('',(13.16295125073,7.252828907175,
    -21.98463831021));
#1414 = CARTESIAN_POINT('',(13.176350448873,7.267017894977,
    -21.95776041194));
#1415 = CARTESIAN_POINT('',(13.189569807262,7.281192108696,
    -21.93078109332));
#1416 = CARTESIAN_POINT('',(13.202608335478,7.295351556616,
    -21.90370177159));
#1417 = CARTESIAN_POINT('',(13.215465048524,7.309496271044,
    -21.87652389756));
#1418 = CARTESIAN_POINT('',(13.228138966822,7.323626308311,
    -21.8492489556));
#1419 = CARTESIAN_POINT('',(13.240629116214,7.337741748776,
    -21.82187846363));
#1420 = CARTESIAN_POINT('',(13.273290123006,7.375168465509,
    -21.74898225104));
#1421 = CARTESIAN_POINT('',(13.293667420057,7.399056669736,
    -21.70211666301));
#1422 = CARTESIAN_POINT('',(13.314050209709,7.423551303238,
    -21.65372484586));
#1423 = CARTESIAN_POINT('',(13.334436846661,7.448710372156,
    -21.60366516462));
#1424 = CARTESIAN_POINT('',(13.354836490905,7.47459587866,
    -21.55173778195));
#1425 = CARTESIAN_POINT('',(13.375259065586,7.501289711944,
    -21.49769259524));
#1426 = CARTESIAN_POINT('',(13.395705207183,7.528902864118,
    -21.44123232337));
#1427 = CARTESIAN_POINT('',(13.436725278306,7.586335650471,
    -21.32244015122));
#1428 = CARTESIAN_POINT('',(13.457470718166,7.616406249193,
    -21.25958538663));
#1429 = CARTESIAN_POINT('',(13.477590492544,7.646795806906,
    -21.19526138228));
#1430 = CARTESIAN_POINT('',(13.496642799695,7.676865893289,
    -21.13073933771));
#1431 = CARTESIAN_POINT('',(13.51447704863,7.706296840201,
    -21.06670005287));
#1432 = CARTESIAN_POINT('',(13.53115510778,7.735075228528,
    -21.00320272741));
#1433 = CARTESIAN_POINT('',(13.546869100507,7.763473047166,
    -20.93964750739));
#1434 = CARTESIAN_POINT('',(13.577872654796,7.822526366332,
    -20.80535340554));
#1435 = CARTESIAN_POINT('',(13.592804788805,7.852718503911,
    -20.73552180439));
#1436 = CARTESIAN_POINT('',(13.606639407114,7.882571202798,
    -20.66524552532));
#1437 = CARTESIAN_POINT('',(13.619363794141,7.912032605563,
    -20.59451301326));
#1438 = CARTESIAN_POINT('',(13.63095909412,7.941147606518,
    -20.52337934483));
#1439 = CARTESIAN_POINT('',(13.641419208206,7.969748793654,
    -20.45176396723));
#1440 = CARTESIAN_POINT('',(13.650715710112,7.997954532936,-20.379765139
    ));
#1441 = CARTESIAN_POINT('',(13.666652693565,8.052469570119,
    -20.23769470905));
#1442 = CARTESIAN_POINT('',(13.673692855553,8.079890662273,
    -20.16485140451));
#1443 = CARTESIAN_POINT('',(13.679579210401,8.10722846175,
    -20.09067517629));
#1444 = CARTESIAN_POINT('',(13.684114992281,8.133879806691,
    -20.01677813687));
#1445 = CARTESIAN_POINT('',(13.687275930914,8.159381141131,
    -19.94458705023));
#1446 = CARTESIAN_POINT('',(13.689172329367,8.18337844751,
    -19.87535568276));
#1447 = CARTESIAN_POINT('',(13.69,8.205596698845,-19.81017660773));
#1448 = CARTESIAN_POINT('',(13.69,8.225819089203,-19.75));
#1449 = PCURVE('',#1158,#1450);
#1450 = DEFINITIONAL_REPRESENTATION('',(#1451),#1531);
#1451 = B_SPLINE_CURVE_WITH_KNOTS('',8,(#1452,#1453,#1454,#1455,#1456,
    #1457,#1458,#1459,#1460,#1461,#1462,#1463,#1464,#1465,#1466,#1467,
    #1468,#1469,#1470,#1471,#1472,#1473,#1474,#1475,#1476,#1477,#1478,
    #1479,#1480,#1481,#1482,#1483,#1484,#1485,#1486,#1487,#1488,#1489,
    #1490,#1491,#1492,#1493,#1494,#1495,#1496,#1497,#1498,#1499,#1500,
    #1501,#1502,#1503,#1504,#1505,#1506,#1507,#1508,#1509,#1510,#1511,
    #1512,#1513,#1514,#1515,#1516,#1517,#1518,#1519,#1520,#1521,#1522,
    #1523,#1524,#1525,#1526,#1527,#1528,#1529,#1530),.UNSPECIFIED.,.F.,
  .F.,(9,7,7,7,7,7,7,7,7,7,7,9),(0.,0.254977002209,0.364944598115,
    0.411220960991,0.463608771344,0.618301885109,0.734609515834,
    0.76861184764,0.824858457729,0.881395186657,0.941818545635,1.),
  .UNSPECIFIED.);
#1452 = CARTESIAN_POINT('',(0.,-8.69));
#1453 = CARTESIAN_POINT('',(-1.097009172033E-16,-8.949518051818));
#1454 = CARTESIAN_POINT('',(1.831645510541E-02,-9.209159446642));
#1455 = CARTESIAN_POINT('',(5.497934578683E-02,-9.467016110668));
#1456 = CARTESIAN_POINT('',(0.109630253167,-9.721376902432));
#1457 = CARTESIAN_POINT('',(0.181640113489,-9.970704395408));
#1458 = CARTESIAN_POINT('',(0.270140059673,-10.21363498091));
#1459 = CARTESIAN_POINT('',(0.37401825583,-10.4489867649));
#1460 = CARTESIAN_POINT('',(0.542791551275,-10.77356336864));
#1461 = CARTESIAN_POINT('',(0.596271609242,-10.86979582931));
#1462 = CARTESIAN_POINT('',(0.65227759564,-10.96438901066));
#1463 = CARTESIAN_POINT('',(0.710708711284,-11.0572862705));
#1464 = CARTESIAN_POINT('',(0.771462861005,-11.14844153366));
#1465 = CARTESIAN_POINT('',(0.834437948049,-11.23781839772));
#1466 = CARTESIAN_POINT('',(0.899533168477,-11.32538923865));
#1467 = CARTESIAN_POINT('',(0.994894416613,-11.44721740364));
#1468 = CARTESIAN_POINT('',(1.023496694985,-11.48297728237));
#1469 = CARTESIAN_POINT('',(1.052449842597,-11.51841256949));
#1470 = CARTESIAN_POINT('',(1.081746679905,-11.55352210691));
#1471 = CARTESIAN_POINT('',(1.111380145897,-11.58830496179));
#1472 = CARTESIAN_POINT('',(1.141343298095,-11.62276042647));
#1473 = CARTESIAN_POINT('',(1.171629312552,-11.6568880185));
#1474 = CARTESIAN_POINT('',(1.236875104208,-11.72895063927));
#1475 = CARTESIAN_POINT('',(1.271923830952,-11.7667933495));
#1476 = CARTESIAN_POINT('',(1.307368310902,-11.80421456456));
#1477 = CARTESIAN_POINT('',(1.343198672874,-11.84121506075));
#1478 = CARTESIAN_POINT('',(1.379405194681,-11.87779617038));
#1479 = CARTESIAN_POINT('',(1.415978632868,-11.9139591703));
#1480 = CARTESIAN_POINT('',(1.452910215204,-11.94970532619));
#1481 = CARTESIAN_POINT('',(1.600276569946,-12.0893643652));
#1482 = CARTESIAN_POINT('',(1.713401524061,-12.19006680098));
#1483 = CARTESIAN_POINT('',(1.829355935625,-12.28720007262));
#1484 = CARTESIAN_POINT('',(1.947948693574,-12.38082608564));
#1485 = CARTESIAN_POINT('',(2.069010723324,-12.47100772805));
#1486 = CARTESIAN_POINT('',(2.19239791168,-12.55780412021));
#1487 = CARTESIAN_POINT('',(2.317994031756,-12.64126586463));
#1488 = CARTESIAN_POINT('',(2.541741008169,-12.78170275951));
#1489 = CARTESIAN_POINT('',(2.638963896472,-12.84011113823));
#1490 = CARTESIAN_POINT('',(2.737346533511,-12.89662238133));
#1491 = CARTESIAN_POINT('',(2.836853190446,-12.95119841458));
#1492 = CARTESIAN_POINT('',(2.93744717581,-13.0038010295));
#1493 = CARTESIAN_POINT('',(3.039090710517,-13.05439129757));
#1494 = CARTESIAN_POINT('',(3.141744880548,-13.10292845567));
#1495 = CARTESIAN_POINT('',(3.275663118819,-13.16295125073));
#1496 = CARTESIAN_POINT('',(3.306040271839,-13.17635044887));
#1497 = CARTESIAN_POINT('',(3.336499274283,-13.18956980726));
#1498 = CARTESIAN_POINT('',(3.367039090979,-13.20260833547));
#1499 = CARTESIAN_POINT('',(3.397658673316,-13.21546504852));
#1500 = CARTESIAN_POINT('',(3.428356959239,-13.22813896682));
#1501 = CARTESIAN_POINT('',(3.459132873254,-13.24062911621));
#1502 = CARTESIAN_POINT('',(3.541021411639,-13.273290123));
#1503 = CARTESIAN_POINT('',(3.593587801923,-13.29366742005));
#1504 = CARTESIAN_POINT('',(3.647787717941,-13.3140502097));
#1505 = CARTESIAN_POINT('',(3.703774795934,-13.33443684666));
#1506 = CARTESIAN_POINT('',(3.761756495464,-13.3548364909));
#1507 = CARTESIAN_POINT('',(3.821994504859,-13.37525906558));
#1508 = CARTESIAN_POINT('',(3.884806544313,-13.39570520718));
#1509 = CARTESIAN_POINT('',(4.016680615861,-13.4367252783));
#1510 = CARTESIAN_POINT('',(4.086322369055,-13.45747071816));
#1511 = CARTESIAN_POINT('',(4.157431049011,-13.47759049254));
#1512 = CARTESIAN_POINT('',(4.228588233133,-13.49664279969));
#1513 = CARTESIAN_POINT('',(4.299044567911,-13.51447704863));
#1514 = CARTESIAN_POINT('',(4.368742427043,-13.53115510778));
#1515 = CARTESIAN_POINT('',(4.438341913179,-13.5468691005));
#1516 = CARTESIAN_POINT('',(4.58503309958,-13.57787265479));
#1517 = CARTESIAN_POINT('',(4.661108428587,-13.5928047888));
#1518 = CARTESIAN_POINT('',(4.737461367149,-13.60663940711));
#1519 = CARTESIAN_POINT('',(4.814084104417,-13.61936379414));
#1520 = CARTESIAN_POINT('',(4.890947360507,-13.63095909411));
#1521 = CARTESIAN_POINT('',(4.968059488306,-13.6414192082));
#1522 = CARTESIAN_POINT('',(5.045381754906,-13.65071571011));
#1523 = CARTESIAN_POINT('',(5.19753781694,-13.66665269356));
#1524 = CARTESIAN_POINT('',(5.275358027872,-13.67369285555));
#1525 = CARTESIAN_POINT('',(5.354390892303,-13.6795792104));
#1526 = CARTESIAN_POINT('',(5.432919730328,-13.68411499228));
#1527 = CARTESIAN_POINT('',(5.509450847888,-13.68727593091));
#1528 = CARTESIAN_POINT('',(5.582689594083,-13.68917232936));
#1529 = CARTESIAN_POINT('',(5.65151763477,-13.69));
#1530 = CARTESIAN_POINT('',(5.714968690426,-13.69));
#1531 = ( GEOMETRIC_REPRESENTATION_CONTEXT(2) 
PARAMETRIC_REPRESENTATION_CONTEXT() REPRESENTATION_CONTEXT('2D SPACE',''
  ) );
#1532 = PCURVE('',#1208,#1533);
#1533 = DEFINITIONAL_REPRESENTATION('',(#1534),#1614);
#1534 = B_SPLINE_CURVE_WITH_KNOTS('',8,(#1535,#1536,#1537,#1538,#1539,
    #1540,#1541,#1542,#1543,#1544,#1545,#1546,#1547,#1548,#1549,#1550,
    #1551,#1552,#1553,#1554,#1555,#1556,#1557,#1558,#1559,#1560,#1561,
    #1562,#1563,#1564,#1565,#1566,#1567,#1568,#1569,#1570,#1571,#1572,
    #1573,#1574,#1575,#1576,#1577,#1578,#1579,#1580,#1581,#1582,#1583,
    #1584,#1585,#1586,#1587,#1588,#1589,#1590,#1591,#1592,#1593,#1594,
    #1595,#1596,#1597,#1598,#1599,#1600,#1601,#1602,#1603,#1604,#1605,
    #1606,#1607,#1608,#1609,#1610,#1611,#1612,#1613),.UNSPECIFIED.,.F.,
  .F.,(9,7,7,7,7,7,7,7,7,7,7,9),(0.,0.254977002209,0.364944598115,
    0.411220960991,0.463608771344,0.618301885109,0.734609515834,
    0.76861184764,0.824858457729,0.881395186657,0.941818545635,1.),
  .UNSPECIFIED.);
#1535 = CARTESIAN_POINT('',(4.712388980385,-5.5));
#1536 = CARTESIAN_POINT('',(4.764292590748,-5.5));
#1537 = CARTESIAN_POINT('',(4.816220859529,-5.509887607552));
#1538 = CARTESIAN_POINT('',(4.868005308217,-5.529679287801));
#1539 = CARTESIAN_POINT('',(4.91951743521,-5.559251621023));
#1540 = CARTESIAN_POINT('',(4.970648521137,-5.598408834058));
#1541 = CARTESIAN_POINT('',(5.021300404917,-5.646848407254));
#1542 = CARTESIAN_POINT('',(5.071381265548,-5.704092878859));
#1543 = CARTESIAN_POINT('',(5.142114164163,-5.797646047886));
#1544 = CARTESIAN_POINT('',(5.163310148262,-5.827353281731));
#1545 = CARTESIAN_POINT('',(5.18438398971,-5.858527924998));
#1546 = CARTESIAN_POINT('',(5.205332605784,-5.891115785236));
#1547 = CARTESIAN_POINT('',(5.226154179938,-5.925058635403));
#1548 = CARTESIAN_POINT('',(5.24684810349,-5.960294626403));
#1549 = CARTESIAN_POINT('',(5.267414917311,-5.996758699621));
#1550 = CARTESIAN_POINT('',(5.296458339283,-6.050215988598));
#1551 = CARTESIAN_POINT('',(5.305038235383,-6.066254508953));
#1552 = CARTESIAN_POINT('',(5.313596080921,-6.0824935254));
#1553 = CARTESIAN_POINT('',(5.322132051453,-6.098927942703));
#1554 = CARTESIAN_POINT('',(5.330646358987,-6.11555260551));
#1555 = CARTESIAN_POINT('',(5.339139251979,-6.132362298351));
#1556 = CARTESIAN_POINT('',(5.347611015339,-6.14935174564));
#1557 = CARTESIAN_POINT('',(5.365628993513,-6.185946208693));
#1558 = CARTESIAN_POINT('',(5.375169372405,-6.205600071167));
#1559 = CARTESIAN_POINT('',(5.384683410785,-6.225470848427));
#1560 = CARTESIAN_POINT('',(5.394171849143,-6.245548996563));
#1561 = CARTESIAN_POINT('',(5.4036355601,-6.265824298165));
#1562 = CARTESIAN_POINT('',(5.413075405258,-6.286287062211));
#1563 = CARTESIAN_POINT('',(5.422492253574,-6.306928004116));
#1564 = CARTESIAN_POINT('',(5.459628872826,-6.389181984212));
#1565 = CARTESIAN_POINT('',(5.487177150294,-6.452087310917));
#1566 = CARTESIAN_POINT('',(5.514560860261,-6.516201879732));
#1567 = CARTESIAN_POINT('',(5.541811546574,-6.58126239377));
#1568 = CARTESIAN_POINT('',(5.56896390785,-6.646995457389));
#1569 = CARTESIAN_POINT('',(5.596056274994,-6.713119868009));
#1570 = CARTESIAN_POINT('',(5.62313108871,-6.779348907927));
#1571 = CARTESIAN_POINT('',(5.670614018828,-6.895048301887));
#1572 = CARTESIAN_POINT('',(5.691009325663,-6.944590434481));
#1573 = CARTESIAN_POINT('',(5.711424888716,-6.99399676753));
#1574 = CARTESIAN_POINT('',(5.731862681764,-7.04325507896));
#1575 = CARTESIAN_POINT('',(5.752324521035,-7.09235329968));
#1576 = CARTESIAN_POINT('',(5.772811673712,-7.141282349859));
#1577 = CARTESIAN_POINT('',(5.793324273936,-7.19004013838));
#1578 = CARTESIAN_POINT('',(5.819866433336,-7.252828907175));
#1579 = CARTESIAN_POINT('',(5.825872821504,-7.267017894977));
#1580 = CARTESIAN_POINT('',(5.831881362737,-7.281192108696));
#1581 = CARTESIAN_POINT('',(5.837892045486,-7.295351556616));
#1582 = CARTESIAN_POINT('',(5.843904853593,-7.309496271044));
#1583 = CARTESIAN_POINT('',(5.849919766286,-7.323626308311));
#1584 = CARTESIAN_POINT('',(5.855936758185,-7.337741748776));
#1585 = CARTESIAN_POINT('',(5.871912488746,-7.375168465509));
#1586 = CARTESIAN_POINT('',(5.882132657883,-7.399056669736));
#1587 = CARTESIAN_POINT('',(5.892633346109,-7.423551303238));
#1588 = CARTESIAN_POINT('',(5.903442100491,-7.448710372156));
#1589 = CARTESIAN_POINT('',(5.914598418582,-7.47459587866));
#1590 = CARTESIAN_POINT('',(5.926151648709,-7.501289711944));
#1591 = CARTESIAN_POINT('',(5.938159980824,-7.528902864118));
#1592 = CARTESIAN_POINT('',(5.963294997354,-7.586335650471));
#1593 = CARTESIAN_POINT('',(5.976531731242,-7.616406249193));
#1594 = CARTESIAN_POINT('',(5.990008387664,-7.646795806906));
#1595 = CARTESIAN_POINT('',(6.003460278111,-7.676865893289));
#1596 = CARTESIAN_POINT('',(6.016752528772,-7.706296840201));
#1597 = CARTESIAN_POINT('',(6.029880441228,-7.735075228527));
#1598 = CARTESIAN_POINT('',(6.042972685644,-7.763473047166));
#1599 = CARTESIAN_POINT('',(6.070537972633,-7.822526366332));
#1600 = CARTESIAN_POINT('',(6.084818139281,-7.852718503911));
#1601 = CARTESIAN_POINT('',(6.099139977555,-7.882571202798));
#1602 = CARTESIAN_POINT('',(6.113509706788,-7.912032605562));
#1603 = CARTESIAN_POINT('',(6.127920289942,-7.941147606519));
#1604 = CARTESIAN_POINT('',(6.142392012085,-7.969748793654));
#1605 = CARTESIAN_POINT('',(6.156909293338,-7.997954532936));
#1606 = CARTESIAN_POINT('',(6.185501596154,-8.052469570119));
#1607 = CARTESIAN_POINT('',(6.200136420006,-8.079890662273));
#1608 = CARTESIAN_POINT('',(6.215014615004,-8.10722846175));
#1609 = CARTESIAN_POINT('',(6.229817225108,-8.133879806691));
#1610 = CARTESIAN_POINT('',(6.244265220688,-8.159381141131));
#1611 = CARTESIAN_POINT('',(6.258114176898,-8.18337844751));
#1612 = CARTESIAN_POINT('',(6.271149985634,-8.205596698845));
#1613 = CARTESIAN_POINT('',(6.28318530718,-8.225819089203));
#1614 = ( GEOMETRIC_REPRESENTATION_CONTEXT(2) 
PARAMETRIC_REPRESENTATION_CONTEXT() REPRESENTATION_CONTEXT('2D SPACE',''
  ) );
#1615 = ORIENTED_EDGE('',*,*,#1616,.F.);
#1616 = EDGE_CURVE('',#1617,#1366,#1619,.T.);
#1617 = VERTEX_POINT('',#1618);
#1618 = CARTESIAN_POINT('',(13.69,8.225819089203,19.75));
#1619 = SURFACE_CURVE('',#1620,(#1833,#2049),.PCURVE_S1.);
#1620 = B_SPLINE_CURVE_WITH_KNOTS('',8,(#1621,#1622,#1623,#1624,#1625,
    #1626,#1627,#1628,#1629,#1630,#1631,#1632,#1633,#1634,#1635,#1636,
    #1637,#1638,#1639,#1640,#1641,#1642,#1643,#1644,#1645,#1646,#1647,
    #1648,#1649,#1650,#1651,#1652,#1653,#1654,#1655,#1656,#1657,#1658,
    #1659,#1660,#1661,#1662,#1663,#1664,#1665,#1666,#1667,#1668,#1669,
    #1670,#1671,#1672,#1673,#1674,#1675,#1676,#1677,#1678,#1679,#1680,
    #1681,#1682,#1683,#1684,#1685,#1686,#1687,#1688,#1689,#1690,#1691,
    #1692,#1693,#1694,#1695,#1696,#1697,#1698,#1699,#1700,#1701,#1702,
    #1703,#1704,#1705,#1706,#1707,#1708,#1709,#1710,#1711,#1712,#1713,
    #1714,#1715,#1716,#1717,#1718,#1719,#1720,#1721,#1722,#1723,#1724,
    #1725,#1726,#1727,#1728,#1729,#1730,#1731,#1732,#1733,#1734,#1735,
    #1736,#1737,#1738,#1739,#1740,#1741,#1742,#1743,#1744,#1745,#1746,
    #1747,#1748,#1749,#1750,#1751,#1752,#1753,#1754,#1755,#1756,#1757,
    #1758,#1759,#1760,#1761,#1762,#1763,#1764,#1765,#1766,#1767,#1768,
    #1769,#1770,#1771,#1772,#1773,#1774,#1775,#1776,#1777,#1778,#1779,
    #1780,#1781,#1782,#1783,#1784,#1785,#1786,#1787,#1788,#1789,#1790,
    #1791,#1792,#1793,#1794,#1795,#1796,#1797,#1798,#1799,#1800,#1801,
    #1802,#1803,#1804,#1805,#1806,#1807,#1808,#1809,#1810,#1811,#1812,
    #1813,#1814,#1815,#1816,#1817,#1818,#1819,#1820,#1821,#1822,#1823,
    #1824,#1825,#1826,#1827,#1828,#1829,#1830,#1831,#1832),
  .UNSPECIFIED.,.F.,.F.,(9,7,7,7,7,7,7,7,7,7,7,7,7,7,7,7,7,7,7,7,7,7,7,7
    ,7,7,7,7,7,7,9),(0.,1.586589940313E-02,6.608080861507E-02,
    9.183770238644E-02,0.117585179875,0.144621131635,0.157498109511,
    0.171662738523,0.198700949535,0.210288017565,0.297836825486,
    0.367364745416,0.417581094295,0.451059113336,0.499988758244,
    0.566945058538,0.614586518133,0.6467761305,0.743340747301,
    0.774240033154,0.789689547733,0.797414305033,0.80642652217,
    0.823164230188,0.839905121145,0.882399865907,0.908150639838,
    0.933910831258,0.967393089569,0.984132066477,1.),.UNSPECIFIED.);
#1621 = CARTESIAN_POINT('',(13.69,8.225819089203,19.75));
#1622 = CARTESIAN_POINT('',(13.69,8.250937573701,19.675253881383));
#1623 = CARTESIAN_POINT('',(13.69,8.275620387257,19.600359751414));
#1624 = CARTESIAN_POINT('',(13.69,8.299880314279,19.525325392184));
#1625 = CARTESIAN_POINT('',(13.69,8.323734385139,19.450161338447));
#1626 = CARTESIAN_POINT('',(13.69,8.347194264782,19.374874148345));
#1627 = CARTESIAN_POINT('',(13.69,8.370273162752,19.299471302414));
#1628 = CARTESIAN_POINT('',(13.69,8.39299031402,19.223964355925));
#1629 = CARTESIAN_POINT('',(13.69,8.486134465778,18.909062748636));
#1630 = CARTESIAN_POINT('',(13.69,8.553370570654,18.668760868651));
#1631 = CARTESIAN_POINT('',(13.69,8.617329357853,18.427564502489));
#1632 = CARTESIAN_POINT('',(13.69,8.678281638681,18.185580756363));
#1633 = CARTESIAN_POINT('',(13.69,8.73650120748,17.942910437993));
#1634 = CARTESIAN_POINT('',(13.69,8.792263976538,17.699647824703));
#1635 = CARTESIAN_POINT('',(13.69,8.845847111008,17.455880431519));
#1636 = CARTESIAN_POINT('',(13.69,8.924037091314,17.086434775124));
#1637 = CARTESIAN_POINT('',(13.69,8.950051316675,16.961070699584));
#1638 = CARTESIAN_POINT('',(13.69,8.975515630883,16.835590923297));
#1639 = CARTESIAN_POINT('',(13.69,9.000372806727,16.709990054213));
#1640 = CARTESIAN_POINT('',(13.69,9.024565352089,16.584263293818));
#1641 = CARTESIAN_POINT('',(13.69,9.04803623483,16.458406583129));
#1642 = CARTESIAN_POINT('',(13.69,9.070728579296,16.33241653844));
#1643 = CARTESIAN_POINT('',(13.69,9.114432099488,16.080209924879));
#1644 = CARTESIAN_POINT('',(13.69,9.135443923206,15.953993729625));
#1645 = CARTESIAN_POINT('',(13.69,9.155562422716,15.827638733429));
#1646 = CARTESIAN_POINT('',(13.69,9.174729833618,15.701143005295));
#1647 = CARTESIAN_POINT('',(13.69,9.192888167083,15.574505556719));
#1648 = CARTESIAN_POINT('',(13.69,9.209979366942,15.447726357522));
#1649 = CARTESIAN_POINT('',(13.69,9.225945466774,15.320806351697));
#1650 = CARTESIAN_POINT('',(13.69,9.256251823043,15.060330220616));
#1651 = CARTESIAN_POINT('',(13.69,9.270475384172,14.926760776972));
#1652 = CARTESIAN_POINT('',(13.69,9.283475157493,14.793058168455));
#1653 = CARTESIAN_POINT('',(13.69,9.295326983859,14.659240129087));
#1654 = CARTESIAN_POINT('',(13.69,9.306106817864,14.525323100777));
#1655 = CARTESIAN_POINT('',(13.69,9.315890727846,14.391322233317));
#1656 = CARTESIAN_POINT('',(13.69,9.324754895886,14.257251384383));
#1657 = CARTESIAN_POINT('',(13.69,9.336595814694,14.059239047165));
#1658 = CARTESIAN_POINT('',(13.69,9.34022474147,13.995340459434));
#1659 = CARTESIAN_POINT('',(13.69,9.343670592117,13.931428967761));
#1660 = CARTESIAN_POINT('',(13.69,9.346941560616,13.867506183561));
#1661 = CARTESIAN_POINT('',(13.69,9.350045840949,13.803573718249));
#1662 = CARTESIAN_POINT('',(13.69,9.352991627098,13.739633183241));
#1663 = CARTESIAN_POINT('',(13.69,9.355787113042,13.675686189951));
#1664 = CARTESIAN_POINT('',(13.69,9.361359200848,13.541387557308));
#1665 = CARTESIAN_POINT('',(13.69,9.364106095766,13.471034336914));
#1666 = CARTESIAN_POINT('',(13.69,9.366691913979,13.400677594637));
#1667 = CARTESIAN_POINT('',(13.69,9.369126195317,13.330319256907));
#1668 = CARTESIAN_POINT('',(13.69,9.371423977634,13.259962579252));
#1669 = CARTESIAN_POINT('',(13.69,9.373595196018,13.189608800432));
#1670 = CARTESIAN_POINT('',(13.69,9.375639255818,13.119255359567));
#1671 = CARTESIAN_POINT('',(13.69,9.381247506161,12.914610297123));
#1672 = CARTESIAN_POINT('',(13.69,9.384502250235,12.780313772388));
#1673 = CARTESIAN_POINT('',(13.69,9.387380416778,12.646014309365));
#1674 = CARTESIAN_POINT('',(13.69,9.389930969814,12.51171268449));
#1675 = CARTESIAN_POINT('',(13.69,9.392202901625,12.37740946095));
#1676 = CARTESIAN_POINT('',(13.69,9.394245232738,12.243104988679));
#1677 = CARTESIAN_POINT('',(13.69,9.396107011939,12.108799404365));
#1678 = CARTESIAN_POINT('',(13.69,9.39857882811,11.916936245261));
#1679 = CARTESIAN_POINT('',(13.69,9.399295175844,11.859379761884));
#1680 = CARTESIAN_POINT('',(13.69,9.399993127836,11.801823111683));
#1681 = CARTESIAN_POINT('',(13.69,9.400675899036,11.744266250288));
#1682 = CARTESIAN_POINT('',(13.69,9.401344304364,11.686709156014));
#1683 = CARTESIAN_POINT('',(13.69,9.401997912109,11.629151827296));
#1684 = CARTESIAN_POINT('',(13.69,9.402636197325,11.571594280117));
#1685 = CARTESIAN_POINT('',(13.69,9.407970679764,11.079145592454));
#1686 = CARTESIAN_POINT('',(13.69,9.411836142808,10.64424401925));
#1687 = CARTESIAN_POINT('',(13.69,9.414920781148,10.20933337603));
#1688 = CARTESIAN_POINT('',(13.69,9.41728929198,9.774415009525));
#1689 = CARTESIAN_POINT('',(13.69,9.4190063729,9.339490062995));
#1690 = CARTESIAN_POINT('',(13.69,9.420136721913,8.904559476229));
#1691 = CARTESIAN_POINT('',(13.69,9.420745037428,8.469623985541));
#1692 = CARTESIAN_POINT('',(13.69,9.42101592147,7.689271495075));
#1693 = CARTESIAN_POINT('',(13.69,9.420847384608,7.343856152561));
#1694 = CARTESIAN_POINT('',(13.69,9.420422810223,6.998438375226));
#1695 = CARTESIAN_POINT('',(13.69,9.419774598543,6.653018404384));
#1696 = CARTESIAN_POINT('',(13.69,9.418935147472,6.307596443665));
#1697 = CARTESIAN_POINT('',(13.69,9.417936852592,5.96217265902));
#1698 = CARTESIAN_POINT('',(13.69,9.416812107163,5.616747178714));
#1699 = CARTESIAN_POINT('',(13.69,9.414713023532,5.021836331282));
#1700 = CARTESIAN_POINT('',(13.69,9.413783679747,4.77235174203));
#1701 = CARTESIAN_POINT('',(13.69,9.412817474137,4.522866363621));
#1702 = CARTESIAN_POINT('',(13.69,9.411826609724,4.273380232754));
#1703 = CARTESIAN_POINT('',(13.69,9.41082328919,4.023893384783));
#1704 = CARTESIAN_POINT('',(13.69,9.409819714866,3.774405853715));
#1705 = CARTESIAN_POINT('',(13.69,9.408828088742,3.524917672213));
#1706 = CARTESIAN_POINT('',(13.69,9.407215619539,3.109100753273));
#1707 = CARTESIAN_POINT('',(13.69,9.406581360229,2.942772361476));
#1708 = CARTESIAN_POINT('',(13.69,9.405961450012,2.776443706188));
#1709 = CARTESIAN_POINT('',(13.69,9.405359504362,2.610114798379));
#1710 = CARTESIAN_POINT('',(13.69,9.404779138741,2.443785650009));
#1711 = CARTESIAN_POINT('',(13.69,9.404223968601,2.277456274024));
#1712 = CARTESIAN_POINT('',(13.69,9.403697609382,2.111126684359));
#1713 = CARTESIAN_POINT('',(13.69,9.402481771202,1.701698357905));
#1714 = CARTESIAN_POINT('',(13.69,9.401829132338,1.45859939856));
#1715 = CARTESIAN_POINT('',(13.69,9.401257047428,1.215500062564));
#1716 = CARTESIAN_POINT('',(13.69,9.400776804051,0.972400404637));
#1717 = CARTESIAN_POINT('',(13.69,9.400399689859,0.729300489555));
#1718 = CARTESIAN_POINT('',(13.69,9.400136992576,0.486200392153));
#1719 = CARTESIAN_POINT('',(13.69,9.4,0.24310019732));
#1720 = CARTESIAN_POINT('',(13.69,9.4,-0.3326631502));
#1721 = CARTESIAN_POINT('',(13.69,9.400256528552,-0.6653262885));
#1722 = CARTESIAN_POINT('',(13.69,9.400740660948,-0.997989179603));
#1723 = CARTESIAN_POINT('',(13.69,9.401423472689,-1.33065161921));
#1724 = CARTESIAN_POINT('',(13.69,9.402276039489,-1.663313434018));
#1725 = CARTESIAN_POINT('',(13.69,9.403269437272,-1.995974481719));
#1726 = CARTESIAN_POINT('',(13.69,9.404374742174,-2.328634651003));
#1727 = CARTESIAN_POINT('',(13.69,9.406408534129,-2.897991084505));
#1728 = CARTESIAN_POINT('',(13.69,9.407296050103,-3.134687814078));
#1729 = CARTESIAN_POINT('',(13.69,9.408215159284,-3.371384018149));
#1730 = CARTESIAN_POINT('',(13.69,9.409155442319,-3.608079665633));
#1731 = CARTESIAN_POINT('',(13.69,9.410106479675,-3.844774726491));
#1732 = CARTESIAN_POINT('',(13.69,9.411057851642,-4.081469171727));
#1733 = CARTESIAN_POINT('',(13.69,9.411999138334,-4.318162973391));
#1734 = CARTESIAN_POINT('',(13.69,9.413542058363,-4.71478109864));
#1735 = CARTESIAN_POINT('',(13.69,9.414154835866,-4.874705785257));
#1736 = CARTESIAN_POINT('',(13.69,9.414755038041,-5.034630155575));
#1737 = CARTESIAN_POINT('',(13.69,9.415339450654,-5.194554199933));
#1738 = CARTESIAN_POINT('',(13.69,9.415904859386,-5.354477907867));
#1739 = CARTESIAN_POINT('',(13.69,9.416448049834,-5.514401268109));
#1740 = CARTESIAN_POINT('',(13.69,9.41696580751,-5.674324268582));
#1741 = CARTESIAN_POINT('',(13.69,9.418922184718,-6.313993812823));
#1742 = CARTESIAN_POINT('',(13.69,9.420131648877,-6.793737298787));
#1743 = CARTESIAN_POINT('',(13.69,9.420996526559,-7.273477102036));
#1744 = CARTESIAN_POINT('',(13.69,9.421430026206,-7.753212773361));
#1745 = CARTESIAN_POINT('',(13.69,9.421345348472,-8.232943666608));
#1746 = CARTESIAN_POINT('',(13.69,9.420655686217,-8.712668938678));
#1747 = CARTESIAN_POINT('',(13.69,9.41927422451,-9.192387549529));
#1748 = CARTESIAN_POINT('',(13.69,9.416422944914,-9.825598777452));
#1749 = CARTESIAN_POINT('',(13.69,9.415652025735,-9.979098476176));
#1750 = CARTESIAN_POINT('',(13.69,9.414798538592,-10.13259731466));
#1751 = CARTESIAN_POINT('',(13.69,9.413859639029,-10.28609524579));
#1752 = CARTESIAN_POINT('',(13.69,9.412832482633,-10.43959221901));
#1753 = CARTESIAN_POINT('',(13.69,9.411714225034,-10.59308818034));
#1754 = CARTESIAN_POINT('',(13.69,9.410502021904,-10.74658307236));
#1755 = CARTESIAN_POINT('',(13.69,9.408538537923,-10.97682307758));
#1756 = CARTESIAN_POINT('',(13.69,9.407859850494,-11.05356896211));
#1757 = CARTESIAN_POINT('',(13.69,9.407156611198,-11.13031448446));
#1758 = CARTESIAN_POINT('',(13.69,9.406428464566,-11.20705964124));
#1759 = CARTESIAN_POINT('',(13.69,9.405675055124,-11.28380442911));
#1760 = CARTESIAN_POINT('',(13.69,9.404896027402,-11.36054884467));
#1761 = CARTESIAN_POINT('',(13.69,9.404091025928,-11.43729288457));
#1762 = CARTESIAN_POINT('',(13.69,9.40284402988,-11.55240837591));
#1763 = CARTESIAN_POINT('',(13.69,9.402421748787,-11.59078011164));
#1764 = CARTESIAN_POINT('',(13.69,9.401992854995,-11.62915175212));
#1765 = CARTESIAN_POINT('',(13.69,9.401557326658,-11.66752329694));
#1766 = CARTESIAN_POINT('',(13.69,9.401115117043,-11.70589474569));
#1767 = CARTESIAN_POINT('',(13.69,9.400666154524,-11.74426609803));
#1768 = CARTESIAN_POINT('',(13.69,9.400210342588,-11.78263735367));
#1769 = CARTESIAN_POINT('',(13.69,9.399207646598,-11.86577486557));
#1770 = CARTESIAN_POINT('',(13.69,9.398657796589,-11.91054109563));
#1771 = CARTESIAN_POINT('',(13.69,9.398096192932,-11.95530722813));
#1772 = CARTESIAN_POINT('',(13.69,9.397521018756,-12.00007328868));
#1773 = CARTESIAN_POINT('',(13.69,9.396930457188,-12.04483930291));
#1774 = CARTESIAN_POINT('',(13.69,9.396322691355,-12.08960529641));
#1775 = CARTESIAN_POINT('',(13.69,9.395695904385,-12.1343712948));
#1776 = CARTESIAN_POINT('',(13.69,9.393845494604,-12.26227787715));
#1777 = CARTESIAN_POINT('',(13.69,9.392570843116,-12.34541795595));
#1778 = CARTESIAN_POINT('',(13.69,9.391212688296,-12.42855753284));
#1779 = CARTESIAN_POINT('',(13.69,9.389759397551,-12.51169654926));
#1780 = CARTESIAN_POINT('',(13.69,9.38819934234,-12.5948349153));
#1781 = CARTESIAN_POINT('',(13.69,9.386520898173,-12.67797250972));
#1782 = CARTESIAN_POINT('',(13.69,9.384712444613,-12.76110917997));
#1783 = CARTESIAN_POINT('',(13.69,9.380811915099,-12.92739611387));
#1784 = CARTESIAN_POINT('',(13.69,9.378720080517,-13.01054640519));
#1785 = CARTESIAN_POINT('',(13.69,9.376472762109,-13.09369475036));
#1786 = CARTESIAN_POINT('',(13.69,9.374068171836,-13.17684382437));
#1787 = CARTESIAN_POINT('',(13.69,9.371471028482,-13.25998628522));
#1788 = CARTESIAN_POINT('',(13.69,9.36870665166,-13.34313289739));
#1789 = CARTESIAN_POINT('',(13.69,9.365729706337,-13.42627300457));
#1790 = CARTESIAN_POINT('',(13.69,9.354409387772,-13.72043161596));
#1791 = CARTESIAN_POINT('',(13.69,9.34484878869,-13.93141094873));
#1792 = CARTESIAN_POINT('',(13.69,9.333554202139,-14.14230733544));
#1793 = CARTESIAN_POINT('',(13.69,9.320230210565,-14.35307637659));
#1794 = CARTESIAN_POINT('',(13.69,9.304580964376,-14.56366668318));
#1795 = CARTESIAN_POINT('',(13.69,9.286310754578,-14.77401992478));
#1796 = CARTESIAN_POINT('',(13.69,9.265124585414,-14.98407087773));
#1797 = CARTESIAN_POINT('',(13.69,9.225945466775,-15.32080635169));
#1798 = CARTESIAN_POINT('',(13.69,9.209979366942,-15.44772635752));
#1799 = CARTESIAN_POINT('',(13.69,9.192888167083,-15.57450555671));
#1800 = CARTESIAN_POINT('',(13.69,9.174729833618,-15.70114300529));
#1801 = CARTESIAN_POINT('',(13.69,9.155562422716,-15.82763873342));
#1802 = CARTESIAN_POINT('',(13.69,9.135443923207,-15.95399372962));
#1803 = CARTESIAN_POINT('',(13.69,9.114432099488,-16.08020992487));
#1804 = CARTESIAN_POINT('',(13.69,9.070728579297,-16.33241653843));
#1805 = CARTESIAN_POINT('',(13.69,9.04803623483,-16.45840658312));
#1806 = CARTESIAN_POINT('',(13.69,9.02456535209,-16.58426329381));
#1807 = CARTESIAN_POINT('',(13.69,9.000372806728,-16.70999005421));
#1808 = CARTESIAN_POINT('',(13.69,8.975515630883,-16.83559092329));
#1809 = CARTESIAN_POINT('',(13.69,8.950051316675,-16.96107069958));
#1810 = CARTESIAN_POINT('',(13.69,8.924037091314,-17.08643477512));
#1811 = CARTESIAN_POINT('',(13.69,8.863072722737,-17.37448985683));
#1812 = CARTESIAN_POINT('',(13.69,8.827771856586,-17.53710286086));
#1813 = CARTESIAN_POINT('',(13.69,8.791543162557,-17.69950350496));
#1814 = CARTESIAN_POINT('',(13.69,8.754304515459,-17.86166631814));
#1815 = CARTESIAN_POINT('',(13.69,8.715974067725,-18.02356464495));
#1816 = CARTESIAN_POINT('',(13.69,8.676470249407,-18.18517064536));
#1817 = CARTESIAN_POINT('',(13.69,8.63571176818,-18.34645529482));
#1818 = CARTESIAN_POINT('',(13.69,8.572573235743,-18.58784458419));
#1819 = CARTESIAN_POINT('',(13.69,8.551195071384,-18.66821286579));
#1820 = CARTESIAN_POINT('',(13.69,8.529473013207,-18.74848942838));
#1821 = CARTESIAN_POINT('',(13.69,8.507397006328,-18.82867037897));
#1822 = CARTESIAN_POINT('',(13.69,8.48495704403,-18.90875173222));
#1823 = CARTESIAN_POINT('',(13.69,8.462143167769,-18.98872941046));
#1824 = CARTESIAN_POINT('',(13.69,8.438945467171,-19.0685992437));
#1825 = CARTESIAN_POINT('',(13.69,8.39299031402,-19.22396435592));
#1826 = CARTESIAN_POINT('',(13.69,8.370273162751,-19.29947130241));
#1827 = CARTESIAN_POINT('',(13.69,8.347194264783,-19.37487414834));
#1828 = CARTESIAN_POINT('',(13.69,8.323734385139,-19.45016133844));
#1829 = CARTESIAN_POINT('',(13.69,8.299880314278,-19.52532539218));
#1830 = CARTESIAN_POINT('',(13.69,8.275620387258,-19.60035975141));
#1831 = CARTESIAN_POINT('',(13.69,8.2509375737,-19.67525388138));
#1832 = CARTESIAN_POINT('',(13.69,8.225819089203,-19.75));
#1833 = PCURVE('',#1158,#1834);
#1834 = DEFINITIONAL_REPRESENTATION('',(#1835),#2048);
#1835 = B_SPLINE_CURVE_WITH_KNOTS('',8,(#1836,#1837,#1838,#1839,#1840,
    #1841,#1842,#1843,#1844,#1845,#1846,#1847,#1848,#1849,#1850,#1851,
    #1852,#1853,#1854,#1855,#1856,#1857,#1858,#1859,#1860,#1861,#1862,
    #1863,#1864,#1865,#1866,#1867,#1868,#1869,#1870,#1871,#1872,#1873,
    #1874,#1875,#1876,#1877,#1878,#1879,#1880,#1881,#1882,#1883,#1884,
    #1885,#1886,#1887,#1888,#1889,#1890,#1891,#1892,#1893,#1894,#1895,
    #1896,#1897,#1898,#1899,#1900,#1901,#1902,#1903,#1904,#1905,#1906,
    #1907,#1908,#1909,#1910,#1911,#1912,#1913,#1914,#1915,#1916,#1917,
    #1918,#1919,#1920,#1921,#1922,#1923,#1924,#1925,#1926,#1927,#1928,
    #1929,#1930,#1931,#1932,#1933,#1934,#1935,#1936,#1937,#1938,#1939,
    #1940,#1941,#1942,#1943,#1944,#1945,#1946,#1947,#1948,#1949,#1950,
    #1951,#1952,#1953,#1954,#1955,#1956,#1957,#1958,#1959,#1960,#1961,
    #1962,#1963,#1964,#1965,#1966,#1967,#1968,#1969,#1970,#1971,#1972,
    #1973,#1974,#1975,#1976,#1977,#1978,#1979,#1980,#1981,#1982,#1983,
    #1984,#1985,#1986,#1987,#1988,#1989,#1990,#1991,#1992,#1993,#1994,
    #1995,#1996,#1997,#1998,#1999,#2000,#2001,#2002,#2003,#2004,#2005,
    #2006,#2007,#2008,#2009,#2010,#2011,#2012,#2013,#2014,#2015,#2016,
    #2017,#2018,#2019,#2020,#2021,#2022,#2023,#2024,#2025,#2026,#2027,
    #2028,#2029,#2030,#2031,#2032,#2033,#2034,#2035,#2036,#2037,#2038,
    #2039,#2040,#2041,#2042,#2043,#2044,#2045,#2046,#2047),
  .UNSPECIFIED.,.F.,.F.,(9,7,7,7,7,7,7,7,7,7,7,7,7,7,7,7,7,7,7,7,7,7,7,7
    ,7,7,7,7,7,7,9),(0.,1.586589940313E-02,6.608080861507E-02,
    9.183770238644E-02,0.117585179875,0.144621131635,0.157498109511,
    0.171662738523,0.198700949535,0.210288017565,0.297836825486,
    0.367364745416,0.417581094295,0.451059113336,0.499988758244,
    0.566945058538,0.614586518133,0.6467761305,0.743340747301,
    0.774240033154,0.789689547733,0.797414305033,0.80642652217,
    0.823164230188,0.839905121145,0.882399865907,0.908150639838,
    0.933910831258,0.967393089569,0.984132066477,1.),.UNSPECIFIED.);
#1836 = CARTESIAN_POINT('',(45.458249027082,-13.69));
#1837 = CARTESIAN_POINT('',(45.37943567566,-13.69));
#1838 = CARTESIAN_POINT('',(45.300623854454,-13.69));
#1839 = CARTESIAN_POINT('',(45.221813482894,-13.69));
#1840 = CARTESIAN_POINT('',(45.143002495924,-13.69));
#1841 = CARTESIAN_POINT('',(45.064190929108,-13.69));
#1842 = CARTESIAN_POINT('',(44.985378019488,-13.69));
#1843 = CARTESIAN_POINT('',(44.906560306905,-13.69));
#1844 = CARTESIAN_POINT('',(44.578271690473,-13.69));
#1845 = CARTESIAN_POINT('',(44.328768869084,-13.69));
#1846 = CARTESIAN_POINT('',(44.079256376314,-13.69));
#1847 = CARTESIAN_POINT('',(43.829753473467,-13.69));
#1848 = CARTESIAN_POINT('',(43.580272568466,-13.69));
#1849 = CARTESIAN_POINT('',(43.330819221116,-13.69));
#1850 = CARTESIAN_POINT('',(43.081392148362,-13.69));
#1851 = CARTESIAN_POINT('',(42.704053116204,-13.69));
#1852 = CARTESIAN_POINT('',(42.576128472747,-13.69));
#1853 = CARTESIAN_POINT('',(42.44820540845,-13.69));
#1854 = CARTESIAN_POINT('',(42.320280572348,-13.69));
#1855 = CARTESIAN_POINT('',(42.192351243708,-13.69));
#1856 = CARTESIAN_POINT('',(42.064415366302,-13.69));
#1857 = CARTESIAN_POINT('',(41.936471526506,-13.69));
#1858 = CARTESIAN_POINT('',(41.680613001222,-13.69));
#1859 = CARTESIAN_POINT('',(41.552698586226,-13.69));
#1860 = CARTESIAN_POINT('',(41.424774818924,-13.69));
#1861 = CARTESIAN_POINT('',(41.296841850404,-13.69));
#1862 = CARTESIAN_POINT('',(41.168900791484,-13.69));
#1863 = CARTESIAN_POINT('',(41.040953710066,-13.69));
#1864 = CARTESIAN_POINT('',(40.913003628485,-13.69));
#1865 = CARTESIAN_POINT('',(40.650702489542,-13.69));
#1866 = CARTESIAN_POINT('',(40.516351893781,-13.69));
#1867 = CARTESIAN_POINT('',(40.382006823844,-13.69));
#1868 = CARTESIAN_POINT('',(40.247670076114,-13.69));
#1869 = CARTESIAN_POINT('',(40.113343153084,-13.69));
#1870 = CARTESIAN_POINT('',(39.979026263358,-13.69));
#1871 = CARTESIAN_POINT('',(39.844718321651,-13.69));
#1872 = CARTESIAN_POINT('',(39.64645042664,-13.69));
#1873 = CARTESIAN_POINT('',(39.582483904493,-13.69));
#1874 = CARTESIAN_POINT('',(39.518517382346,-13.69));
#1875 = CARTESIAN_POINT('',(39.454550860199,-13.69));
#1876 = CARTESIAN_POINT('',(39.390584338052,-13.69));
#1877 = CARTESIAN_POINT('',(39.326617815906,-13.69));
#1878 = CARTESIAN_POINT('',(39.262651293759,-13.69));
#1879 = CARTESIAN_POINT('',(39.128321828988,-13.69));
#1880 = CARTESIAN_POINT('',(39.057958260256,-13.69));
#1881 = CARTESIAN_POINT('',(38.987594900365,-13.69));
#1882 = CARTESIAN_POINT('',(38.91723232317,-13.69));
#1883 = CARTESIAN_POINT('',(38.846869257188,-13.69));
#1884 = CARTESIAN_POINT('',(38.776505364296,-13.69));
#1885 = CARTESIAN_POINT('',(38.706142600353,-13.69));
#1886 = CARTESIAN_POINT('',(38.501466244592,-13.69));
#1887 = CARTESIAN_POINT('',(38.367145550836,-13.69));
#1888 = CARTESIAN_POINT('',(38.232818976258,-13.69));
#1889 = CARTESIAN_POINT('',(38.0984879886,-13.69));
#1890 = CARTESIAN_POINT('',(37.964153842536,-13.69));
#1891 = CARTESIAN_POINT('',(37.829817579673,-13.69));
#1892 = CARTESIAN_POINT('',(37.695480028553,-13.69));
#1893 = CARTESIAN_POINT('',(37.503571940332,-13.69));
#1894 = CARTESIAN_POINT('',(37.446002058274,-13.69));
#1895 = CARTESIAN_POINT('',(37.388432187036,-13.69));
#1896 = CARTESIAN_POINT('',(37.33086232695,-13.69));
#1897 = CARTESIAN_POINT('',(37.273292464913,-13.69));
#1898 = CARTESIAN_POINT('',(37.21572258918,-13.69));
#1899 = CARTESIAN_POINT('',(37.158152704157,-13.69));
#1900 = CARTESIAN_POINT('',(36.665600284354,-13.69));
#1901 = CARTESIAN_POINT('',(36.230619275479,-13.69));
#1902 = CARTESIAN_POINT('',(35.795640755584,-13.69));
#1903 = CARTESIAN_POINT('',(35.360665458172,-13.69));
#1904 = CARTESIAN_POINT('',(34.925693913232,-13.69));
#1905 = CARTESIAN_POINT('',(34.490726447236,-13.69));
#1906 = CARTESIAN_POINT('',(34.055763183145,-13.69));
#1907 = CARTESIAN_POINT('',(33.275376099492,-13.69));
#1908 = CARTESIAN_POINT('',(32.929950800915,-13.69));
#1909 = CARTESIAN_POINT('',(32.584528116479,-13.69));
#1910 = CARTESIAN_POINT('',(32.239107980332,-13.69));
#1911 = CARTESIAN_POINT('',(31.893690288966,-13.69));
#1912 = CARTESIAN_POINT('',(31.54827490122,-13.69));
#1913 = CARTESIAN_POINT('',(31.202861638275,-13.69));
#1914 = CARTESIAN_POINT('',(30.607977883111,-13.69));
#1915 = CARTESIAN_POINT('',(30.358506488097,-13.69));
#1916 = CARTESIAN_POINT('',(30.109036020979,-13.69));
#1917 = CARTESIAN_POINT('',(29.859566402777,-13.69));
#1918 = CARTESIAN_POINT('',(29.610097553174,-13.69));
#1919 = CARTESIAN_POINT('',(29.360629390512,-13.69));
#1920 = CARTESIAN_POINT('',(29.111161831792,-13.69));
#1921 = CARTESIAN_POINT('',(28.695381182223,-13.69));
#1922 = CARTESIAN_POINT('',(28.529067804405,-13.69));
#1923 = CARTESIAN_POINT('',(28.362754634937,-13.69));
#1924 = CARTESIAN_POINT('',(28.196441650522,-13.69));
#1925 = CARTESIAN_POINT('',(28.03012882885,-13.69));
#1926 = CARTESIAN_POINT('',(27.863816148601,-13.69));
#1927 = CARTESIAN_POINT('',(27.697503589439,-13.69));
#1928 = CARTESIAN_POINT('',(27.288117924041,-13.69));
#1929 = CARTESIAN_POINT('',(27.045044936651,-13.69));
#1930 = CARTESIAN_POINT('',(26.801972107532,-13.69));
#1931 = CARTESIAN_POINT('',(26.558899384421,-13.69));
#1932 = CARTESIAN_POINT('',(26.315826725111,-13.69));
#1933 = CARTESIAN_POINT('',(26.072754097451,-13.69));
#1934 = CARTESIAN_POINT('',(25.829681479345,-13.69));
#1935 = CARTESIAN_POINT('',(25.253983445099,-13.69));
#1936 = CARTESIAN_POINT('',(24.921358043339,-13.69));
#1937 = CARTESIAN_POINT('',(24.58873261463,-13.69));
#1938 = CARTESIAN_POINT('',(24.256107089127,-13.69));
#1939 = CARTESIAN_POINT('',(23.923481365992,-13.69));
#1940 = CARTESIAN_POINT('',(23.590855313388,-13.69));
#1941 = CARTESIAN_POINT('',(23.258228768482,-13.69));
#1942 = CARTESIAN_POINT('',(22.688927068903,-13.69));
#1943 = CARTESIAN_POINT('',(22.452252260979,-13.69));
#1944 = CARTESIAN_POINT('',(22.215577047046,-13.69));
#1945 = CARTESIAN_POINT('',(21.978901359426,-13.69));
#1946 = CARTESIAN_POINT('',(21.742225129397,-13.69));
#1947 = CARTESIAN_POINT('',(21.505548287187,-13.69));
#1948 = CARTESIAN_POINT('',(21.268870761976,-13.69));
#1949 = CARTESIAN_POINT('',(20.872277522189,-13.69));
#1950 = CARTESIAN_POINT('',(20.712362219224,-13.69));
#1951 = CARTESIAN_POINT('',(20.552446551389,-13.69));
#1952 = CARTESIAN_POINT('',(20.392530497874,-13.69));
#1953 = CARTESIAN_POINT('',(20.232614038674,-13.69));
#1954 = CARTESIAN_POINT('',(20.072697154586,-13.69));
#1955 = CARTESIAN_POINT('',(19.912779827212,-13.69));
#1956 = CARTESIAN_POINT('',(19.273129640627,-13.69));
#1957 = CARTESIAN_POINT('',(18.793393171684,-13.69));
#1958 = CARTESIAN_POINT('',(18.313652061663,-13.69));
#1959 = CARTESIAN_POINT('',(17.833905936969,-13.69));
#1960 = CARTESIAN_POINT('',(17.354154620882,-13.69));
#1961 = CARTESIAN_POINT('',(16.874398133553,-13.69));
#1962 = CARTESIAN_POINT('',(16.394636692008,-13.69));
#1963 = CARTESIAN_POINT('',(15.761352509512,-13.69));
#1964 = CARTESIAN_POINT('',(15.60783385185,-13.69));
#1965 = CARTESIAN_POINT('',(15.454314753876,-13.69));
#1966 = CARTESIAN_POINT('',(15.300795235744,-13.69));
#1967 = CARTESIAN_POINT('',(15.147275321043,-13.69));
#1968 = CARTESIAN_POINT('',(14.993755036794,-13.69));
#1969 = CARTESIAN_POINT('',(14.840234413458,-13.69));
#1970 = CARTESIAN_POINT('',(14.609953658349,-13.69));
#1971 = CARTESIAN_POINT('',(14.533193831773,-13.69));
#1972 = CARTESIAN_POINT('',(14.456434005197,-13.69));
#1973 = CARTESIAN_POINT('',(14.379674178621,-13.69));
#1974 = CARTESIAN_POINT('',(14.302914352044,-13.69));
#1975 = CARTESIAN_POINT('',(14.226154525468,-13.69));
#1976 = CARTESIAN_POINT('',(14.149394698892,-13.69));
#1977 = CARTESIAN_POINT('',(14.034254958975,-13.69));
#1978 = CARTESIAN_POINT('',(13.995875046139,-13.69));
#1979 = CARTESIAN_POINT('',(13.95749513315,-13.69));
#1980 = CARTESIAN_POINT('',(13.919115219682,-13.69));
#1981 = CARTESIAN_POINT('',(13.880735305736,-13.69));
#1982 = CARTESIAN_POINT('',(13.842355391646,-13.69));
#1983 = CARTESIAN_POINT('',(13.803975478073,-13.69));
#1984 = CARTESIAN_POINT('',(13.720819000508,-13.69));
#1985 = CARTESIAN_POINT('',(13.676042435005,-13.69));
#1986 = CARTESIAN_POINT('',(13.631265869502,-13.69));
#1987 = CARTESIAN_POINT('',(13.586489303999,-13.69));
#1988 = CARTESIAN_POINT('',(13.541712738497,-13.69));
#1989 = CARTESIAN_POINT('',(13.496936172994,-13.69));
#1990 = CARTESIAN_POINT('',(13.452159607491,-13.69));
#1991 = CARTESIAN_POINT('',(13.324222919676,-13.69));
#1992 = CARTESIAN_POINT('',(13.241063377355,-13.69));
#1993 = CARTESIAN_POINT('',(13.157904606401,-13.69));
#1994 = CARTESIAN_POINT('',(13.074746829498,-13.69));
#1995 = CARTESIAN_POINT('',(12.991590300631,-13.69));
#1996 = CARTESIAN_POINT('',(12.90843530509,-13.69));
#1997 = CARTESIAN_POINT('',(12.825282159467,-13.69));
#1998 = CARTESIAN_POINT('',(12.658964451395,-13.69));
#1999 = CARTESIAN_POINT('',(12.575800029927,-13.69));
#2000 = CARTESIAN_POINT('',(12.492637551829,-13.69));
#2001 = CARTESIAN_POINT('',(12.409480160318,-13.69));
#2002 = CARTESIAN_POINT('',(12.326321728694,-13.69));
#2003 = CARTESIAN_POINT('',(12.243172923048,-13.69));
#2004 = CARTESIAN_POINT('',(12.160025099132,-13.69));
#2005 = CARTESIAN_POINT('',(11.865823944369,-13.69));
#2006 = CARTESIAN_POINT('',(11.654782356886,-13.69));
#2007 = CARTESIAN_POINT('',(11.443734175991,-13.69));
#2008 = CARTESIAN_POINT('',(11.232665883746,-13.69));
#2009 = CARTESIAN_POINT('',(11.021570879679,-13.69));
#2010 = CARTESIAN_POINT('',(10.8104494733,-13.69));
#2011 = CARTESIAN_POINT('',(10.599308876619,-13.69));
#2012 = CARTESIAN_POINT('',(10.260214089025,-13.69));
#2013 = CARTESIAN_POINT('',(10.132264007443,-13.69));
#2014 = CARTESIAN_POINT('',(10.004316926026,-13.69));
#2015 = CARTESIAN_POINT('',(9.876375867106,-13.69));
#2016 = CARTESIAN_POINT('',(9.748442898585,-13.69));
#2017 = CARTESIAN_POINT('',(9.620519131283,-13.69));
#2018 = CARTESIAN_POINT('',(9.492604716287,-13.69));
#2019 = CARTESIAN_POINT('',(9.236746191004,-13.69));
#2020 = CARTESIAN_POINT('',(9.108802351207,-13.69));
#2021 = CARTESIAN_POINT('',(8.980866473802,-13.69));
#2022 = CARTESIAN_POINT('',(8.852937145162,-13.69));
#2023 = CARTESIAN_POINT('',(8.72501230906,-13.69));
#2024 = CARTESIAN_POINT('',(8.597089244762,-13.69));
#2025 = CARTESIAN_POINT('',(8.469164601306,-13.69));
#2026 = CARTESIAN_POINT('',(8.174955090762,-13.69));
#2027 = CARTESIAN_POINT('',(8.008667144509,-13.69));
#2028 = CARTESIAN_POINT('',(7.84236861201,-13.69));
#2029 = CARTESIAN_POINT('',(7.676058669978,-13.69));
#2030 = CARTESIAN_POINT('',(7.509737709027,-13.69));
#2031 = CARTESIAN_POINT('',(7.34340733367,-13.69));
#2032 = CARTESIAN_POINT('',(7.177070362323,-13.69));
#2033 = CARTESIAN_POINT('',(6.927571752133,-13.69));
#2034 = CARTESIAN_POINT('',(6.844412096527,-13.69));
#2035 = CARTESIAN_POINT('',(6.761252394412,-13.69));
#2036 = CARTESIAN_POINT('',(6.678093281476,-13.69));
#2037 = CARTESIAN_POINT('',(6.594935495171,-13.69));
#2038 = CARTESIAN_POINT('',(6.51177987471,-13.69));
#2039 = CARTESIAN_POINT('',(6.428627361065,-13.69));
#2040 = CARTESIAN_POINT('',(6.266657410605,-13.69));
#2041 = CARTESIAN_POINT('',(6.187839698017,-13.69));
#2042 = CARTESIAN_POINT('',(6.109026788404,-13.69));
#2043 = CARTESIAN_POINT('',(6.030215221585,-13.69));
#2044 = CARTESIAN_POINT('',(5.95140423461,-13.69));
#2045 = CARTESIAN_POINT('',(5.872593863057,-13.69));
#2046 = CARTESIAN_POINT('',(5.793782041847,-13.69));
#2047 = CARTESIAN_POINT('',(5.714968690426,-13.69));
#2048 = ( GEOMETRIC_REPRESENTATION_CONTEXT(2) 
PARAMETRIC_REPRESENTATION_CONTEXT() REPRESENTATION_CONTEXT('2D SPACE',''
  ) );
#2049 = PCURVE('',#2050,#2055);
#2050 = PLANE('',#2051);
#2051 = AXIS2_PLACEMENT_3D('',#2052,#2053,#2054);
#2052 = CARTESIAN_POINT('',(13.69,0.,-19.75));
#2053 = DIRECTION('',(1.,0.,-0.));
#2054 = DIRECTION('',(0.,0.,1.));
#2055 = DEFINITIONAL_REPRESENTATION('',(#2056),#2269);
#2056 = B_SPLINE_CURVE_WITH_KNOTS('',8,(#2057,#2058,#2059,#2060,#2061,
    #2062,#2063,#2064,#2065,#2066,#2067,#2068,#2069,#2070,#2071,#2072,
    #2073,#2074,#2075,#2076,#2077,#2078,#2079,#2080,#2081,#2082,#2083,
    #2084,#2085,#2086,#2087,#2088,#2089,#2090,#2091,#2092,#2093,#2094,
    #2095,#2096,#2097,#2098,#2099,#2100,#2101,#2102,#2103,#2104,#2105,
    #2106,#2107,#2108,#2109,#2110,#2111,#2112,#2113,#2114,#2115,#2116,
    #2117,#2118,#2119,#2120,#2121,#2122,#2123,#2124,#2125,#2126,#2127,
    #2128,#2129,#2130,#2131,#2132,#2133,#2134,#2135,#2136,#2137,#2138,
    #2139,#2140,#2141,#2142,#2143,#2144,#2145,#2146,#2147,#2148,#2149,
    #2150,#2151,#2152,#2153,#2154,#2155,#2156,#2157,#2158,#2159,#2160,
    #2161,#2162,#2163,#2164,#2165,#2166,#2167,#2168,#2169,#2170,#2171,
    #2172,#2173,#2174,#2175,#2176,#2177,#2178,#2179,#2180,#2181,#2182,
    #2183,#2184,#2185,#2186,#2187,#2188,#2189,#2190,#2191,#2192,#2193,
    #2194,#2195,#2196,#2197,#2198,#2199,#2200,#2201,#2202,#2203,#2204,
    #2205,#2206,#2207,#2208,#2209,#2210,#2211,#2212,#2213,#2214,#2215,
    #2216,#2217,#2218,#2219,#2220,#2221,#2222,#2223,#2224,#2225,#2226,
    #2227,#2228,#2229,#2230,#2231,#2232,#2233,#2234,#2235,#2236,#2237,
    #2238,#2239,#2240,#2241,#2242,#2243,#2244,#2245,#2246,#2247,#2248,
    #2249,#2250,#2251,#2252,#2253,#2254,#2255,#2256,#2257,#2258,#2259,
    #2260,#2261,#2262,#2263,#2264,#2265,#2266,#2267,#2268),
  .UNSPECIFIED.,.F.,.F.,(9,7,7,7,7,7,7,7,7,7,7,7,7,7,7,7,7,7,7,7,7,7,7,7
    ,7,7,7,7,7,7,9),(0.,1.586589940313E-02,6.608080861507E-02,
    9.183770238644E-02,0.117585179875,0.144621131635,0.157498109511,
    0.171662738523,0.198700949535,0.210288017565,0.297836825486,
    0.367364745416,0.417581094295,0.451059113336,0.499988758244,
    0.566945058538,0.614586518133,0.6467761305,0.743340747301,
    0.774240033154,0.789689547733,0.797414305033,0.80642652217,
    0.823164230188,0.839905121145,0.882399865907,0.908150639838,
    0.933910831258,0.967393089569,0.984132066477,1.),.UNSPECIFIED.);
#2057 = CARTESIAN_POINT('',(39.5,-8.225819089203));
#2058 = CARTESIAN_POINT('',(39.425253881383,-8.250937573701));
#2059 = CARTESIAN_POINT('',(39.350359751414,-8.275620387257));
#2060 = CARTESIAN_POINT('',(39.275325392184,-8.299880314279));
#2061 = CARTESIAN_POINT('',(39.200161338447,-8.323734385139));
#2062 = CARTESIAN_POINT('',(39.124874148345,-8.347194264782));
#2063 = CARTESIAN_POINT('',(39.049471302414,-8.370273162752));
#2064 = CARTESIAN_POINT('',(38.973964355925,-8.39299031402));
#2065 = CARTESIAN_POINT('',(38.659062748636,-8.486134465778));
#2066 = CARTESIAN_POINT('',(38.418760868651,-8.553370570654));
#2067 = CARTESIAN_POINT('',(38.177564502489,-8.617329357853));
#2068 = CARTESIAN_POINT('',(37.935580756363,-8.678281638681));
#2069 = CARTESIAN_POINT('',(37.692910437993,-8.73650120748));
#2070 = CARTESIAN_POINT('',(37.449647824703,-8.792263976538));
#2071 = CARTESIAN_POINT('',(37.205880431519,-8.845847111008));
#2072 = CARTESIAN_POINT('',(36.836434775124,-8.924037091314));
#2073 = CARTESIAN_POINT('',(36.711070699584,-8.950051316675));
#2074 = CARTESIAN_POINT('',(36.585590923297,-8.975515630883));
#2075 = CARTESIAN_POINT('',(36.459990054213,-9.000372806727));
#2076 = CARTESIAN_POINT('',(36.334263293818,-9.024565352089));
#2077 = CARTESIAN_POINT('',(36.208406583129,-9.04803623483));
#2078 = CARTESIAN_POINT('',(36.08241653844,-9.070728579296));
#2079 = CARTESIAN_POINT('',(35.830209924879,-9.114432099488));
#2080 = CARTESIAN_POINT('',(35.703993729625,-9.135443923206));
#2081 = CARTESIAN_POINT('',(35.577638733429,-9.155562422716));
#2082 = CARTESIAN_POINT('',(35.451143005295,-9.174729833618));
#2083 = CARTESIAN_POINT('',(35.324505556719,-9.192888167083));
#2084 = CARTESIAN_POINT('',(35.197726357522,-9.209979366942));
#2085 = CARTESIAN_POINT('',(35.070806351697,-9.225945466774));
#2086 = CARTESIAN_POINT('',(34.810330220616,-9.256251823043));
#2087 = CARTESIAN_POINT('',(34.676760776972,-9.270475384172));
#2088 = CARTESIAN_POINT('',(34.543058168455,-9.283475157493));
#2089 = CARTESIAN_POINT('',(34.409240129087,-9.295326983859));
#2090 = CARTESIAN_POINT('',(34.275323100777,-9.306106817864));
#2091 = CARTESIAN_POINT('',(34.141322233317,-9.315890727846));
#2092 = CARTESIAN_POINT('',(34.007251384383,-9.324754895886));
#2093 = CARTESIAN_POINT('',(33.809239047165,-9.336595814694));
#2094 = CARTESIAN_POINT('',(33.745340459434,-9.34022474147));
#2095 = CARTESIAN_POINT('',(33.681428967761,-9.343670592117));
#2096 = CARTESIAN_POINT('',(33.617506183561,-9.346941560616));
#2097 = CARTESIAN_POINT('',(33.553573718249,-9.350045840949));
#2098 = CARTESIAN_POINT('',(33.489633183241,-9.352991627098));
#2099 = CARTESIAN_POINT('',(33.425686189951,-9.355787113042));
#2100 = CARTESIAN_POINT('',(33.291387557308,-9.361359200848));
#2101 = CARTESIAN_POINT('',(33.221034336914,-9.364106095766));
#2102 = CARTESIAN_POINT('',(33.150677594637,-9.366691913979));
#2103 = CARTESIAN_POINT('',(33.080319256907,-9.369126195317));
#2104 = CARTESIAN_POINT('',(33.009962579252,-9.371423977634));
#2105 = CARTESIAN_POINT('',(32.939608800432,-9.373595196018));
#2106 = CARTESIAN_POINT('',(32.869255359567,-9.375639255818));
#2107 = CARTESIAN_POINT('',(32.664610297123,-9.381247506161));
#2108 = CARTESIAN_POINT('',(32.530313772388,-9.384502250235));
#2109 = CARTESIAN_POINT('',(32.396014309365,-9.387380416778));
#2110 = CARTESIAN_POINT('',(32.26171268449,-9.389930969814));
#2111 = CARTESIAN_POINT('',(32.12740946095,-9.392202901625));
#2112 = CARTESIAN_POINT('',(31.993104988679,-9.394245232738));
#2113 = CARTESIAN_POINT('',(31.858799404365,-9.396107011939));
#2114 = CARTESIAN_POINT('',(31.666936245261,-9.39857882811));
#2115 = CARTESIAN_POINT('',(31.609379761884,-9.399295175844));
#2116 = CARTESIAN_POINT('',(31.551823111683,-9.399993127836));
#2117 = CARTESIAN_POINT('',(31.494266250288,-9.400675899036));
#2118 = CARTESIAN_POINT('',(31.436709156014,-9.401344304364));
#2119 = CARTESIAN_POINT('',(31.379151827296,-9.401997912109));
#2120 = CARTESIAN_POINT('',(31.321594280117,-9.402636197325));
#2121 = CARTESIAN_POINT('',(30.829145592454,-9.407970679764));
#2122 = CARTESIAN_POINT('',(30.39424401925,-9.411836142808));
#2123 = CARTESIAN_POINT('',(29.95933337603,-9.414920781148));
#2124 = CARTESIAN_POINT('',(29.524415009525,-9.41728929198));
#2125 = CARTESIAN_POINT('',(29.089490062995,-9.4190063729));
#2126 = CARTESIAN_POINT('',(28.654559476229,-9.420136721913));
#2127 = CARTESIAN_POINT('',(28.219623985541,-9.420745037428));
#2128 = CARTESIAN_POINT('',(27.439271495075,-9.42101592147));
#2129 = CARTESIAN_POINT('',(27.093856152561,-9.420847384608));
#2130 = CARTESIAN_POINT('',(26.748438375226,-9.420422810223));
#2131 = CARTESIAN_POINT('',(26.403018404384,-9.419774598543));
#2132 = CARTESIAN_POINT('',(26.057596443665,-9.418935147472));
#2133 = CARTESIAN_POINT('',(25.71217265902,-9.417936852592));
#2134 = CARTESIAN_POINT('',(25.366747178714,-9.416812107163));
#2135 = CARTESIAN_POINT('',(24.771836331282,-9.414713023532));
#2136 = CARTESIAN_POINT('',(24.52235174203,-9.413783679747));
#2137 = CARTESIAN_POINT('',(24.272866363621,-9.412817474137));
#2138 = CARTESIAN_POINT('',(24.023380232754,-9.411826609724));
#2139 = CARTESIAN_POINT('',(23.773893384783,-9.41082328919));
#2140 = CARTESIAN_POINT('',(23.524405853715,-9.409819714866));
#2141 = CARTESIAN_POINT('',(23.274917672213,-9.408828088742));
#2142 = CARTESIAN_POINT('',(22.859100753273,-9.407215619539));
#2143 = CARTESIAN_POINT('',(22.692772361476,-9.406581360229));
#2144 = CARTESIAN_POINT('',(22.526443706188,-9.405961450012));
#2145 = CARTESIAN_POINT('',(22.360114798379,-9.405359504362));
#2146 = CARTESIAN_POINT('',(22.193785650009,-9.404779138741));
#2147 = CARTESIAN_POINT('',(22.027456274024,-9.404223968601));
#2148 = CARTESIAN_POINT('',(21.861126684359,-9.403697609382));
#2149 = CARTESIAN_POINT('',(21.451698357905,-9.402481771202));
#2150 = CARTESIAN_POINT('',(21.20859939856,-9.401829132338));
#2151 = CARTESIAN_POINT('',(20.965500062564,-9.401257047428));
#2152 = CARTESIAN_POINT('',(20.722400404637,-9.400776804051));
#2153 = CARTESIAN_POINT('',(20.479300489555,-9.400399689859));
#2154 = CARTESIAN_POINT('',(20.236200392153,-9.400136992576));
#2155 = CARTESIAN_POINT('',(19.99310019732,-9.4));
#2156 = CARTESIAN_POINT('',(19.4173368498,-9.4));
#2157 = CARTESIAN_POINT('',(19.0846737115,-9.400256528552));
#2158 = CARTESIAN_POINT('',(18.752010820397,-9.400740660948));
#2159 = CARTESIAN_POINT('',(18.41934838079,-9.401423472689));
#2160 = CARTESIAN_POINT('',(18.086686565982,-9.402276039489));
#2161 = CARTESIAN_POINT('',(17.754025518281,-9.403269437272));
#2162 = CARTESIAN_POINT('',(17.421365348997,-9.404374742174));
#2163 = CARTESIAN_POINT('',(16.852008915495,-9.406408534129));
#2164 = CARTESIAN_POINT('',(16.615312185922,-9.407296050103));
#2165 = CARTESIAN_POINT('',(16.378615981851,-9.408215159284));
#2166 = CARTESIAN_POINT('',(16.141920334367,-9.409155442319));
#2167 = CARTESIAN_POINT('',(15.905225273509,-9.410106479675));
#2168 = CARTESIAN_POINT('',(15.668530828273,-9.411057851642));
#2169 = CARTESIAN_POINT('',(15.431837026609,-9.411999138334));
#2170 = CARTESIAN_POINT('',(15.03521890136,-9.413542058363));
#2171 = CARTESIAN_POINT('',(14.875294214743,-9.414154835866));
#2172 = CARTESIAN_POINT('',(14.715369844425,-9.414755038041));
#2173 = CARTESIAN_POINT('',(14.555445800067,-9.415339450654));
#2174 = CARTESIAN_POINT('',(14.395522092133,-9.415904859386));
#2175 = CARTESIAN_POINT('',(14.235598731891,-9.416448049834));
#2176 = CARTESIAN_POINT('',(14.075675731418,-9.41696580751));
#2177 = CARTESIAN_POINT('',(13.436006187177,-9.418922184718));
#2178 = CARTESIAN_POINT('',(12.956262701213,-9.420131648877));
#2179 = CARTESIAN_POINT('',(12.476522897964,-9.420996526559));
#2180 = CARTESIAN_POINT('',(11.996787226639,-9.421430026206));
#2181 = CARTESIAN_POINT('',(11.517056333392,-9.421345348472));
#2182 = CARTESIAN_POINT('',(11.037331061322,-9.420655686217));
#2183 = CARTESIAN_POINT('',(10.557612450471,-9.41927422451));
#2184 = CARTESIAN_POINT('',(9.924401222548,-9.416422944914));
#2185 = CARTESIAN_POINT('',(9.770901523824,-9.415652025735));
#2186 = CARTESIAN_POINT('',(9.617402685339,-9.414798538592));
#2187 = CARTESIAN_POINT('',(9.46390475421,-9.413859639029));
#2188 = CARTESIAN_POINT('',(9.310407780987,-9.412832482633));
#2189 = CARTESIAN_POINT('',(9.156911819655,-9.411714225034));
#2190 = CARTESIAN_POINT('',(9.003416927632,-9.410502021904));
#2191 = CARTESIAN_POINT('',(8.773176922417,-9.408538537923));
#2192 = CARTESIAN_POINT('',(8.696431037883,-9.407859850494));
#2193 = CARTESIAN_POINT('',(8.619685515538,-9.407156611198));
#2194 = CARTESIAN_POINT('',(8.542940358751,-9.406428464566));
#2195 = CARTESIAN_POINT('',(8.46619557089,-9.405675055124));
#2196 = CARTESIAN_POINT('',(8.389451155327,-9.404896027402));
#2197 = CARTESIAN_POINT('',(8.312707115429,-9.404091025928));
#2198 = CARTESIAN_POINT('',(8.197591624081,-9.40284402988));
#2199 = CARTESIAN_POINT('',(8.159219888357,-9.402421748787));
#2200 = CARTESIAN_POINT('',(8.120848247871,-9.401992854995));
#2201 = CARTESIAN_POINT('',(8.082476703058,-9.401557326658));
#2202 = CARTESIAN_POINT('',(8.044105254307,-9.401115117043));
#2203 = CARTESIAN_POINT('',(8.005733901962,-9.400666154524));
#2204 = CARTESIAN_POINT('',(7.967362646323,-9.400210342588));
#2205 = CARTESIAN_POINT('',(7.884225134422,-9.399207646598));
#2206 = CARTESIAN_POINT('',(7.839458904367,-9.398657796589));
#2207 = CARTESIAN_POINT('',(7.794692771867,-9.398096192932));
#2208 = CARTESIAN_POINT('',(7.749926711312,-9.397521018756));
#2209 = CARTESIAN_POINT('',(7.70516069709,-9.396930457188));
#2210 = CARTESIAN_POINT('',(7.660394703589,-9.396322691355));
#2211 = CARTESIAN_POINT('',(7.6156287052,-9.395695904385));
#2212 = CARTESIAN_POINT('',(7.487722122849,-9.393845494604));
#2213 = CARTESIAN_POINT('',(7.404582044049,-9.392570843116));
#2214 = CARTESIAN_POINT('',(7.321442467154,-9.391212688296));
#2215 = CARTESIAN_POINT('',(7.238303450737,-9.389759397551));
#2216 = CARTESIAN_POINT('',(7.1551650847,-9.38819934234));
#2217 = CARTESIAN_POINT('',(7.072027490277,-9.386520898173));
#2218 = CARTESIAN_POINT('',(6.988890820029,-9.384712444613));
#2219 = CARTESIAN_POINT('',(6.82260388613,-9.380811915099));
#2220 = CARTESIAN_POINT('',(6.739453594807,-9.378720080517));
#2221 = CARTESIAN_POINT('',(6.656305249631,-9.376472762109));
#2222 = CARTESIAN_POINT('',(6.573156175622,-9.374068171836));
#2223 = CARTESIAN_POINT('',(6.490013714773,-9.371471028482));
#2224 = CARTESIAN_POINT('',(6.406867102603,-9.36870665166));
#2225 = CARTESIAN_POINT('',(6.32372699543,-9.365729706337));
#2226 = CARTESIAN_POINT('',(6.029568384032,-9.354409387772));
#2227 = CARTESIAN_POINT('',(5.818589051265,-9.34484878869));
#2228 = CARTESIAN_POINT('',(5.607692664558,-9.333554202139));
#2229 = CARTESIAN_POINT('',(5.396923623402,-9.320230210565));
#2230 = CARTESIAN_POINT('',(5.186333316818,-9.304580964376));
#2231 = CARTESIAN_POINT('',(4.975980075216,-9.286310754578));
#2232 = CARTESIAN_POINT('',(4.765929122266,-9.265124585414));
#2233 = CARTESIAN_POINT('',(4.429193648304,-9.225945466775));
#2234 = CARTESIAN_POINT('',(4.302273642479,-9.209979366942));
#2235 = CARTESIAN_POINT('',(4.175494443283,-9.192888167083));
#2236 = CARTESIAN_POINT('',(4.048856994707,-9.174729833618));
#2237 = CARTESIAN_POINT('',(3.922361266573,-9.155562422716));
#2238 = CARTESIAN_POINT('',(3.796006270376,-9.135443923207));
#2239 = CARTESIAN_POINT('',(3.669790075122,-9.114432099488));
#2240 = CARTESIAN_POINT('',(3.417583461562,-9.070728579297));
#2241 = CARTESIAN_POINT('',(3.291593416871,-9.04803623483));
#2242 = CARTESIAN_POINT('',(3.165736706183,-9.02456535209));
#2243 = CARTESIAN_POINT('',(3.04000994579,-9.000372806728));
#2244 = CARTESIAN_POINT('',(2.914409076704,-8.975515630883));
#2245 = CARTESIAN_POINT('',(2.788929300416,-8.950051316675));
#2246 = CARTESIAN_POINT('',(2.663565224878,-8.924037091314));
#2247 = CARTESIAN_POINT('',(2.375510143168,-8.863072722737));
#2248 = CARTESIAN_POINT('',(2.212897139131,-8.827771856586));
#2249 = CARTESIAN_POINT('',(2.05049649504,-8.791543162557));
#2250 = CARTESIAN_POINT('',(1.888333681851,-8.754304515459));
#2251 = CARTESIAN_POINT('',(1.726435355046,-8.715974067725));
#2252 = CARTESIAN_POINT('',(1.564829354639,-8.676470249407));
#2253 = CARTESIAN_POINT('',(1.403544705172,-8.63571176818));
#2254 = CARTESIAN_POINT('',(1.162155415806,-8.572573235743));
#2255 = CARTESIAN_POINT('',(1.081787134209,-8.551195071384));
#2256 = CARTESIAN_POINT('',(1.001510571611,-8.529473013207));
#2257 = CARTESIAN_POINT('',(0.921329621022,-8.507397006328));
#2258 = CARTESIAN_POINT('',(0.841248267777,-8.48495704403));
#2259 = CARTESIAN_POINT('',(0.761270589539,-8.462143167769));
#2260 = CARTESIAN_POINT('',(0.681400756297,-8.438945467171));
#2261 = CARTESIAN_POINT('',(0.526035644077,-8.39299031402));
#2262 = CARTESIAN_POINT('',(0.450528697584,-8.370273162751));
#2263 = CARTESIAN_POINT('',(0.375125851659,-8.347194264783));
#2264 = CARTESIAN_POINT('',(0.299838661553,-8.323734385139));
#2265 = CARTESIAN_POINT('',(0.224674607813,-8.299880314278));
#2266 = CARTESIAN_POINT('',(0.14964024859,-8.275620387258));
#2267 = CARTESIAN_POINT('',(7.474611861629E-02,-8.2509375737));
#2268 = CARTESIAN_POINT('',(0.,-8.225819089203));
#2269 = ( GEOMETRIC_REPRESENTATION_CONTEXT(2) 
PARAMETRIC_REPRESENTATION_CONTEXT() REPRESENTATION_CONTEXT('2D SPACE',''
  ) );
#2270 = ORIENTED_EDGE('',*,*,#2271,.T.);
#2271 = EDGE_CURVE('',#1617,#2272,#2274,.T.);
#2272 = VERTEX_POINT('',#2273);
#2273 = CARTESIAN_POINT('',(8.69,5.5,24.75));
#2274 = SURFACE_CURVE('',#2275,(#2338,#2404),.PCURVE_S1.);
#2275 = B_SPLINE_CURVE_WITH_KNOTS('',7,(#2276,#2277,#2278,#2279,#2280,
    #2281,#2282,#2283,#2284,#2285,#2286,#2287,#2288,#2289,#2290,#2291,
    #2292,#2293,#2294,#2295,#2296,#2297,#2298,#2299,#2300,#2301,#2302,
    #2303,#2304,#2305,#2306,#2307,#2308,#2309,#2310,#2311,#2312,#2313,
    #2314,#2315,#2316,#2317,#2318,#2319,#2320,#2321,#2322,#2323,#2324,
    #2325,#2326,#2327,#2328,#2329,#2330,#2331,#2332,#2333,#2334,#2335,
    #2336,#2337),.UNSPECIFIED.,.F.,.F.,(8,6,6,6,6,6,6,6,6,6,8),(0.,
    6.993725477841E-02,0.144213717313,0.231378561508,0.287438639957,
    0.415572087772,0.564336938844,0.611245649267,0.657166541646,
    0.760695306403,1.),.UNSPECIFIED.);
#2276 = CARTESIAN_POINT('',(13.69,8.225819089203,19.75));
#2277 = CARTESIAN_POINT('',(13.69,8.207247013593,19.805265697525));
#2278 = CARTESIAN_POINT('',(13.689287622444,8.184142680014,
    19.873212380305));
#2279 = CARTESIAN_POINT('',(13.687272023699,8.157189453431,
    19.951108210034));
#2280 = CARTESIAN_POINT('',(13.683380349039,8.127226822647,
    20.035737807971));
#2281 = CARTESIAN_POINT('',(13.677322824412,8.095392899479,
    20.123192347353));
#2282 = CARTESIAN_POINT('',(13.669526550968,8.063399489314,
    20.208757229895));
#2283 = CARTESIAN_POINT('',(13.652179338643,8.002059368405,20.369439251)
  );
#2284 = CARTESIAN_POINT('',(13.641672358379,7.969892512467,
    20.451702589569));
#2285 = CARTESIAN_POINT('',(13.629616132945,7.937189044536,
    20.533448292232));
#2286 = CARTESIAN_POINT('',(13.616053526953,7.903813140954,
    20.614555979898));
#2287 = CARTESIAN_POINT('',(13.60099476708,7.869989582543,
    20.695122491716));
#2288 = CARTESIAN_POINT('',(13.584469517465,7.835668144485,
    20.775079974678));
#2289 = CARTESIAN_POINT('',(13.545404267837,7.760148520135,
    20.947567211857));
#2290 = CARTESIAN_POINT('',(13.522318406747,7.718784521718,
    21.039868121134));
#2291 = CARTESIAN_POINT('',(13.497271260861,7.67690179931,
    21.131330416418));
#2292 = CARTESIAN_POINT('',(13.470291599852,7.634570083136,
    21.221944589276));
#2293 = CARTESIAN_POINT('',(13.441404255187,7.591857561328,
    21.31170219252));
#2294 = CARTESIAN_POINT('',(13.410630011118,7.548830581933,
    21.400595612211));
#2295 = CARTESIAN_POINT('',(13.356990172219,7.477719601935,
    21.545229344254));
#2296 = CARTESIAN_POINT('',(13.335221080009,7.449783447698,
    21.601480917784));
#2297 = CARTESIAN_POINT('',(13.312683569431,7.421757811707,
    21.657367649591));
#2298 = CARTESIAN_POINT('',(13.28938190039,7.393661904926,
    21.712889159617));
#2299 = CARTESIAN_POINT('',(13.265311445399,7.36553551177,
    21.768056978831));
#2300 = CARTESIAN_POINT('',(13.240492393487,7.337335641384,
    21.822831286917));
#2301 = CARTESIAN_POINT('',(13.156498299045,7.244493162883,
    22.001500649672));
#2302 = CARTESIAN_POINT('',(13.094180826848,7.179595305361,
    22.123715307402));
#2303 = CARTESIAN_POINT('',(13.028075983931,7.114378809664,
    22.243702235204));
#2304 = CARTESIAN_POINT('',(12.958286731987,7.048849678244,
    22.361327263559));
#2305 = CARTESIAN_POINT('',(12.884915063025,6.983027129532,
    22.476472339911));
#2306 = CARTESIAN_POINT('',(12.808058032773,6.916944553165,
    22.589034014323));
#2307 = CARTESIAN_POINT('',(12.63462742156,6.773682036671,
    22.826503434588));
#2308 = CARTESIAN_POINT('',(12.536880227706,6.696432034155,
    22.950469266518));
#2309 = CARTESIAN_POINT('',(12.434500258928,6.619394164449,
    23.070954179349));
#2310 = CARTESIAN_POINT('',(12.327396007639,6.543052937438,
    23.188008002294));
#2311 = CARTESIAN_POINT('',(12.21546106017,6.46788062316,23.301605430681
    ));
#2312 = CARTESIAN_POINT('',(12.098588056232,6.394330488899,
    23.411652026531));
#2313 = CARTESIAN_POINT('',(11.938242384117,6.300279535267,
    23.551515913641));
#2314 = CARTESIAN_POINT('',(11.89930353341,6.277936712084,
    23.584675318533));
#2315 = CARTESIAN_POINT('',(11.859862750544,6.255812029215,
    23.617459345948));
#2316 = CARTESIAN_POINT('',(11.819918595334,6.233917754546,23.649861301)
  );
#2317 = CARTESIAN_POINT('',(11.779469173068,6.212267750301,
    23.681874377335));
#2318 = CARTESIAN_POINT('',(11.738512748618,6.190876294425,
    23.71349129604));
#2319 = CARTESIAN_POINT('',(11.656461665652,6.149072971805,
    23.775256039432));
#2320 = CARTESIAN_POINT('',(11.615388024472,6.12865021036,
    23.805420867803));
#2321 = CARTESIAN_POINT('',(11.573830154521,6.108493895442,
    23.835188172452));
#2322 = CARTESIAN_POINT('',(11.531789040249,6.088613844519,
    23.864548928049));
#2323 = CARTESIAN_POINT('',(11.489266218778,6.069019727184,
    23.893493689719));
#2324 = CARTESIAN_POINT('',(11.446263779903,6.049721065154,
    23.92201259304));
#2325 = CARTESIAN_POINT('',(11.304759920768,5.987905589336,
    24.013408007773));
#2326 = CARTESIAN_POINT('',(11.204310287081,5.946632797959,
    24.074504515128));
#2327 = CARTESIAN_POINT('',(11.101467727654,5.907016715803,
    24.133266805268));
#2328 = CARTESIAN_POINT('',(10.996280253413,5.869159564609,
    24.189567798561));
#2329 = CARTESIAN_POINT('',(10.888813977515,5.833156853658,
    24.243274730309));
#2330 = CARTESIAN_POINT('',(10.779155469276,5.799096303238,
    24.294252474478));
#2331 = CARTESIAN_POINT('',(10.409126160204,5.692998015869,
    24.45358233581));
#2332 = CARTESIAN_POINT('',(10.13953747048,5.629688277648,
    24.549573387785));
#2333 = CARTESIAN_POINT('',(9.860235331264,5.578204487369,
    24.628536489638));
#2334 = CARTESIAN_POINT('',(9.573163287835,5.5392135688,24.688948251332)
  );
#2335 = CARTESIAN_POINT('',(9.280620150407,5.51306262796,24.729662434464
    ));
#2336 = CARTESIAN_POINT('',(8.985229558162,5.5,24.750000000001));
#2337 = CARTESIAN_POINT('',(8.689999999977,5.5,24.75));
#2338 = PCURVE('',#1158,#2339);
#2339 = DEFINITIONAL_REPRESENTATION('',(#2340),#2403);
#2340 = B_SPLINE_CURVE_WITH_KNOTS('',7,(#2341,#2342,#2343,#2344,#2345,
    #2346,#2347,#2348,#2349,#2350,#2351,#2352,#2353,#2354,#2355,#2356,
    #2357,#2358,#2359,#2360,#2361,#2362,#2363,#2364,#2365,#2366,#2367,
    #2368,#2369,#2370,#2371,#2372,#2373,#2374,#2375,#2376,#2377,#2378,
    #2379,#2380,#2381,#2382,#2383,#2384,#2385,#2386,#2387,#2388,#2389,
    #2390,#2391,#2392,#2393,#2394,#2395,#2396,#2397,#2398,#2399,#2400,
    #2401,#2402),.UNSPECIFIED.,.F.,.F.,(8,6,6,6,6,6,6,6,6,6,8),(0.,
    6.993725477841E-02,0.144213717313,0.231378561508,0.287438639957,
    0.415572087772,0.564336938844,0.611245649267,0.657166541646,
    0.760695306403,1.),.UNSPECIFIED.);
#2341 = CARTESIAN_POINT('',(45.458249027082,-13.69));
#2342 = CARTESIAN_POINT('',(45.516521950429,-13.69));
#2343 = CARTESIAN_POINT('',(45.588253874258,-13.68928762244));
#2344 = CARTESIAN_POINT('',(45.670642696992,-13.68727202369));
#2345 = CARTESIAN_POINT('',(45.760381292245,-13.68338034903));
#2346 = CARTESIAN_POINT('',(45.853419147827,-13.67732282441));
#2347 = CARTESIAN_POINT('',(45.94475175667,-13.66952655096));
#2348 = CARTESIAN_POINT('',(46.116724883153,-13.65217933864));
#2349 = CARTESIAN_POINT('',(46.205047665186,-13.64167235837));
#2350 = CARTESIAN_POINT('',(46.293088232081,-13.62961613294));
#2351 = CARTESIAN_POINT('',(46.380796479646,-13.61605352695));
#2352 = CARTESIAN_POINT('',(46.468173966334,-13.60099476708));
#2353 = CARTESIAN_POINT('',(46.555183519994,-13.58446951746));
#2354 = CARTESIAN_POINT('',(46.743464509345,-13.54540426783));
#2355 = CARTESIAN_POINT('',(46.844590621195,-13.52231840674));
#2356 = CARTESIAN_POINT('',(46.94515493307,-13.49727126086));
#2357 = CARTESIAN_POINT('',(47.045126958795,-13.47029159985));
#2358 = CARTESIAN_POINT('',(47.144477480825,-13.44140425518));
#2359 = CARTESIAN_POINT('',(47.243178428065,-13.41063001111));
#2360 = CARTESIAN_POINT('',(47.404247108744,-13.35699017221));
#2361 = CARTESIAN_POINT('',(47.467011455404,-13.33522108));
#2362 = CARTESIAN_POINT('',(47.529487813434,-13.31268356943));
#2363 = CARTESIAN_POINT('',(47.591669242339,-13.28938190039));
#2364 = CARTESIAN_POINT('',(47.653549809405,-13.26531144539));
#2365 = CARTESIAN_POINT('',(47.715116040171,-13.24049239348));
#2366 = CARTESIAN_POINT('',(47.916343864691,-13.15649829904));
#2367 = CARTESIAN_POINT('',(48.054644458358,-13.09418082684));
#2368 = CARTESIAN_POINT('',(48.191154051124,-13.02807598393));
#2369 = CARTESIAN_POINT('',(48.325771576054,-12.95828673198));
#2370 = CARTESIAN_POINT('',(48.458401279898,-12.88491506302));
#2371 = CARTESIAN_POINT('',(48.588950794529,-12.80805803277));
#2372 = CARTESIAN_POINT('',(48.86637846865,-12.63462742156));
#2373 = CARTESIAN_POINT('',(49.012489583573,-12.5368802277));
#2374 = CARTESIAN_POINT('',(49.15552032787,-12.43450025892));
#2375 = CARTESIAN_POINT('',(49.295260707736,-12.32739600763));
#2376 = CARTESIAN_POINT('',(49.43144290438,-12.21546106017));
#2377 = CARTESIAN_POINT('',(49.56374991465,-12.09858805623));
#2378 = CARTESIAN_POINT('',(49.732207011827,-11.93824238411));
#2379 = CARTESIAN_POINT('',(49.772169036433,-11.89930353341));
#2380 = CARTESIAN_POINT('',(49.811697023486,-11.85986275054));
#2381 = CARTESIAN_POINT('',(49.850778898127,-11.81991859533));
#2382 = CARTESIAN_POINT('',(49.889401591066,-11.77946917306));
#2383 = CARTESIAN_POINT('',(49.927551386614,-11.73851274861));
#2384 = CARTESIAN_POINT('',(50.002086426135,-11.65646166565));
#2385 = CARTESIAN_POINT('',(50.0384918475,-11.61538802447));
#2386 = CARTESIAN_POINT('',(50.074419260468,-11.57383015452));
#2387 = CARTESIAN_POINT('',(50.109855893878,-11.53178904024));
#2388 = CARTESIAN_POINT('',(50.14478868641,-11.48926621877));
#2389 = CARTESIAN_POINT('',(50.179204286585,-11.4462637799));
#2390 = CARTESIAN_POINT('',(50.289482341419,-11.30475992076));
#2391 = CARTESIAN_POINT('',(50.363178362699,-11.20431028708));
#2392 = CARTESIAN_POINT('',(50.434020379247,-11.10146772765));
#2393 = CARTESIAN_POINT('',(50.501846655358,-10.99628025341));
#2394 = CARTESIAN_POINT('',(50.566493884674,-10.88881397751));
#2395 = CARTESIAN_POINT('',(50.627800617884,-10.77915546927));
#2396 = CARTESIAN_POINT('',(50.819237530524,-10.4091261602));
#2397 = CARTESIAN_POINT('',(50.934271029164,-10.13953747048));
#2398 = CARTESIAN_POINT('',(51.028603683233,-9.860235331264));
#2399 = CARTESIAN_POINT('',(51.10057673865,-9.573163287835));
#2400 = CARTESIAN_POINT('',(51.149019647204,-9.280620150407));
#2401 = CARTESIAN_POINT('',(51.173217717509,-8.985229558162));
#2402 = CARTESIAN_POINT('',(51.173217717508,-8.689999999977));
#2403 = ( GEOMETRIC_REPRESENTATION_CONTEXT(2) 
PARAMETRIC_REPRESENTATION_CONTEXT() REPRESENTATION_CONTEXT('2D SPACE',''
  ) );
#2404 = PCURVE('',#2405,#2410);
#2405 = CYLINDRICAL_SURFACE('',#2406,5.);
#2406 = AXIS2_PLACEMENT_3D('',#2407,#2408,#2409);
#2407 = CARTESIAN_POINT('',(8.69,0.,19.75));
#2408 = DIRECTION('',(0.,-1.,0.));
#2409 = DIRECTION('',(1.,0.,0.));
#2410 = DEFINITIONAL_REPRESENTATION('',(#2411),#2474);
#2411 = B_SPLINE_CURVE_WITH_KNOTS('',7,(#2412,#2413,#2414,#2415,#2416,
    #2417,#2418,#2419,#2420,#2421,#2422,#2423,#2424,#2425,#2426,#2427,
    #2428,#2429,#2430,#2431,#2432,#2433,#2434,#2435,#2436,#2437,#2438,
    #2439,#2440,#2441,#2442,#2443,#2444,#2445,#2446,#2447,#2448,#2449,
    #2450,#2451,#2452,#2453,#2454,#2455,#2456,#2457,#2458,#2459,#2460,
    #2461,#2462,#2463,#2464,#2465,#2466,#2467,#2468,#2469,#2470,#2471,
    #2472,#2473),.UNSPECIFIED.,.F.,.F.,(8,6,6,6,6,6,6,6,6,6,8),(0.,
    6.993725477841E-02,0.144213717313,0.231378561508,0.287438639957,
    0.415572087772,0.564336938844,0.611245649267,0.657166541646,
    0.760695306403,1.),.UNSPECIFIED.);
#2412 = CARTESIAN_POINT('',(0.,-8.225819089203));
#2413 = CARTESIAN_POINT('',(1.105313950499E-02,-8.207247013593));
#2414 = CARTESIAN_POINT('',(2.464243954446E-02,-8.184142680014));
#2415 = CARTESIAN_POINT('',(4.022400774991E-02,-8.157189453431));
#2416 = CARTESIAN_POINT('',(5.716055926866E-02,-8.127226822647));
#2417 = CARTESIAN_POINT('',(7.468655640396E-02,-8.09539289948));
#2418 = CARTESIAN_POINT('',(9.186806670746E-02,-8.063399489314));
#2419 = CARTESIAN_POINT('',(0.124191208685,-8.002059368405));
#2420 = CARTESIAN_POINT('',(0.140774380459,-7.969892512467));
#2421 = CARTESIAN_POINT('',(0.157295422476,-7.937189044536));
#2422 = CARTESIAN_POINT('',(0.173736743342,-7.903813140954));
#2423 = CARTESIAN_POINT('',(0.190124345087,-7.869989582543));
#2424 = CARTESIAN_POINT('',(0.206450881904,-7.835668144485));
#2425 = CARTESIAN_POINT('',(0.241822023089,-7.760148520135));
#2426 = CARTESIAN_POINT('',(0.260846100981,-7.718784521718));
#2427 = CARTESIAN_POINT('',(0.279804620333,-7.67690179931));
#2428 = CARTESIAN_POINT('',(0.298705438159,-7.634570083136));
#2429 = CARTESIAN_POINT('',(0.317556505339,-7.591857561328));
#2430 = CARTESIAN_POINT('',(0.33636593392,-7.548830581933));
#2431 = CARTESIAN_POINT('',(0.367217934673,-7.477719601935));
#2432 = CARTESIAN_POINT('',(0.379280121967,-7.449783447698));
#2433 = CARTESIAN_POINT('',(0.391330212832,-7.421757811707));
#2434 = CARTESIAN_POINT('',(0.40337067538,-7.393661904926));
#2435 = CARTESIAN_POINT('',(0.415406843377,-7.36553551177));
#2436 = CARTESIAN_POINT('',(0.427432649865,-7.337335641384));
#2437 = CARTESIAN_POINT('',(0.466918216387,-7.244493162883));
#2438 = CARTESIAN_POINT('',(0.494341195502,-7.179595305361));
#2439 = CARTESIAN_POINT('',(0.521717123802,-7.114378809664));
#2440 = CARTESIAN_POINT('',(0.54904622441,-7.048849678244));
#2441 = CARTESIAN_POINT('',(0.576331136731,-6.983027129532));
#2442 = CARTESIAN_POINT('',(0.603577047091,-6.916944553165));
#2443 = CARTESIAN_POINT('',(0.662388577411,-6.773682036671));
#2444 = CARTESIAN_POINT('',(0.693940523032,-6.696432034155));
#2445 = CARTESIAN_POINT('',(0.725528231306,-6.619394164449));
#2446 = CARTESIAN_POINT('',(0.757221465148,-6.543052937438));
#2447 = CARTESIAN_POINT('',(0.789081882048,-6.46788062316));
#2448 = CARTESIAN_POINT('',(0.82116444865,-6.394330488899));
#2449 = CARTESIAN_POINT('',(0.863719185864,-6.300279535267));
#2450 = CARTESIAN_POINT('',(0.873947404946,-6.277936712084));
#2451 = CARTESIAN_POINT('',(0.884203659507,-6.255812029215));
#2452 = CARTESIAN_POINT('',(0.894489060706,-6.233917754546));
#2453 = CARTESIAN_POINT('',(0.904804820758,-6.212267750301));
#2454 = CARTESIAN_POINT('',(0.915152116687,-6.190876294425));
#2455 = CARTESIAN_POINT('',(0.93569209112,-6.149072971805));
#2456 = CARTESIAN_POINT('',(0.945883457326,-6.12865021036));
#2457 = CARTESIAN_POINT('',(0.956106094678,-6.108493895442));
#2458 = CARTESIAN_POINT('',(0.966360521,-6.088613844519));
#2459 = CARTESIAN_POINT('',(0.976647164732,-6.069019727184));
#2460 = CARTESIAN_POINT('',(0.986966364938,-6.049721065154));
#2461 = CARTESIAN_POINT('',(1.02065699508,-5.987905589336));
#2462 = CARTESIAN_POINT('',(1.044162597375,-5.946632797959));
#2463 = CARTESIAN_POINT('',(1.06783765388,-5.907016715803));
#2464 = CARTESIAN_POINT('',(1.0916824741,-5.869159564609));
#2465 = CARTESIAN_POINT('',(1.115695045992,-5.833156853658));
#2466 = CARTESIAN_POINT('',(1.139870880618,-5.799096303238));
#2467 = CARTESIAN_POINT('',(1.220445738802,-5.692998015869));
#2468 = CARTESIAN_POINT('',(1.277560327209,-5.629688277648));
#2469 = CARTESIAN_POINT('',(1.335402840365,-5.578204487371));
#2470 = CARTESIAN_POINT('',(1.393827370958,-5.539213568798));
#2471 = CARTESIAN_POINT('',(1.452672309845,-5.513062627961));
#2472 = CARTESIAN_POINT('',(1.511750415158,-5.499999999999));
#2473 = CARTESIAN_POINT('',(1.570796326795,-5.5));
#2474 = ( GEOMETRIC_REPRESENTATION_CONTEXT(2) 
PARAMETRIC_REPRESENTATION_CONTEXT() REPRESENTATION_CONTEXT('2D SPACE',''
  ) );
#2475 = ORIENTED_EDGE('',*,*,#2476,.F.);
#2476 = EDGE_CURVE('',#2477,#2272,#2479,.T.);
#2477 = VERTEX_POINT('',#2478);
#2478 = CARTESIAN_POINT('',(0.,5.5,24.75));
#2479 = SURFACE_CURVE('',#2480,(#2484,#2491),.PCURVE_S1.);
#2480 = LINE('',#2481,#2482);
#2481 = CARTESIAN_POINT('',(0.,5.5,24.75));
#2482 = VECTOR('',#2483,1.);
#2483 = DIRECTION('',(1.,0.,0.));
#2484 = PCURVE('',#1158,#2485);
#2485 = DEFINITIONAL_REPRESENTATION('',(#2486),#2490);
#2486 = LINE('',#2487,#2488);
#2487 = CARTESIAN_POINT('',(51.173217717508,0.));
#2488 = VECTOR('',#2489,1.);
#2489 = DIRECTION('',(0.,-1.));
#2490 = ( GEOMETRIC_REPRESENTATION_CONTEXT(2) 
PARAMETRIC_REPRESENTATION_CONTEXT() REPRESENTATION_CONTEXT('2D SPACE',''
  ) );
#2491 = PCURVE('',#2492,#2497);
#2492 = PLANE('',#2493);
#2493 = AXIS2_PLACEMENT_3D('',#2494,#2495,#2496);
#2494 = CARTESIAN_POINT('',(-8.69,0.,24.75));
#2495 = DIRECTION('',(0.,0.,-1.));
#2496 = DIRECTION('',(1.,0.,0.));
#2497 = DEFINITIONAL_REPRESENTATION('',(#2498),#2502);
#2498 = LINE('',#2499,#2500);
#2499 = CARTESIAN_POINT('',(8.69,-5.5));
#2500 = VECTOR('',#2501,1.);
#2501 = DIRECTION('',(1.,0.));
#2502 = ( GEOMETRIC_REPRESENTATION_CONTEXT(2) 
PARAMETRIC_REPRESENTATION_CONTEXT() REPRESENTATION_CONTEXT('2D SPACE',''
  ) );
#2503 = ORIENTED_EDGE('',*,*,#2504,.F.);
#2504 = EDGE_CURVE('',#2505,#2477,#2507,.T.);
#2505 = VERTEX_POINT('',#2506);
#2506 = CARTESIAN_POINT('',(0.,7.596918011038,21.3));
#2507 = SURFACE_CURVE('',#2508,(#2532,#2539),.PCURVE_S1.);
#2508 = B_SPLINE_CURVE_WITH_KNOTS('',3,(#2509,#2510,#2511,#2512,#2513,
    #2514,#2515,#2516,#2517,#2518,#2519,#2520,#2521,#2522,#2523,#2524,
    #2525,#2526,#2527,#2528,#2529,#2530,#2531),.UNSPECIFIED.,.F.,.F.,(4,
    1,1,1,1,1,1,1,1,1,1,1,1,1,1,1,1,1,1,1,4),(0.,1.261942946412,
    2.4546289906,3.595900211651,4.915938089896,6.291619739116,
    8.353172551924,10.381866713202,12.286308888748,13.786608858754,
    25.586608858754,37.386608858754,38.88690882876,40.791351004306,
    42.820045165584,44.881597978392,46.257279627612,47.577317505857,
    48.718588726908,49.911274771096,51.173217717508),.UNSPECIFIED.);
#2509 = CARTESIAN_POINT('',(0.,5.5,-24.75));
#2510 = CARTESIAN_POINT('',(0.,5.727075454721,-24.39646209215));
#2511 = CARTESIAN_POINT('',(0.,6.188241571964,-23.71989489919));
#2512 = CARTESIAN_POINT('',(0.,6.856878788013,-22.72429456667));
#2513 = CARTESIAN_POINT('',(0.,7.437761725128,-21.65230126456));
#2514 = CARTESIAN_POINT('',(0.,7.979993893825,-20.49220209996));
#2515 = CARTESIAN_POINT('',(0.,8.489403898531,-18.98743240916));
#2516 = CARTESIAN_POINT('',(0.,8.916248834646,-17.21502725592));
#2517 = CARTESIAN_POINT('',(0.,9.275836265795,-15.24593821818));
#2518 = CARTESIAN_POINT('',(0.,9.376974883393,-13.43459394002));
#2519 = CARTESIAN_POINT('',(0.,9.453067077605,-8.367715871157));
#2520 = CARTESIAN_POINT('',(0.,9.352918993018,-8.485690544737E-16));
#2521 = CARTESIAN_POINT('',(0.,9.453067077605,8.367715871157));
#2522 = CARTESIAN_POINT('',(0.,9.376974883393,13.434593940021));
#2523 = CARTESIAN_POINT('',(0.,9.275836265795,15.245938218181));
#2524 = CARTESIAN_POINT('',(0.,8.916248834646,17.215027255925));
#2525 = CARTESIAN_POINT('',(0.,8.489403898531,18.987432409166));
#2526 = CARTESIAN_POINT('',(0.,7.979993893825,20.492202099968));
#2527 = CARTESIAN_POINT('',(0.,7.437761725128,21.652301264567));
#2528 = CARTESIAN_POINT('',(0.,6.856878788013,22.724294566671));
#2529 = CARTESIAN_POINT('',(0.,6.188241571964,23.719894899191));
#2530 = CARTESIAN_POINT('',(-0.,5.727075454721,24.396462092156));
#2531 = CARTESIAN_POINT('',(0.,5.5,24.75));
#2532 = PCURVE('',#1158,#2533);
#2533 = DEFINITIONAL_REPRESENTATION('',(#2534),#2538);
#2534 = LINE('',#2535,#2536);
#2535 = CARTESIAN_POINT('',(0.,0.));
#2536 = VECTOR('',#2537,1.);
#2537 = DIRECTION('',(1.,0.));
#2538 = ( GEOMETRIC_REPRESENTATION_CONTEXT(2) 
PARAMETRIC_REPRESENTATION_CONTEXT() REPRESENTATION_CONTEXT('2D SPACE',''
  ) );
#2539 = PCURVE('',#518,#2540);
#2540 = DEFINITIONAL_REPRESENTATION('',(#2541),#2544);
#2541 = B_SPLINE_CURVE_WITH_KNOTS('',1,(#2542,#2543),.UNSPECIFIED.,.F.,
  .F.,(2,2),(0.,51.173217717508),.PIECEWISE_BEZIER_KNOTS.);
#2542 = CARTESIAN_POINT('',(0.,0.));
#2543 = CARTESIAN_POINT('',(51.173217717508,0.));
#2544 = ( GEOMETRIC_REPRESENTATION_CONTEXT(2) 
PARAMETRIC_REPRESENTATION_CONTEXT() REPRESENTATION_CONTEXT('2D SPACE',''
  ) );
#2545 = ORIENTED_EDGE('',*,*,#2546,.F.);
#2546 = EDGE_CURVE('',#2547,#2505,#2549,.T.);
#2547 = VERTEX_POINT('',#2548);
#2548 = CARTESIAN_POINT('',(11.49,7.596918011038,21.3));
#2549 = SURFACE_CURVE('',#2550,(#2556,#2565),.PCURVE_S1.);
#2550 = B_SPLINE_CURVE_WITH_KNOTS('',4,(#2551,#2552,#2553,#2554,#2555),
  .UNSPECIFIED.,.F.,.F.,(5,5),(0.,1.),.PIECEWISE_BEZIER_KNOTS.);
#2551 = CARTESIAN_POINT('',(11.49,7.596918011038,21.3));
#2552 = CARTESIAN_POINT('',(8.61749985,7.596918011038,21.3));
#2553 = CARTESIAN_POINT('',(5.7449997,7.596918011038,21.3));
#2554 = CARTESIAN_POINT('',(2.87249955,7.596918011038,21.3));
#2555 = CARTESIAN_POINT('',(-5.999999999062E-07,7.596918011038,21.3));
#2556 = PCURVE('',#1158,#2557);
#2557 = DEFINITIONAL_REPRESENTATION('',(#2558),#2564);
#2558 = B_SPLINE_CURVE_WITH_KNOTS('',4,(#2559,#2560,#2561,#2562,#2563),
  .UNSPECIFIED.,.F.,.F.,(5,5),(0.,1.),.PIECEWISE_BEZIER_KNOTS.);
#2559 = CARTESIAN_POINT('',(47.131738371724,-11.49));
#2560 = CARTESIAN_POINT('',(47.131738371724,-8.61749985));
#2561 = CARTESIAN_POINT('',(47.131738371724,-5.7449997));
#2562 = CARTESIAN_POINT('',(47.131738371724,-2.87249955));
#2563 = CARTESIAN_POINT('',(47.131738371724,5.999999999062E-07));
#2564 = ( GEOMETRIC_REPRESENTATION_CONTEXT(2) 
PARAMETRIC_REPRESENTATION_CONTEXT() REPRESENTATION_CONTEXT('2D SPACE',''
  ) );
#2565 = PCURVE('',#2566,#2571);
#2566 = PLANE('',#2567);
#2567 = AXIS2_PLACEMENT_3D('',#2568,#2569,#2570);
#2568 = CARTESIAN_POINT('',(-11.49,-1.,21.3));
#2569 = DIRECTION('',(0.,0.,-1.));
#2570 = DIRECTION('',(1.,0.,0.));
#2571 = DEFINITIONAL_REPRESENTATION('',(#2572),#2578);
#2572 = B_SPLINE_CURVE_WITH_KNOTS('',4,(#2573,#2574,#2575,#2576,#2577),
  .UNSPECIFIED.,.F.,.F.,(5,5),(0.,1.),.PIECEWISE_BEZIER_KNOTS.);
#2573 = CARTESIAN_POINT('',(22.98,-8.596918011038));
#2574 = CARTESIAN_POINT('',(20.10749985,-8.596918011038));
#2575 = CARTESIAN_POINT('',(17.2349997,-8.596918011038));
#2576 = CARTESIAN_POINT('',(14.36249955,-8.596918011038));
#2577 = CARTESIAN_POINT('',(11.4899994,-8.596918011038));
#2578 = ( GEOMETRIC_REPRESENTATION_CONTEXT(2) 
PARAMETRIC_REPRESENTATION_CONTEXT() REPRESENTATION_CONTEXT('2D SPACE',''
  ) );
#2579 = ORIENTED_EDGE('',*,*,#2580,.T.);
#2580 = EDGE_CURVE('',#2547,#2581,#2583,.T.);
#2581 = VERTEX_POINT('',#2582);
#2582 = CARTESIAN_POINT('',(12.69,8.10330693749,20.1));
#2583 = SURFACE_CURVE('',#2584,(#2611,#2641),.PCURVE_S1.);
#2584 = B_SPLINE_CURVE_WITH_KNOTS('',7,(#2585,#2586,#2587,#2588,#2589,
    #2590,#2591,#2592,#2593,#2594,#2595,#2596,#2597,#2598,#2599,#2600,
    #2601,#2602,#2603,#2604,#2605,#2606,#2607,#2608,#2609,#2610),
  .UNSPECIFIED.,.F.,.F.,(8,6,6,6,8),(0.,0.41531332923,0.653973757081,
    0.804614391579,1.),.UNSPECIFIED.);
#2585 = CARTESIAN_POINT('',(11.49,7.596918011038,21.3));
#2586 = CARTESIAN_POINT('',(11.593171042509,7.596918011038,21.3));
#2587 = CARTESIAN_POINT('',(11.696394523093,7.601853572847,
    21.289651315958));
#2588 = CARTESIAN_POINT('',(11.797964953284,7.611733521414,
    21.268935737158));
#2589 = CARTESIAN_POINT('',(11.896416711236,7.626291585107,
    21.238295649155));
#2590 = CARTESIAN_POINT('',(11.990508852545,7.645097997922,
    21.198405109556));
#2591 = CARTESIAN_POINT('',(12.079207953346,7.667608878858,
    21.150114550502));
#2592 = CARTESIAN_POINT('',(12.209083506784,7.707928623992,
    21.062387814069));
#2593 = CARTESIAN_POINT('',(12.254453514477,7.723673363033,
    21.027903619267));
#2594 = CARTESIAN_POINT('',(12.297659799605,7.740342182876,
    20.991114996269));
#2595 = CARTESIAN_POINT('',(12.338588555898,7.75782700271,
    20.952188185759));
#2596 = CARTESIAN_POINT('',(12.377145317958,7.77602039224,
    20.911287713331));
#2597 = CARTESIAN_POINT('',(12.413251012671,7.794817886015,
    20.868573306429));
#2598 = CARTESIAN_POINT('',(12.468037866511,7.826303832234,
    20.796186707344));
#2599 = CARTESIAN_POINT('',(12.489323147445,7.839314163956,
    20.766076154395));
#2600 = CARTESIAN_POINT('',(12.510489333359,7.853163163495,
    20.733781001492));
#2601 = CARTESIAN_POINT('',(12.531549013321,7.867987243519,
    20.698922944782));
#2602 = CARTESIAN_POINT('',(12.552588877857,7.88406239019,
    20.660759898851));
#2603 = CARTESIAN_POINT('',(12.573678762018,7.901820216148,
    20.618129530869));
#2604 = CARTESIAN_POINT('',(12.621362679306,7.947824097059,
    20.505905115126));
#2605 = CARTESIAN_POINT('',(12.644007829647,7.974030233364,
    20.440824615272));
#2606 = CARTESIAN_POINT('',(12.662282976039,8.000271910006,
    20.374301287366));
#2607 = CARTESIAN_POINT('',(12.676087219229,8.026456991101,
    20.306649453197));
#2608 = CARTESIAN_POINT('',(12.685348508974,8.052426072369,
    20.23816378931));
#2609 = CARTESIAN_POINT('',(12.69,8.078079878195,20.169170565256));
#2610 = CARTESIAN_POINT('',(12.69,8.10330693749,20.1));
#2611 = PCURVE('',#1158,#2612);
#2612 = DEFINITIONAL_REPRESENTATION('',(#2613),#2640);
#2613 = B_SPLINE_CURVE_WITH_KNOTS('',7,(#2614,#2615,#2616,#2617,#2618,
    #2619,#2620,#2621,#2622,#2623,#2624,#2625,#2626,#2627,#2628,#2629,
    #2630,#2631,#2632,#2633,#2634,#2635,#2636,#2637,#2638,#2639),
  .UNSPECIFIED.,.F.,.F.,(8,6,6,6,8),(0.,0.41531332923,0.653973757081,
    0.804614391579,1.),.UNSPECIFIED.);
#2614 = CARTESIAN_POINT('',(47.131738371724,-11.49));
#2615 = CARTESIAN_POINT('',(47.131738371724,-11.5931710425));
#2616 = CARTESIAN_POINT('',(47.120278572028,-11.69639452309));
#2617 = CARTESIAN_POINT('',(47.097338750937,-11.79796495328));
#2618 = CARTESIAN_POINT('',(47.063431895875,-11.89641671123));
#2619 = CARTESIAN_POINT('',(47.01934977656,-11.99050885254));
#2620 = CARTESIAN_POINT('',(46.966090303289,-12.07920795334));
#2621 = CARTESIAN_POINT('',(46.869569538223,-12.20908350678));
#2622 = CARTESIAN_POINT('',(46.83167082016,-12.25445351447));
#2623 = CARTESIAN_POINT('',(46.79129111115,-12.2976597996));
#2624 = CARTESIAN_POINT('',(46.748625678411,-12.33858855589));
#2625 = CARTESIAN_POINT('',(46.703867752691,-12.37714531795));
#2626 = CARTESIAN_POINT('',(46.65720477514,-12.41325101267));
#2627 = CARTESIAN_POINT('',(46.578271164068,-12.46803786651));
#2628 = CARTESIAN_POINT('',(46.545471217854,-12.48932314744));
#2629 = CARTESIAN_POINT('',(46.510332546086,-12.51048933335));
#2630 = CARTESIAN_POINT('',(46.472453406485,-12.53154901332));
#2631 = CARTESIAN_POINT('',(46.431042391224,-12.55258887785));
#2632 = CARTESIAN_POINT('',(46.384860366383,-12.57367876201));
#2633 = CARTESIAN_POINT('',(46.263568976782,-12.6213626793));
#2634 = CARTESIAN_POINT('',(46.193409871387,-12.64400782964));
#2635 = CARTESIAN_POINT('',(46.121901781374,-12.66228297603));
#2636 = CARTESIAN_POINT('',(46.049366219527,-12.67608721922));
#2637 = CARTESIAN_POINT('',(45.976134223927,-12.68534850897));
#2638 = CARTESIAN_POINT('',(45.902541672524,-12.69));
#2639 = CARTESIAN_POINT('',(45.828933782794,-12.69));
#2640 = ( GEOMETRIC_REPRESENTATION_CONTEXT(2) 
PARAMETRIC_REPRESENTATION_CONTEXT() REPRESENTATION_CONTEXT('2D SPACE',''
  ) );
#2641 = PCURVE('',#2642,#2647);
#2642 = CYLINDRICAL_SURFACE('',#2643,1.2);
#2643 = AXIS2_PLACEMENT_3D('',#2644,#2645,#2646);
#2644 = CARTESIAN_POINT('',(11.49,-1.,20.1));
#2645 = DIRECTION('',(0.,-1.,0.));
#2646 = DIRECTION('',(1.,0.,0.));
#2647 = DEFINITIONAL_REPRESENTATION('',(#2648),#2675);
#2648 = B_SPLINE_CURVE_WITH_KNOTS('',7,(#2649,#2650,#2651,#2652,#2653,
    #2654,#2655,#2656,#2657,#2658,#2659,#2660,#2661,#2662,#2663,#2664,
    #2665,#2666,#2667,#2668,#2669,#2670,#2671,#2672,#2673,#2674),
  .UNSPECIFIED.,.F.,.F.,(8,6,6,6,8),(0.,0.41531332923,0.653973757081,
    0.804614391579,1.),.UNSPECIFIED.);
#2649 = CARTESIAN_POINT('',(1.570796326795,-8.596918011038));
#2650 = CARTESIAN_POINT('',(1.484820458038,-8.596918011038));
#2651 = CARTESIAN_POINT('',(1.398800974517,-8.601853572847));
#2652 = CARTESIAN_POINT('',(1.313120451465,-8.611733521414));
#2653 = CARTESIAN_POINT('',(1.227960038567,-8.626291585107));
#2654 = CARTESIAN_POINT('',(1.14344565094,-8.645097997922));
#2655 = CARTESIAN_POINT('',(1.059668626659,-8.667608878858));
#2656 = CARTESIAN_POINT('',(0.92906202996,-8.707928623992));
#2657 = CARTESIAN_POINT('',(0.881646423626,-8.723673363033));
#2658 = CARTESIAN_POINT('',(0.834472892784,-8.740342182876));
#2659 = CARTESIAN_POINT('',(0.787529579051,-8.75782700271));
#2660 = CARTESIAN_POINT('',(0.740798953445,-8.77602039224));
#2661 = CARTESIAN_POINT('',(0.69425826538,-8.794817886015));
#2662 = CARTESIAN_POINT('',(0.618606380439,-8.826303832234));
#2663 = CARTESIAN_POINT('',(0.587894311995,-8.839314163956));
#2664 = CARTESIAN_POINT('',(0.555748383115,-8.853163163495));
#2665 = CARTESIAN_POINT('',(0.521856509941,-8.867987243519));
#2666 = CARTESIAN_POINT('',(0.485589799615,-8.88406239019));
#2667 = CARTESIAN_POINT('',(0.446020499373,-8.901820216148));
#2668 = CARTESIAN_POINT('',(0.344408234363,-8.947824097059));
#2669 = CARTESIAN_POINT('',(0.287113701206,-8.974030233364));
#2670 = CARTESIAN_POINT('',(0.229828221831,-9.000271910006));
#2671 = CARTESIAN_POINT('',(0.172520842475,-9.026456991101));
#2672 = CARTESIAN_POINT('',(0.115136452664,-9.052426072369));
#2673 = CARTESIAN_POINT('',(5.764213771333E-02,-9.078079878195));
#2674 = CARTESIAN_POINT('',(0.,-9.10330693749));
#2675 = ( GEOMETRIC_REPRESENTATION_CONTEXT(2) 
PARAMETRIC_REPRESENTATION_CONTEXT() REPRESENTATION_CONTEXT('2D SPACE',''
  ) );
#2676 = ORIENTED_EDGE('',*,*,#2677,.T.);
#2677 = EDGE_CURVE('',#2581,#2678,#2680,.T.);
#2678 = VERTEX_POINT('',#2679);
#2679 = CARTESIAN_POINT('',(12.69,8.10330693749,-20.1));
#2680 = SURFACE_CURVE('',#2681,(#2908,#3138),.PCURVE_S1.);
#2681 = B_SPLINE_CURVE_WITH_KNOTS('',8,(#2682,#2683,#2684,#2685,#2686,
    #2687,#2688,#2689,#2690,#2691,#2692,#2693,#2694,#2695,#2696,#2697,
    #2698,#2699,#2700,#2701,#2702,#2703,#2704,#2705,#2706,#2707,#2708,
    #2709,#2710,#2711,#2712,#2713,#2714,#2715,#2716,#2717,#2718,#2719,
    #2720,#2721,#2722,#2723,#2724,#2725,#2726,#2727,#2728,#2729,#2730,
    #2731,#2732,#2733,#2734,#2735,#2736,#2737,#2738,#2739,#2740,#2741,
    #2742,#2743,#2744,#2745,#2746,#2747,#2748,#2749,#2750,#2751,#2752,
    #2753,#2754,#2755,#2756,#2757,#2758,#2759,#2760,#2761,#2762,#2763,
    #2764,#2765,#2766,#2767,#2768,#2769,#2770,#2771,#2772,#2773,#2774,
    #2775,#2776,#2777,#2778,#2779,#2780,#2781,#2782,#2783,#2784,#2785,
    #2786,#2787,#2788,#2789,#2790,#2791,#2792,#2793,#2794,#2795,#2796,
    #2797,#2798,#2799,#2800,#2801,#2802,#2803,#2804,#2805,#2806,#2807,
    #2808,#2809,#2810,#2811,#2812,#2813,#2814,#2815,#2816,#2817,#2818,
    #2819,#2820,#2821,#2822,#2823,#2824,#2825,#2826,#2827,#2828,#2829,
    #2830,#2831,#2832,#2833,#2834,#2835,#2836,#2837,#2838,#2839,#2840,
    #2841,#2842,#2843,#2844,#2845,#2846,#2847,#2848,#2849,#2850,#2851,
    #2852,#2853,#2854,#2855,#2856,#2857,#2858,#2859,#2860,#2861,#2862,
    #2863,#2864,#2865,#2866,#2867,#2868,#2869,#2870,#2871,#2872,#2873,
    #2874,#2875,#2876,#2877,#2878,#2879,#2880,#2881,#2882,#2883,#2884,
    #2885,#2886,#2887,#2888,#2889,#2890,#2891,#2892,#2893,#2894,#2895,
    #2896,#2897,#2898,#2899,#2900,#2901,#2902,#2903,#2904,#2905,#2906,
    #2907),.UNSPECIFIED.,.F.,.F.,(9,7,7,7,7,7,7,7,7,7,7,7,7,7,7,7,7,7,7,
    7,7,7,7,7,7,7,7,7,7,7,7,7,9),(0.,1.711415394445E-02,
    3.099290214083E-02,7.389462373562E-02,9.913634204601E-02,
    0.124368832413,0.150864025686,0.163483445214,0.177364760976,
    0.203862168313,0.215217478074,0.301015182081,0.369152442154,
    0.418364390777,0.451172800585,0.499123781194,0.564740857776,
    0.611429418659,0.642975191806,0.73760837536,0.767889630407,
    0.783030132149,0.79060038303,0.799432342674,0.815835272107,
    0.832241320815,0.873886108671,0.899121829546,0.924366779547,
    0.960964804124,0.9697975128,0.983677440694,1.),.UNSPECIFIED.);
#2682 = CARTESIAN_POINT('',(12.69,8.10330693749,20.1));
#2683 = CARTESIAN_POINT('',(12.69,8.133047838389,20.018452844531));
#2684 = CARTESIAN_POINT('',(12.69,8.162200336586,19.93668750054));
#2685 = CARTESIAN_POINT('',(12.69,8.190783091724,19.8547163947));
#2686 = CARTESIAN_POINT('',(12.69,8.218814827329,19.772551662703));
#2687 = CARTESIAN_POINT('',(12.69,8.246314330813,19.690205149267));
#2688 = CARTESIAN_POINT('',(12.69,8.273300453474,19.607688408131));
#2689 = CARTESIAN_POINT('',(12.69,8.299792110497,19.525012702059));
#2690 = CARTESIAN_POINT('',(12.69,8.346906132471,19.375023002696));
#2691 = CARTESIAN_POINT('',(12.69,8.36769195435,19.307760679485));
#2692 = CARTESIAN_POINT('',(12.69,8.388171077323,19.240406443109));
#2693 = CARTESIAN_POINT('',(12.69,8.408361404519,19.172972753276));
#2694 = CARTESIAN_POINT('',(12.69,8.428270099964,19.105463634316));
#2695 = CARTESIAN_POINT('',(12.69,8.447898997124,19.037878344373));
#2696 = CARTESIAN_POINT('',(12.69,8.467255628585,18.970219147121));
#2697 = CARTESIAN_POINT('',(12.69,8.545360974647,18.693115228017));
#2698 = CARTESIAN_POINT('',(12.69,8.601837929979,18.483043009339));
#2699 = CARTESIAN_POINT('',(12.69,8.655956299128,18.272342504044));
#2700 = CARTESIAN_POINT('',(12.69,8.707896557366,18.061082278493));
#2701 = CARTESIAN_POINT('',(12.69,8.757840615666,17.849327338818));
#2702 = CARTESIAN_POINT('',(12.69,8.805971436304,17.637139030269));
#2703 = CARTESIAN_POINT('',(12.69,8.852472648462,17.424574936569));
#2704 = CARTESIAN_POINT('',(12.69,8.924037091314,17.086434775123));
#2705 = CARTESIAN_POINT('',(12.69,8.950051316675,16.961070699585));
#2706 = CARTESIAN_POINT('',(12.69,8.975515630883,16.835590923297));
#2707 = CARTESIAN_POINT('',(12.69,9.000372806727,16.709990054212));
#2708 = CARTESIAN_POINT('',(12.69,9.024565352089,16.584263293818));
#2709 = CARTESIAN_POINT('',(12.69,9.04803623483,16.45840658313));
#2710 = CARTESIAN_POINT('',(12.69,9.070728579296,16.33241653844));
#2711 = CARTESIAN_POINT('',(12.69,9.114432099488,16.080209924879));
#2712 = CARTESIAN_POINT('',(12.69,9.135443923206,15.953993729625));
#2713 = CARTESIAN_POINT('',(12.69,9.155562422716,15.827638733428));
#2714 = CARTESIAN_POINT('',(12.69,9.174729833618,15.701143005295));
#2715 = CARTESIAN_POINT('',(12.69,9.192888167083,15.574505556719));
#2716 = CARTESIAN_POINT('',(12.69,9.209979366942,15.447726357522));
#2717 = CARTESIAN_POINT('',(12.69,9.225945466774,15.320806351697));
#2718 = CARTESIAN_POINT('',(12.69,9.256251823043,15.060330220616));
#2719 = CARTESIAN_POINT('',(12.69,9.270475384172,14.926760776973));
#2720 = CARTESIAN_POINT('',(12.69,9.283475157493,14.793058168455));
#2721 = CARTESIAN_POINT('',(12.69,9.295326983859,14.659240129087));
#2722 = CARTESIAN_POINT('',(12.69,9.306106817864,14.525323100777));
#2723 = CARTESIAN_POINT('',(12.69,9.315890727846,14.391322233317));
#2724 = CARTESIAN_POINT('',(12.69,9.324754895886,14.257251384383));
#2725 = CARTESIAN_POINT('',(12.69,9.336595814694,14.059239047165));
#2726 = CARTESIAN_POINT('',(12.69,9.34022474147,13.995340459434));
#2727 = CARTESIAN_POINT('',(12.69,9.343670592117,13.931428967761));
#2728 = CARTESIAN_POINT('',(12.69,9.346941560616,13.867506183561));
#2729 = CARTESIAN_POINT('',(12.69,9.350045840949,13.803573718249));
#2730 = CARTESIAN_POINT('',(12.69,9.352991627098,13.739633183241));
#2731 = CARTESIAN_POINT('',(12.69,9.355787113042,13.675686189951));
#2732 = CARTESIAN_POINT('',(12.69,9.361359200848,13.541387557308));
#2733 = CARTESIAN_POINT('',(12.69,9.364106095766,13.471034336916));
#2734 = CARTESIAN_POINT('',(12.69,9.36669191398,13.400677594635));
#2735 = CARTESIAN_POINT('',(12.69,9.369126195317,13.330319256907));
#2736 = CARTESIAN_POINT('',(12.69,9.371423977634,13.259962579255));
#2737 = CARTESIAN_POINT('',(12.69,9.373595196018,13.189608800429));
#2738 = CARTESIAN_POINT('',(12.69,9.375639255818,13.119255359569));
#2739 = CARTESIAN_POINT('',(12.69,9.381247506161,12.914610297123));
#2740 = CARTESIAN_POINT('',(12.69,9.384502250235,12.780313772388));
#2741 = CARTESIAN_POINT('',(12.69,9.387380416778,12.646014309365));
#2742 = CARTESIAN_POINT('',(12.69,9.389930969814,12.51171268449));
#2743 = CARTESIAN_POINT('',(12.69,9.392202901625,12.37740946095));
#2744 = CARTESIAN_POINT('',(12.69,9.394245232738,12.243104988679));
#2745 = CARTESIAN_POINT('',(12.69,9.396107011939,12.108799404365));
#2746 = CARTESIAN_POINT('',(12.69,9.39857882811,11.916936245261));
#2747 = CARTESIAN_POINT('',(12.69,9.399295175844,11.859379761884));
#2748 = CARTESIAN_POINT('',(12.69,9.399993127836,11.801823111683));
#2749 = CARTESIAN_POINT('',(12.69,9.400675899036,11.744266250288));
#2750 = CARTESIAN_POINT('',(12.69,9.401344304364,11.686709156014));
#2751 = CARTESIAN_POINT('',(12.69,9.401997912109,11.629151827296));
#2752 = CARTESIAN_POINT('',(12.69,9.402636197325,11.571594280117));
#2753 = CARTESIAN_POINT('',(12.69,9.407970679764,11.079145592454));
#2754 = CARTESIAN_POINT('',(12.69,9.411836142808,10.64424401925));
#2755 = CARTESIAN_POINT('',(12.69,9.414920781148,10.20933337603));
#2756 = CARTESIAN_POINT('',(12.69,9.41728929198,9.774415009525));
#2757 = CARTESIAN_POINT('',(12.69,9.4190063729,9.339490062995));
#2758 = CARTESIAN_POINT('',(12.69,9.420136721913,8.904559476229));
#2759 = CARTESIAN_POINT('',(12.69,9.420745037428,8.469623985541));
#2760 = CARTESIAN_POINT('',(12.69,9.42101592147,7.689271495075));
#2761 = CARTESIAN_POINT('',(12.69,9.420847384608,7.343856152561));
#2762 = CARTESIAN_POINT('',(12.69,9.420422810223,6.998438375226));
#2763 = CARTESIAN_POINT('',(12.69,9.419774598543,6.653018404384));
#2764 = CARTESIAN_POINT('',(12.69,9.418935147472,6.307596443665));
#2765 = CARTESIAN_POINT('',(12.69,9.417936852592,5.96217265902));
#2766 = CARTESIAN_POINT('',(12.69,9.416812107163,5.616747178714));
#2767 = CARTESIAN_POINT('',(12.69,9.414713023532,5.021836331282));
#2768 = CARTESIAN_POINT('',(12.69,9.413783679747,4.77235174203));
#2769 = CARTESIAN_POINT('',(12.69,9.412817474137,4.522866363621));
#2770 = CARTESIAN_POINT('',(12.69,9.411826609724,4.273380232754));
#2771 = CARTESIAN_POINT('',(12.69,9.41082328919,4.023893384783));
#2772 = CARTESIAN_POINT('',(12.69,9.409819714866,3.774405853715));
#2773 = CARTESIAN_POINT('',(12.69,9.408828088742,3.524917672213));
#2774 = CARTESIAN_POINT('',(12.69,9.407215619539,3.109100753273));
#2775 = CARTESIAN_POINT('',(12.69,9.406581360229,2.942772361476));
#2776 = CARTESIAN_POINT('',(12.69,9.405961450012,2.776443706188));
#2777 = CARTESIAN_POINT('',(12.69,9.405359504362,2.610114798379));
#2778 = CARTESIAN_POINT('',(12.69,9.404779138741,2.443785650009));
#2779 = CARTESIAN_POINT('',(12.69,9.404223968601,2.277456274024));
#2780 = CARTESIAN_POINT('',(12.69,9.403697609382,2.111126684359));
#2781 = CARTESIAN_POINT('',(12.69,9.402481771202,1.701698357905));
#2782 = CARTESIAN_POINT('',(12.69,9.401829132338,1.45859939856));
#2783 = CARTESIAN_POINT('',(12.69,9.401257047428,1.215500062564));
#2784 = CARTESIAN_POINT('',(12.69,9.400776804051,0.972400404637));
#2785 = CARTESIAN_POINT('',(12.69,9.400399689859,0.729300489555));
#2786 = CARTESIAN_POINT('',(12.69,9.400136992576,0.486200392153));
#2787 = CARTESIAN_POINT('',(12.69,9.4,0.243100197319));
#2788 = CARTESIAN_POINT('',(12.69,9.4,-0.3326631502));
#2789 = CARTESIAN_POINT('',(12.69,9.400256528552,-0.6653262885));
#2790 = CARTESIAN_POINT('',(12.69,9.400740660948,-0.997989179603));
#2791 = CARTESIAN_POINT('',(12.69,9.401423472689,-1.33065161921));
#2792 = CARTESIAN_POINT('',(12.69,9.402276039489,-1.663313434018));
#2793 = CARTESIAN_POINT('',(12.69,9.403269437272,-1.995974481719));
#2794 = CARTESIAN_POINT('',(12.69,9.404374742174,-2.328634651003));
#2795 = CARTESIAN_POINT('',(12.69,9.406408534129,-2.897991084505));
#2796 = CARTESIAN_POINT('',(12.69,9.407296050103,-3.134687814078));
#2797 = CARTESIAN_POINT('',(12.69,9.408215159284,-3.371384018149));
#2798 = CARTESIAN_POINT('',(12.69,9.409155442319,-3.608079665633));
#2799 = CARTESIAN_POINT('',(12.69,9.410106479675,-3.844774726491));
#2800 = CARTESIAN_POINT('',(12.69,9.411057851642,-4.081469171727));
#2801 = CARTESIAN_POINT('',(12.69,9.411999138334,-4.318162973391));
#2802 = CARTESIAN_POINT('',(12.69,9.413542058363,-4.71478109864));
#2803 = CARTESIAN_POINT('',(12.69,9.414154835866,-4.874705785257));
#2804 = CARTESIAN_POINT('',(12.69,9.414755038041,-5.034630155575));
#2805 = CARTESIAN_POINT('',(12.69,9.415339450654,-5.194554199933));
#2806 = CARTESIAN_POINT('',(12.69,9.415904859386,-5.354477907867));
#2807 = CARTESIAN_POINT('',(12.69,9.416448049834,-5.514401268109));
#2808 = CARTESIAN_POINT('',(12.69,9.41696580751,-5.674324268582));
#2809 = CARTESIAN_POINT('',(12.69,9.418922184718,-6.313993812823));
#2810 = CARTESIAN_POINT('',(12.69,9.420131648877,-6.793737298787));
#2811 = CARTESIAN_POINT('',(12.69,9.420996526559,-7.273477102036));
#2812 = CARTESIAN_POINT('',(12.69,9.421430026206,-7.753212773361));
#2813 = CARTESIAN_POINT('',(12.69,9.421345348472,-8.232943666608));
#2814 = CARTESIAN_POINT('',(12.69,9.420655686217,-8.712668938678));
#2815 = CARTESIAN_POINT('',(12.69,9.41927422451,-9.192387549529));
#2816 = CARTESIAN_POINT('',(12.69,9.416422944914,-9.825598777452));
#2817 = CARTESIAN_POINT('',(12.69,9.415652025735,-9.979098476176));
#2818 = CARTESIAN_POINT('',(12.69,9.414798538592,-10.13259731466));
#2819 = CARTESIAN_POINT('',(12.69,9.413859639029,-10.28609524579));
#2820 = CARTESIAN_POINT('',(12.69,9.412832482633,-10.43959221901));
#2821 = CARTESIAN_POINT('',(12.69,9.411714225034,-10.59308818034));
#2822 = CARTESIAN_POINT('',(12.69,9.410502021904,-10.74658307236));
#2823 = CARTESIAN_POINT('',(12.69,9.408538537923,-10.97682307758));
#2824 = CARTESIAN_POINT('',(12.69,9.407859850494,-11.05356896211));
#2825 = CARTESIAN_POINT('',(12.69,9.407156611198,-11.13031448446));
#2826 = CARTESIAN_POINT('',(12.69,9.406428464566,-11.20705964124));
#2827 = CARTESIAN_POINT('',(12.69,9.405675055124,-11.28380442911));
#2828 = CARTESIAN_POINT('',(12.69,9.404896027402,-11.36054884467));
#2829 = CARTESIAN_POINT('',(12.69,9.404091025928,-11.43729288457));
#2830 = CARTESIAN_POINT('',(12.69,9.40284402988,-11.55240837591));
#2831 = CARTESIAN_POINT('',(12.69,9.402421748787,-11.59078011164));
#2832 = CARTESIAN_POINT('',(12.69,9.401992854995,-11.62915175212));
#2833 = CARTESIAN_POINT('',(12.69,9.401557326658,-11.66752329694));
#2834 = CARTESIAN_POINT('',(12.69,9.401115117043,-11.70589474569));
#2835 = CARTESIAN_POINT('',(12.69,9.400666154524,-11.74426609803));
#2836 = CARTESIAN_POINT('',(12.69,9.400210342588,-11.78263735367));
#2837 = CARTESIAN_POINT('',(12.69,9.399207646598,-11.86577486557));
#2838 = CARTESIAN_POINT('',(12.69,9.398657796589,-11.91054109563));
#2839 = CARTESIAN_POINT('',(12.69,9.398096192932,-11.95530722813));
#2840 = CARTESIAN_POINT('',(12.69,9.397521018756,-12.00007328868));
#2841 = CARTESIAN_POINT('',(12.69,9.396930457188,-12.04483930291));
#2842 = CARTESIAN_POINT('',(12.69,9.396322691355,-12.08960529641));
#2843 = CARTESIAN_POINT('',(12.69,9.395695904385,-12.1343712948));
#2844 = CARTESIAN_POINT('',(12.69,9.393845494604,-12.26227787715));
#2845 = CARTESIAN_POINT('',(12.69,9.392570843116,-12.34541795595));
#2846 = CARTESIAN_POINT('',(12.69,9.391212688296,-12.42855753284));
#2847 = CARTESIAN_POINT('',(12.69,9.389759397551,-12.51169654926));
#2848 = CARTESIAN_POINT('',(12.69,9.38819934234,-12.5948349153));
#2849 = CARTESIAN_POINT('',(12.69,9.386520898173,-12.67797250972));
#2850 = CARTESIAN_POINT('',(12.69,9.384712444613,-12.76110917997));
#2851 = CARTESIAN_POINT('',(12.69,9.380811915099,-12.92739611386));
#2852 = CARTESIAN_POINT('',(12.69,9.378720080517,-13.01054640519));
#2853 = CARTESIAN_POINT('',(12.69,9.376472762109,-13.09369475035));
#2854 = CARTESIAN_POINT('',(12.69,9.374068171836,-13.17684382439));
#2855 = CARTESIAN_POINT('',(12.69,9.371471028482,-13.25998628521));
#2856 = CARTESIAN_POINT('',(12.69,9.36870665166,-13.3431328974));
#2857 = CARTESIAN_POINT('',(12.69,9.365729706337,-13.42627300457));
#2858 = CARTESIAN_POINT('',(12.69,9.354409387772,-13.72043161596));
#2859 = CARTESIAN_POINT('',(12.69,9.34484878869,-13.93141094873));
#2860 = CARTESIAN_POINT('',(12.69,9.333554202139,-14.14230733544));
#2861 = CARTESIAN_POINT('',(12.69,9.320230210565,-14.35307637659));
#2862 = CARTESIAN_POINT('',(12.69,9.304580964376,-14.56366668318));
#2863 = CARTESIAN_POINT('',(12.69,9.286310754578,-14.77401992478));
#2864 = CARTESIAN_POINT('',(12.69,9.265124585414,-14.98407087773));
#2865 = CARTESIAN_POINT('',(12.69,9.225945466775,-15.32080635169));
#2866 = CARTESIAN_POINT('',(12.69,9.209979366942,-15.44772635752));
#2867 = CARTESIAN_POINT('',(12.69,9.192888167083,-15.57450555671));
#2868 = CARTESIAN_POINT('',(12.69,9.174729833618,-15.70114300529));
#2869 = CARTESIAN_POINT('',(12.69,9.155562422716,-15.82763873342));
#2870 = CARTESIAN_POINT('',(12.69,9.135443923207,-15.95399372962));
#2871 = CARTESIAN_POINT('',(12.69,9.114432099488,-16.08020992487));
#2872 = CARTESIAN_POINT('',(12.69,9.070728579297,-16.33241653843));
#2873 = CARTESIAN_POINT('',(12.69,9.04803623483,-16.45840658312));
#2874 = CARTESIAN_POINT('',(12.69,9.02456535209,-16.58426329381));
#2875 = CARTESIAN_POINT('',(12.69,9.000372806728,-16.70999005421));
#2876 = CARTESIAN_POINT('',(12.69,8.975515630883,-16.83559092329));
#2877 = CARTESIAN_POINT('',(12.69,8.950051316675,-16.96107069958));
#2878 = CARTESIAN_POINT('',(12.69,8.924037091314,-17.08643477512));
#2879 = CARTESIAN_POINT('',(12.69,8.859097730019,-17.39327159572));
#2880 = CARTESIAN_POINT('',(12.69,8.819615468779,-17.57462031283));
#2881 = CARTESIAN_POINT('',(12.69,8.778967256972,-17.75570139532));
#2882 = CARTESIAN_POINT('',(12.69,8.73703914372,-17.93647935602));
#2883 = CARTESIAN_POINT('',(12.69,8.693717501639,-18.1169167945));
#2884 = CARTESIAN_POINT('',(12.69,8.648889178084,-18.29697443571));
#2885 = CARTESIAN_POINT('',(12.69,8.602441646394,-18.47661116859));
#2886 = CARTESIAN_POINT('',(12.69,8.54263557436,-18.69902636867));
#2887 = CARTESIAN_POINT('',(12.69,8.530907157017,-18.74224168368));
#2888 = CARTESIAN_POINT('',(12.69,8.5190763099,-18.78542951792));
#2889 = CARTESIAN_POINT('',(12.69,8.507141437806,-18.82858935957));
#2890 = CARTESIAN_POINT('',(12.69,8.495100945531,-18.8717206968));
#2891 = CARTESIAN_POINT('',(12.69,8.482953237872,-18.91482301778));
#2892 = CARTESIAN_POINT('',(12.69,8.470696719624,-18.95789581068));
#2893 = CARTESIAN_POINT('',(12.69,8.438896117851,-19.06857696654));
#2894 = CARTESIAN_POINT('',(12.69,8.419190266905,-19.13614175155));
#2895 = CARTESIAN_POINT('',(12.69,8.399202485873,-19.2036287435));
#2896 = CARTESIAN_POINT('',(12.69,8.378935723474,-19.27104206433));
#2897 = CARTESIAN_POINT('',(12.69,8.35837674314,-19.33837348796));
#2898 = CARTESIAN_POINT('',(12.69,8.337509410741,-19.40561204314));
#2899 = CARTESIAN_POINT('',(12.69,8.316330384552,-19.47275527912));
#2900 = CARTESIAN_POINT('',(12.69,8.269540323159,-19.61862954602));
#2901 = CARTESIAN_POINT('',(12.69,8.247493194357,-19.6858227791));
#2902 = CARTESIAN_POINT('',(12.69,8.225200298433,-19.752984589));
#2903 = CARTESIAN_POINT('',(12.69,8.20050899166,-19.82612680726));
#2904 = CARTESIAN_POINT('',(12.69,8.173196957504,-19.90568442816));
#2905 = CARTESIAN_POINT('',(12.69,8.144623319114,-19.98619813737));
#2906 = CARTESIAN_POINT('',(12.69,8.119119583585,-20.05664299767));
#2907 = CARTESIAN_POINT('',(12.69,8.10330693749,-20.1));
#2908 = PCURVE('',#1158,#2909);
#2909 = DEFINITIONAL_REPRESENTATION('',(#2910),#3137);
#2910 = B_SPLINE_CURVE_WITH_KNOTS('',8,(#2911,#2912,#2913,#2914,#2915,
    #2916,#2917,#2918,#2919,#2920,#2921,#2922,#2923,#2924,#2925,#2926,
    #2927,#2928,#2929,#2930,#2931,#2932,#2933,#2934,#2935,#2936,#2937,
    #2938,#2939,#2940,#2941,#2942,#2943,#2944,#2945,#2946,#2947,#2948,
    #2949,#2950,#2951,#2952,#2953,#2954,#2955,#2956,#2957,#2958,#2959,
    #2960,#2961,#2962,#2963,#2964,#2965,#2966,#2967,#2968,#2969,#2970,
    #2971,#2972,#2973,#2974,#2975,#2976,#2977,#2978,#2979,#2980,#2981,
    #2982,#2983,#2984,#2985,#2986,#2987,#2988,#2989,#2990,#2991,#2992,
    #2993,#2994,#2995,#2996,#2997,#2998,#2999,#3000,#3001,#3002,#3003,
    #3004,#3005,#3006,#3007,#3008,#3009,#3010,#3011,#3012,#3013,#3014,
    #3015,#3016,#3017,#3018,#3019,#3020,#3021,#3022,#3023,#3024,#3025,
    #3026,#3027,#3028,#3029,#3030,#3031,#3032,#3033,#3034,#3035,#3036,
    #3037,#3038,#3039,#3040,#3041,#3042,#3043,#3044,#3045,#3046,#3047,
    #3048,#3049,#3050,#3051,#3052,#3053,#3054,#3055,#3056,#3057,#3058,
    #3059,#3060,#3061,#3062,#3063,#3064,#3065,#3066,#3067,#3068,#3069,
    #3070,#3071,#3072,#3073,#3074,#3075,#3076,#3077,#3078,#3079,#3080,
    #3081,#3082,#3083,#3084,#3085,#3086,#3087,#3088,#3089,#3090,#3091,
    #3092,#3093,#3094,#3095,#3096,#3097,#3098,#3099,#3100,#3101,#3102,
    #3103,#3104,#3105,#3106,#3107,#3108,#3109,#3110,#3111,#3112,#3113,
    #3114,#3115,#3116,#3117,#3118,#3119,#3120,#3121,#3122,#3123,#3124,
    #3125,#3126,#3127,#3128,#3129,#3130,#3131,#3132,#3133,#3134,#3135,
    #3136),.UNSPECIFIED.,.F.,.F.,(9,7,7,7,7,7,7,7,7,7,7,7,7,7,7,7,7,7,7,
    7,7,7,7,7,7,7,7,7,7,7,7,7,9),(0.,1.711415394445E-02,
    3.099290214083E-02,7.389462373562E-02,9.913634204601E-02,
    0.124368832413,0.150864025686,0.163483445214,0.177364760976,
    0.203862168313,0.215217478074,0.301015182081,0.369152442154,
    0.418364390777,0.451172800585,0.499123781194,0.564740857776,
    0.611429418659,0.642975191806,0.73760837536,0.767889630407,
    0.783030132149,0.79060038303,0.799432342674,0.815835272107,
    0.832241320815,0.873886108671,0.899121829546,0.924366779547,
    0.960964804124,0.9697975128,0.983677440694,1.),.UNSPECIFIED.);
#2911 = CARTESIAN_POINT('',(45.828933782794,-12.69));
#2912 = CARTESIAN_POINT('',(45.742155338736,-12.69));
#2913 = CARTESIAN_POINT('',(45.655380316188,-12.69));
#2914 = CARTESIAN_POINT('',(45.568608654925,-12.69));
#2915 = CARTESIAN_POINT('',(45.481839999963,-12.69));
#2916 = CARTESIAN_POINT('',(45.395073701558,-12.69));
#2917 = CARTESIAN_POINT('',(45.308308815206,-12.69));
#2918 = CARTESIAN_POINT('',(45.221544101642,-12.69));
#2919 = CARTESIAN_POINT('',(45.064414951458,-12.69));
#2920 = CARTESIAN_POINT('',(44.99405109081,-12.69));
#2921 = CARTESIAN_POINT('',(44.923689086984,-12.69));
#2922 = CARTESIAN_POINT('',(44.853325713033,-12.69));
#2923 = CARTESIAN_POINT('',(44.782961569547,-12.69));
#2924 = CARTESIAN_POINT('',(44.712598742114,-12.69));
#2925 = CARTESIAN_POINT('',(44.642236189452,-12.69));
#2926 = CARTESIAN_POINT('',(44.354366145654,-12.69));
#2927 = CARTESIAN_POINT('',(44.13684701116,-12.69));
#2928 = CARTESIAN_POINT('',(43.919329211955,-12.69));
#2929 = CARTESIAN_POINT('',(43.701822922792,-12.69));
#2930 = CARTESIAN_POINT('',(43.484334512786,-12.69));
#2931 = CARTESIAN_POINT('',(43.266866548523,-12.69));
#2932 = CARTESIAN_POINT('',(43.049417797166,-12.69));
#2933 = CARTESIAN_POINT('',(42.704053116204,-12.69));
#2934 = CARTESIAN_POINT('',(42.576128472748,-12.69));
#2935 = CARTESIAN_POINT('',(42.44820540845,-12.69));
#2936 = CARTESIAN_POINT('',(42.320280572347,-12.69));
#2937 = CARTESIAN_POINT('',(42.192351243708,-12.69));
#2938 = CARTESIAN_POINT('',(42.064415366303,-12.69));
#2939 = CARTESIAN_POINT('',(41.936471526505,-12.69));
#2940 = CARTESIAN_POINT('',(41.680613001222,-12.69));
#2941 = CARTESIAN_POINT('',(41.552698586226,-12.69));
#2942 = CARTESIAN_POINT('',(41.424774818924,-12.69));
#2943 = CARTESIAN_POINT('',(41.296841850404,-12.69));
#2944 = CARTESIAN_POINT('',(41.168900791484,-12.69));
#2945 = CARTESIAN_POINT('',(41.040953710066,-12.69));
#2946 = CARTESIAN_POINT('',(40.913003628484,-12.69));
#2947 = CARTESIAN_POINT('',(40.650702489542,-12.69));
#2948 = CARTESIAN_POINT('',(40.516351893781,-12.69));
#2949 = CARTESIAN_POINT('',(40.382006823844,-12.69));
#2950 = CARTESIAN_POINT('',(40.247670076114,-12.69));
#2951 = CARTESIAN_POINT('',(40.113343153084,-12.69));
#2952 = CARTESIAN_POINT('',(39.979026263358,-12.69));
#2953 = CARTESIAN_POINT('',(39.844718321651,-12.69));
#2954 = CARTESIAN_POINT('',(39.64645042664,-12.69));
#2955 = CARTESIAN_POINT('',(39.582483904493,-12.69));
#2956 = CARTESIAN_POINT('',(39.518517382346,-12.69));
#2957 = CARTESIAN_POINT('',(39.454550860199,-12.69));
#2958 = CARTESIAN_POINT('',(39.390584338052,-12.69));
#2959 = CARTESIAN_POINT('',(39.326617815906,-12.69));
#2960 = CARTESIAN_POINT('',(39.262651293759,-12.69));
#2961 = CARTESIAN_POINT('',(39.128321828988,-12.69));
#2962 = CARTESIAN_POINT('',(39.057958260259,-12.69));
#2963 = CARTESIAN_POINT('',(38.987594900362,-12.69));
#2964 = CARTESIAN_POINT('',(38.917232323171,-12.69));
#2965 = CARTESIAN_POINT('',(38.846869257192,-12.69));
#2966 = CARTESIAN_POINT('',(38.776505364293,-12.69));
#2967 = CARTESIAN_POINT('',(38.706142600355,-12.69));
#2968 = CARTESIAN_POINT('',(38.501466244592,-12.69));
#2969 = CARTESIAN_POINT('',(38.367145550836,-12.69));
#2970 = CARTESIAN_POINT('',(38.232818976258,-12.69));
#2971 = CARTESIAN_POINT('',(38.0984879886,-12.69));
#2972 = CARTESIAN_POINT('',(37.964153842536,-12.69));
#2973 = CARTESIAN_POINT('',(37.829817579673,-12.69));
#2974 = CARTESIAN_POINT('',(37.695480028553,-12.69));
#2975 = CARTESIAN_POINT('',(37.503571940332,-12.69));
#2976 = CARTESIAN_POINT('',(37.446002058274,-12.69));
#2977 = CARTESIAN_POINT('',(37.388432187036,-12.69));
#2978 = CARTESIAN_POINT('',(37.33086232695,-12.69));
#2979 = CARTESIAN_POINT('',(37.273292464913,-12.69));
#2980 = CARTESIAN_POINT('',(37.21572258918,-12.69));
#2981 = CARTESIAN_POINT('',(37.158152704157,-12.69));
#2982 = CARTESIAN_POINT('',(36.665600284354,-12.69));
#2983 = CARTESIAN_POINT('',(36.230619275479,-12.69));
#2984 = CARTESIAN_POINT('',(35.795640755584,-12.69));
#2985 = CARTESIAN_POINT('',(35.360665458172,-12.69));
#2986 = CARTESIAN_POINT('',(34.925693913232,-12.69));
#2987 = CARTESIAN_POINT('',(34.490726447236,-12.69));
#2988 = CARTESIAN_POINT('',(34.055763183145,-12.69));
#2989 = CARTESIAN_POINT('',(33.275376099492,-12.69));
#2990 = CARTESIAN_POINT('',(32.929950800915,-12.69));
#2991 = CARTESIAN_POINT('',(32.584528116479,-12.69));
#2992 = CARTESIAN_POINT('',(32.239107980332,-12.69));
#2993 = CARTESIAN_POINT('',(31.893690288966,-12.69));
#2994 = CARTESIAN_POINT('',(31.54827490122,-12.69));
#2995 = CARTESIAN_POINT('',(31.202861638275,-12.69));
#2996 = CARTESIAN_POINT('',(30.607977883111,-12.69));
#2997 = CARTESIAN_POINT('',(30.358506488097,-12.69));
#2998 = CARTESIAN_POINT('',(30.109036020979,-12.69));
#2999 = CARTESIAN_POINT('',(29.859566402777,-12.69));
#3000 = CARTESIAN_POINT('',(29.610097553174,-12.69));
#3001 = CARTESIAN_POINT('',(29.360629390512,-12.69));
#3002 = CARTESIAN_POINT('',(29.111161831792,-12.69));
#3003 = CARTESIAN_POINT('',(28.695381182223,-12.69));
#3004 = CARTESIAN_POINT('',(28.529067804405,-12.69));
#3005 = CARTESIAN_POINT('',(28.362754634937,-12.69));
#3006 = CARTESIAN_POINT('',(28.196441650522,-12.69));
#3007 = CARTESIAN_POINT('',(28.03012882885,-12.69));
#3008 = CARTESIAN_POINT('',(27.863816148601,-12.69));
#3009 = CARTESIAN_POINT('',(27.697503589439,-12.69));
#3010 = CARTESIAN_POINT('',(27.288117924041,-12.69));
#3011 = CARTESIAN_POINT('',(27.045044936651,-12.69));
#3012 = CARTESIAN_POINT('',(26.801972107532,-12.69));
#3013 = CARTESIAN_POINT('',(26.558899384421,-12.69));
#3014 = CARTESIAN_POINT('',(26.315826725111,-12.69));
#3015 = CARTESIAN_POINT('',(26.072754097451,-12.69));
#3016 = CARTESIAN_POINT('',(25.829681479345,-12.69));
#3017 = CARTESIAN_POINT('',(25.253983445099,-12.69));
#3018 = CARTESIAN_POINT('',(24.921358043339,-12.69));
#3019 = CARTESIAN_POINT('',(24.58873261463,-12.69));
#3020 = CARTESIAN_POINT('',(24.256107089127,-12.69));
#3021 = CARTESIAN_POINT('',(23.923481365992,-12.69));
#3022 = CARTESIAN_POINT('',(23.590855313388,-12.69));
#3023 = CARTESIAN_POINT('',(23.258228768482,-12.69));
#3024 = CARTESIAN_POINT('',(22.688927068903,-12.69));
#3025 = CARTESIAN_POINT('',(22.452252260979,-12.69));
#3026 = CARTESIAN_POINT('',(22.215577047046,-12.69));
#3027 = CARTESIAN_POINT('',(21.978901359426,-12.69));
#3028 = CARTESIAN_POINT('',(21.742225129397,-12.69));
#3029 = CARTESIAN_POINT('',(21.505548287187,-12.69));
#3030 = CARTESIAN_POINT('',(21.268870761976,-12.69));
#3031 = CARTESIAN_POINT('',(20.872277522189,-12.69));
#3032 = CARTESIAN_POINT('',(20.712362219224,-12.69));
#3033 = CARTESIAN_POINT('',(20.552446551389,-12.69));
#3034 = CARTESIAN_POINT('',(20.392530497874,-12.69));
#3035 = CARTESIAN_POINT('',(20.232614038674,-12.69));
#3036 = CARTESIAN_POINT('',(20.072697154586,-12.69));
#3037 = CARTESIAN_POINT('',(19.912779827212,-12.69));
#3038 = CARTESIAN_POINT('',(19.273129640627,-12.69));
#3039 = CARTESIAN_POINT('',(18.793393171684,-12.69));
#3040 = CARTESIAN_POINT('',(18.313652061663,-12.69));
#3041 = CARTESIAN_POINT('',(17.833905936969,-12.69));
#3042 = CARTESIAN_POINT('',(17.354154620882,-12.69));
#3043 = CARTESIAN_POINT('',(16.874398133553,-12.69));
#3044 = CARTESIAN_POINT('',(16.394636692008,-12.69));
#3045 = CARTESIAN_POINT('',(15.761352509512,-12.69));
#3046 = CARTESIAN_POINT('',(15.60783385185,-12.69));
#3047 = CARTESIAN_POINT('',(15.454314753876,-12.69));
#3048 = CARTESIAN_POINT('',(15.300795235745,-12.69));
#3049 = CARTESIAN_POINT('',(15.147275321043,-12.69));
#3050 = CARTESIAN_POINT('',(14.993755036794,-12.69));
#3051 = CARTESIAN_POINT('',(14.840234413457,-12.69));
#3052 = CARTESIAN_POINT('',(14.60995365835,-12.69));
#3053 = CARTESIAN_POINT('',(14.533193831773,-12.69));
#3054 = CARTESIAN_POINT('',(14.456434005197,-12.69));
#3055 = CARTESIAN_POINT('',(14.379674178621,-12.69));
#3056 = CARTESIAN_POINT('',(14.302914352044,-12.69));
#3057 = CARTESIAN_POINT('',(14.226154525468,-12.69));
#3058 = CARTESIAN_POINT('',(14.149394698892,-12.69));
#3059 = CARTESIAN_POINT('',(14.034254958975,-12.69));
#3060 = CARTESIAN_POINT('',(13.995875046139,-12.69));
#3061 = CARTESIAN_POINT('',(13.95749513315,-12.69));
#3062 = CARTESIAN_POINT('',(13.919115219682,-12.69));
#3063 = CARTESIAN_POINT('',(13.880735305736,-12.69));
#3064 = CARTESIAN_POINT('',(13.842355391646,-12.69));
#3065 = CARTESIAN_POINT('',(13.803975478073,-12.69));
#3066 = CARTESIAN_POINT('',(13.720819000508,-12.69));
#3067 = CARTESIAN_POINT('',(13.676042435005,-12.69));
#3068 = CARTESIAN_POINT('',(13.631265869502,-12.69));
#3069 = CARTESIAN_POINT('',(13.586489303999,-12.69));
#3070 = CARTESIAN_POINT('',(13.541712738497,-12.69));
#3071 = CARTESIAN_POINT('',(13.496936172994,-12.69));
#3072 = CARTESIAN_POINT('',(13.452159607491,-12.69));
#3073 = CARTESIAN_POINT('',(13.324222919676,-12.69));
#3074 = CARTESIAN_POINT('',(13.241063377355,-12.69));
#3075 = CARTESIAN_POINT('',(13.157904606401,-12.69));
#3076 = CARTESIAN_POINT('',(13.074746829498,-12.69));
#3077 = CARTESIAN_POINT('',(12.991590300631,-12.69));
#3078 = CARTESIAN_POINT('',(12.90843530509,-12.69));
#3079 = CARTESIAN_POINT('',(12.825282159467,-12.69));
#3080 = CARTESIAN_POINT('',(12.658964451396,-12.69));
#3081 = CARTESIAN_POINT('',(12.575800029923,-12.69));
#3082 = CARTESIAN_POINT('',(12.492637551837,-12.69));
#3083 = CARTESIAN_POINT('',(12.409480160307,-12.69));
#3084 = CARTESIAN_POINT('',(12.326321728702,-12.69));
#3085 = CARTESIAN_POINT('',(12.243172923044,-12.69));
#3086 = CARTESIAN_POINT('',(12.160025099133,-12.69));
#3087 = CARTESIAN_POINT('',(11.865823944369,-12.69));
#3088 = CARTESIAN_POINT('',(11.654782356886,-12.69));
#3089 = CARTESIAN_POINT('',(11.443734175991,-12.69));
#3090 = CARTESIAN_POINT('',(11.232665883746,-12.69));
#3091 = CARTESIAN_POINT('',(11.021570879679,-12.69));
#3092 = CARTESIAN_POINT('',(10.8104494733,-12.69));
#3093 = CARTESIAN_POINT('',(10.599308876619,-12.69));
#3094 = CARTESIAN_POINT('',(10.260214089025,-12.69));
#3095 = CARTESIAN_POINT('',(10.132264007443,-12.69));
#3096 = CARTESIAN_POINT('',(10.004316926026,-12.69));
#3097 = CARTESIAN_POINT('',(9.876375867106,-12.69));
#3098 = CARTESIAN_POINT('',(9.748442898585,-12.69));
#3099 = CARTESIAN_POINT('',(9.620519131283,-12.69));
#3100 = CARTESIAN_POINT('',(9.492604716287,-12.69));
#3101 = CARTESIAN_POINT('',(9.236746191004,-12.69));
#3102 = CARTESIAN_POINT('',(9.108802351207,-12.69));
#3103 = CARTESIAN_POINT('',(8.980866473802,-12.69));
#3104 = CARTESIAN_POINT('',(8.852937145162,-12.69));
#3105 = CARTESIAN_POINT('',(8.72501230906,-12.69));
#3106 = CARTESIAN_POINT('',(8.597089244762,-12.69));
#3107 = CARTESIAN_POINT('',(8.469164601306,-12.69));
#3108 = CARTESIAN_POINT('',(8.155772071414,-12.69));
#3109 = CARTESIAN_POINT('',(7.970299121992,-12.69));
#3110 = CARTESIAN_POINT('',(7.784812709944,-12.69));
#3111 = CARTESIAN_POINT('',(7.59931183303,-12.69));
#3112 = CARTESIAN_POINT('',(7.413797417937,-12.69));
#3113 = CARTESIAN_POINT('',(7.228272321697,-12.69));
#3114 = CARTESIAN_POINT('',(7.042741333107,-12.69));
#3115 = CARTESIAN_POINT('',(6.812434608644,-12.69));
#3116 = CARTESIAN_POINT('',(6.767658043141,-12.69));
#3117 = CARTESIAN_POINT('',(6.722881477639,-12.69));
#3118 = CARTESIAN_POINT('',(6.678104912136,-12.69));
#3119 = CARTESIAN_POINT('',(6.633328346633,-12.69));
#3120 = CARTESIAN_POINT('',(6.58855178113,-12.69));
#3121 = CARTESIAN_POINT('',(6.543775215627,-12.69));
#3122 = CARTESIAN_POINT('',(6.428635693157,-12.69));
#3123 = CARTESIAN_POINT('',(6.358272746074,-12.69));
#3124 = CARTESIAN_POINT('',(6.287908070051,-12.69));
#3125 = CARTESIAN_POINT('',(6.217545762526,-12.69));
#3126 = CARTESIAN_POINT('',(6.147183813925,-12.69));
#3127 = CARTESIAN_POINT('',(6.076819541901,-12.69));
#3128 = CARTESIAN_POINT('',(6.006456037199,-12.69));
#3129 = CARTESIAN_POINT('',(5.85334781949,-12.69));
#3130 = CARTESIAN_POINT('',(5.782671512743,-12.69));
#3131 = CARTESIAN_POINT('',(5.711946022297,-12.69));
#3132 = CARTESIAN_POINT('',(5.634788682307,-12.69));
#3133 = CARTESIAN_POINT('',(5.550720026248,-12.69));
#3134 = CARTESIAN_POINT('',(5.465320031952,-12.69));
#3135 = CARTESIAN_POINT('',(5.390422309244,-12.69));
#3136 = CARTESIAN_POINT('',(5.344283934714,-12.69));
#3137 = ( GEOMETRIC_REPRESENTATION_CONTEXT(2) 
PARAMETRIC_REPRESENTATION_CONTEXT() REPRESENTATION_CONTEXT('2D SPACE',''
  ) );
#3138 = PCURVE('',#3139,#3144);
#3139 = PLANE('',#3140);
#3140 = AXIS2_PLACEMENT_3D('',#3141,#3142,#3143);
#3141 = CARTESIAN_POINT('',(12.69,-1.,-20.1));
#3142 = DIRECTION('',(1.,0.,-0.));
#3143 = DIRECTION('',(0.,0.,1.));
#3144 = DEFINITIONAL_REPRESENTATION('',(#3145),#3372);
#3145 = B_SPLINE_CURVE_WITH_KNOTS('',8,(#3146,#3147,#3148,#3149,#3150,
    #3151,#3152,#3153,#3154,#3155,#3156,#3157,#3158,#3159,#3160,#3161,
    #3162,#3163,#3164,#3165,#3166,#3167,#3168,#3169,#3170,#3171,#3172,
    #3173,#3174,#3175,#3176,#3177,#3178,#3179,#3180,#3181,#3182,#3183,
    #3184,#3185,#3186,#3187,#3188,#3189,#3190,#3191,#3192,#3193,#3194,
    #3195,#3196,#3197,#3198,#3199,#3200,#3201,#3202,#3203,#3204,#3205,
    #3206,#3207,#3208,#3209,#3210,#3211,#3212,#3213,#3214,#3215,#3216,
    #3217,#3218,#3219,#3220,#3221,#3222,#3223,#3224,#3225,#3226,#3227,
    #3228,#3229,#3230,#3231,#3232,#3233,#3234,#3235,#3236,#3237,#3238,
    #3239,#3240,#3241,#3242,#3243,#3244,#3245,#3246,#3247,#3248,#3249,
    #3250,#3251,#3252,#3253,#3254,#3255,#3256,#3257,#3258,#3259,#3260,
    #3261,#3262,#3263,#3264,#3265,#3266,#3267,#3268,#3269,#3270,#3271,
    #3272,#3273,#3274,#3275,#3276,#3277,#3278,#3279,#3280,#3281,#3282,
    #3283,#3284,#3285,#3286,#3287,#3288,#3289,#3290,#3291,#3292,#3293,
    #3294,#3295,#3296,#3297,#3298,#3299,#3300,#3301,#3302,#3303,#3304,
    #3305,#3306,#3307,#3308,#3309,#3310,#3311,#3312,#3313,#3314,#3315,
    #3316,#3317,#3318,#3319,#3320,#3321,#3322,#3323,#3324,#3325,#3326,
    #3327,#3328,#3329,#3330,#3331,#3332,#3333,#3334,#3335,#3336,#3337,
    #3338,#3339,#3340,#3341,#3342,#3343,#3344,#3345,#3346,#3347,#3348,
    #3349,#3350,#3351,#3352,#3353,#3354,#3355,#3356,#3357,#3358,#3359,
    #3360,#3361,#3362,#3363,#3364,#3365,#3366,#3367,#3368,#3369,#3370,
    #3371),.UNSPECIFIED.,.F.,.F.,(9,7,7,7,7,7,7,7,7,7,7,7,7,7,7,7,7,7,7,
    7,7,7,7,7,7,7,7,7,7,7,7,7,9),(0.,1.711415394445E-02,
    3.099290214083E-02,7.389462373562E-02,9.913634204601E-02,
    0.124368832413,0.150864025686,0.163483445214,0.177364760976,
    0.203862168313,0.215217478074,0.301015182081,0.369152442154,
    0.418364390777,0.451172800585,0.499123781194,0.564740857776,
    0.611429418659,0.642975191806,0.73760837536,0.767889630407,
    0.783030132149,0.79060038303,0.799432342674,0.815835272107,
    0.832241320815,0.873886108671,0.899121829546,0.924366779547,
    0.960964804124,0.9697975128,0.983677440694,1.),.UNSPECIFIED.);
#3146 = CARTESIAN_POINT('',(40.2,-9.10330693749));
#3147 = CARTESIAN_POINT('',(40.118452844531,-9.133047838389));
#3148 = CARTESIAN_POINT('',(40.03668750054,-9.162200336586));
#3149 = CARTESIAN_POINT('',(39.9547163947,-9.190783091724));
#3150 = CARTESIAN_POINT('',(39.872551662703,-9.218814827329));
#3151 = CARTESIAN_POINT('',(39.790205149267,-9.246314330813));
#3152 = CARTESIAN_POINT('',(39.707688408131,-9.273300453474));
#3153 = CARTESIAN_POINT('',(39.625012702059,-9.299792110497));
#3154 = CARTESIAN_POINT('',(39.475023002696,-9.346906132471));
#3155 = CARTESIAN_POINT('',(39.407760679485,-9.36769195435));
#3156 = CARTESIAN_POINT('',(39.340406443109,-9.388171077323));
#3157 = CARTESIAN_POINT('',(39.272972753276,-9.408361404519));
#3158 = CARTESIAN_POINT('',(39.205463634316,-9.428270099964));
#3159 = CARTESIAN_POINT('',(39.137878344373,-9.447898997124));
#3160 = CARTESIAN_POINT('',(39.070219147121,-9.467255628585));
#3161 = CARTESIAN_POINT('',(38.793115228017,-9.545360974647));
#3162 = CARTESIAN_POINT('',(38.583043009339,-9.601837929979));
#3163 = CARTESIAN_POINT('',(38.372342504044,-9.655956299128));
#3164 = CARTESIAN_POINT('',(38.161082278493,-9.707896557366));
#3165 = CARTESIAN_POINT('',(37.949327338818,-9.757840615666));
#3166 = CARTESIAN_POINT('',(37.737139030269,-9.805971436304));
#3167 = CARTESIAN_POINT('',(37.524574936569,-9.852472648462));
#3168 = CARTESIAN_POINT('',(37.186434775123,-9.924037091314));
#3169 = CARTESIAN_POINT('',(37.061070699585,-9.950051316675));
#3170 = CARTESIAN_POINT('',(36.935590923297,-9.975515630883));
#3171 = CARTESIAN_POINT('',(36.809990054212,-10.00037280672));
#3172 = CARTESIAN_POINT('',(36.684263293818,-10.02456535208));
#3173 = CARTESIAN_POINT('',(36.55840658313,-10.04803623483));
#3174 = CARTESIAN_POINT('',(36.43241653844,-10.07072857929));
#3175 = CARTESIAN_POINT('',(36.180209924879,-10.11443209948));
#3176 = CARTESIAN_POINT('',(36.053993729625,-10.1354439232));
#3177 = CARTESIAN_POINT('',(35.927638733428,-10.15556242271));
#3178 = CARTESIAN_POINT('',(35.801143005295,-10.17472983361));
#3179 = CARTESIAN_POINT('',(35.674505556719,-10.19288816708));
#3180 = CARTESIAN_POINT('',(35.547726357522,-10.20997936694));
#3181 = CARTESIAN_POINT('',(35.420806351697,-10.22594546677));
#3182 = CARTESIAN_POINT('',(35.160330220616,-10.25625182304));
#3183 = CARTESIAN_POINT('',(35.026760776973,-10.27047538417));
#3184 = CARTESIAN_POINT('',(34.893058168455,-10.28347515749));
#3185 = CARTESIAN_POINT('',(34.759240129087,-10.29532698385));
#3186 = CARTESIAN_POINT('',(34.625323100777,-10.30610681786));
#3187 = CARTESIAN_POINT('',(34.491322233317,-10.31589072784));
#3188 = CARTESIAN_POINT('',(34.357251384383,-10.32475489588));
#3189 = CARTESIAN_POINT('',(34.159239047165,-10.33659581469));
#3190 = CARTESIAN_POINT('',(34.095340459434,-10.34022474147));
#3191 = CARTESIAN_POINT('',(34.031428967761,-10.34367059211));
#3192 = CARTESIAN_POINT('',(33.967506183561,-10.34694156061));
#3193 = CARTESIAN_POINT('',(33.903573718249,-10.35004584094));
#3194 = CARTESIAN_POINT('',(33.839633183241,-10.35299162709));
#3195 = CARTESIAN_POINT('',(33.775686189951,-10.35578711304));
#3196 = CARTESIAN_POINT('',(33.641387557308,-10.36135920084));
#3197 = CARTESIAN_POINT('',(33.571034336916,-10.36410609576));
#3198 = CARTESIAN_POINT('',(33.500677594635,-10.36669191398));
#3199 = CARTESIAN_POINT('',(33.430319256907,-10.36912619531));
#3200 = CARTESIAN_POINT('',(33.359962579255,-10.37142397763));
#3201 = CARTESIAN_POINT('',(33.289608800429,-10.37359519601));
#3202 = CARTESIAN_POINT('',(33.219255359569,-10.37563925581));
#3203 = CARTESIAN_POINT('',(33.014610297123,-10.38124750616));
#3204 = CARTESIAN_POINT('',(32.880313772388,-10.38450225023));
#3205 = CARTESIAN_POINT('',(32.746014309365,-10.38738041677));
#3206 = CARTESIAN_POINT('',(32.61171268449,-10.38993096981));
#3207 = CARTESIAN_POINT('',(32.47740946095,-10.39220290162));
#3208 = CARTESIAN_POINT('',(32.343104988679,-10.39424523273));
#3209 = CARTESIAN_POINT('',(32.208799404365,-10.39610701193));
#3210 = CARTESIAN_POINT('',(32.016936245261,-10.39857882811));
#3211 = CARTESIAN_POINT('',(31.959379761884,-10.39929517584));
#3212 = CARTESIAN_POINT('',(31.901823111683,-10.39999312783));
#3213 = CARTESIAN_POINT('',(31.844266250288,-10.40067589903));
#3214 = CARTESIAN_POINT('',(31.786709156014,-10.40134430436));
#3215 = CARTESIAN_POINT('',(31.729151827296,-10.4019979121));
#3216 = CARTESIAN_POINT('',(31.671594280117,-10.40263619732));
#3217 = CARTESIAN_POINT('',(31.179145592454,-10.40797067976));
#3218 = CARTESIAN_POINT('',(30.74424401925,-10.4118361428));
#3219 = CARTESIAN_POINT('',(30.30933337603,-10.41492078114));
#3220 = CARTESIAN_POINT('',(29.874415009525,-10.41728929198));
#3221 = CARTESIAN_POINT('',(29.439490062995,-10.4190063729));
#3222 = CARTESIAN_POINT('',(29.004559476229,-10.42013672191));
#3223 = CARTESIAN_POINT('',(28.569623985541,-10.42074503742));
#3224 = CARTESIAN_POINT('',(27.789271495075,-10.42101592147));
#3225 = CARTESIAN_POINT('',(27.443856152561,-10.4208473846));
#3226 = CARTESIAN_POINT('',(27.098438375226,-10.42042281022));
#3227 = CARTESIAN_POINT('',(26.753018404384,-10.41977459854));
#3228 = CARTESIAN_POINT('',(26.407596443665,-10.41893514747));
#3229 = CARTESIAN_POINT('',(26.06217265902,-10.41793685259));
#3230 = CARTESIAN_POINT('',(25.716747178714,-10.41681210716));
#3231 = CARTESIAN_POINT('',(25.121836331282,-10.41471302353));
#3232 = CARTESIAN_POINT('',(24.87235174203,-10.41378367974));
#3233 = CARTESIAN_POINT('',(24.622866363621,-10.41281747413));
#3234 = CARTESIAN_POINT('',(24.373380232754,-10.41182660972));
#3235 = CARTESIAN_POINT('',(24.123893384783,-10.41082328919));
#3236 = CARTESIAN_POINT('',(23.874405853715,-10.40981971486));
#3237 = CARTESIAN_POINT('',(23.624917672213,-10.40882808874));
#3238 = CARTESIAN_POINT('',(23.209100753273,-10.40721561953));
#3239 = CARTESIAN_POINT('',(23.042772361476,-10.40658136022));
#3240 = CARTESIAN_POINT('',(22.876443706188,-10.40596145001));
#3241 = CARTESIAN_POINT('',(22.710114798379,-10.40535950436));
#3242 = CARTESIAN_POINT('',(22.543785650009,-10.40477913874));
#3243 = CARTESIAN_POINT('',(22.377456274024,-10.4042239686));
#3244 = CARTESIAN_POINT('',(22.211126684359,-10.40369760938));
#3245 = CARTESIAN_POINT('',(21.801698357905,-10.4024817712));
#3246 = CARTESIAN_POINT('',(21.55859939856,-10.40182913233));
#3247 = CARTESIAN_POINT('',(21.315500062564,-10.40125704742));
#3248 = CARTESIAN_POINT('',(21.072400404637,-10.40077680405));
#3249 = CARTESIAN_POINT('',(20.829300489555,-10.40039968985));
#3250 = CARTESIAN_POINT('',(20.586200392153,-10.40013699257));
#3251 = CARTESIAN_POINT('',(20.343100197319,-10.4));
#3252 = CARTESIAN_POINT('',(19.7673368498,-10.4));
#3253 = CARTESIAN_POINT('',(19.4346737115,-10.40025652855));
#3254 = CARTESIAN_POINT('',(19.102010820397,-10.40074066094));
#3255 = CARTESIAN_POINT('',(18.76934838079,-10.40142347268));
#3256 = CARTESIAN_POINT('',(18.436686565982,-10.40227603948));
#3257 = CARTESIAN_POINT('',(18.104025518281,-10.40326943727));
#3258 = CARTESIAN_POINT('',(17.771365348997,-10.40437474217));
#3259 = CARTESIAN_POINT('',(17.202008915495,-10.40640853412));
#3260 = CARTESIAN_POINT('',(16.965312185922,-10.4072960501));
#3261 = CARTESIAN_POINT('',(16.728615981851,-10.40821515928));
#3262 = CARTESIAN_POINT('',(16.491920334367,-10.40915544231));
#3263 = CARTESIAN_POINT('',(16.255225273509,-10.41010647967));
#3264 = CARTESIAN_POINT('',(16.018530828273,-10.41105785164));
#3265 = CARTESIAN_POINT('',(15.781837026609,-10.41199913833));
#3266 = CARTESIAN_POINT('',(15.38521890136,-10.41354205836));
#3267 = CARTESIAN_POINT('',(15.225294214743,-10.41415483586));
#3268 = CARTESIAN_POINT('',(15.065369844425,-10.41475503804));
#3269 = CARTESIAN_POINT('',(14.905445800067,-10.41533945065));
#3270 = CARTESIAN_POINT('',(14.745522092133,-10.41590485938));
#3271 = CARTESIAN_POINT('',(14.585598731891,-10.41644804983));
#3272 = CARTESIAN_POINT('',(14.425675731418,-10.41696580751));
#3273 = CARTESIAN_POINT('',(13.786006187177,-10.41892218471));
#3274 = CARTESIAN_POINT('',(13.306262701213,-10.42013164887));
#3275 = CARTESIAN_POINT('',(12.826522897964,-10.42099652655));
#3276 = CARTESIAN_POINT('',(12.346787226639,-10.4214300262));
#3277 = CARTESIAN_POINT('',(11.867056333392,-10.42134534847));
#3278 = CARTESIAN_POINT('',(11.387331061322,-10.42065568621));
#3279 = CARTESIAN_POINT('',(10.907612450471,-10.41927422451));
#3280 = CARTESIAN_POINT('',(10.274401222548,-10.41642294491));
#3281 = CARTESIAN_POINT('',(10.120901523824,-10.41565202573));
#3282 = CARTESIAN_POINT('',(9.967402685339,-10.41479853859));
#3283 = CARTESIAN_POINT('',(9.81390475421,-10.41385963902));
#3284 = CARTESIAN_POINT('',(9.660407780987,-10.41283248263));
#3285 = CARTESIAN_POINT('',(9.506911819655,-10.41171422503));
#3286 = CARTESIAN_POINT('',(9.353416927632,-10.4105020219));
#3287 = CARTESIAN_POINT('',(9.123176922417,-10.40853853792));
#3288 = CARTESIAN_POINT('',(9.046431037883,-10.40785985049));
#3289 = CARTESIAN_POINT('',(8.969685515538,-10.40715661119));
#3290 = CARTESIAN_POINT('',(8.892940358751,-10.40642846456));
#3291 = CARTESIAN_POINT('',(8.81619557089,-10.40567505512));
#3292 = CARTESIAN_POINT('',(8.739451155327,-10.4048960274));
#3293 = CARTESIAN_POINT('',(8.662707115429,-10.40409102592));
#3294 = CARTESIAN_POINT('',(8.547591624081,-10.40284402988));
#3295 = CARTESIAN_POINT('',(8.509219888357,-10.40242174878));
#3296 = CARTESIAN_POINT('',(8.470848247871,-10.40199285499));
#3297 = CARTESIAN_POINT('',(8.432476703058,-10.40155732665));
#3298 = CARTESIAN_POINT('',(8.394105254307,-10.40111511704));
#3299 = CARTESIAN_POINT('',(8.355733901962,-10.40066615452));
#3300 = CARTESIAN_POINT('',(8.317362646323,-10.40021034258));
#3301 = CARTESIAN_POINT('',(8.234225134422,-10.39920764659));
#3302 = CARTESIAN_POINT('',(8.189458904367,-10.39865779658));
#3303 = CARTESIAN_POINT('',(8.144692771867,-10.39809619293));
#3304 = CARTESIAN_POINT('',(8.099926711312,-10.39752101875));
#3305 = CARTESIAN_POINT('',(8.05516069709,-10.39693045718));
#3306 = CARTESIAN_POINT('',(8.010394703589,-10.39632269135));
#3307 = CARTESIAN_POINT('',(7.9656287052,-10.39569590438));
#3308 = CARTESIAN_POINT('',(7.837722122849,-10.3938454946));
#3309 = CARTESIAN_POINT('',(7.754582044049,-10.39257084311));
#3310 = CARTESIAN_POINT('',(7.671442467154,-10.39121268829));
#3311 = CARTESIAN_POINT('',(7.588303450737,-10.38975939755));
#3312 = CARTESIAN_POINT('',(7.5051650847,-10.38819934234));
#3313 = CARTESIAN_POINT('',(7.422027490277,-10.38652089817));
#3314 = CARTESIAN_POINT('',(7.338890820029,-10.38471244461));
#3315 = CARTESIAN_POINT('',(7.172603886131,-10.38081191509));
#3316 = CARTESIAN_POINT('',(7.089453594803,-10.37872008051));
#3317 = CARTESIAN_POINT('',(7.006305249642,-10.3764727621));
#3318 = CARTESIAN_POINT('',(6.923156175609,-10.37406817183));
#3319 = CARTESIAN_POINT('',(6.840013714783,-10.37147102848));
#3320 = CARTESIAN_POINT('',(6.756867102598,-10.36870665166));
#3321 = CARTESIAN_POINT('',(6.67372699543,-10.36572970633));
#3322 = CARTESIAN_POINT('',(6.379568384032,-10.35440938777));
#3323 = CARTESIAN_POINT('',(6.168589051265,-10.34484878869));
#3324 = CARTESIAN_POINT('',(5.957692664558,-10.33355420213));
#3325 = CARTESIAN_POINT('',(5.746923623402,-10.32023021056));
#3326 = CARTESIAN_POINT('',(5.536333316818,-10.30458096437));
#3327 = CARTESIAN_POINT('',(5.325980075216,-10.28631075457));
#3328 = CARTESIAN_POINT('',(5.115929122266,-10.26512458541));
#3329 = CARTESIAN_POINT('',(4.779193648304,-10.22594546677));
#3330 = CARTESIAN_POINT('',(4.652273642479,-10.20997936694));
#3331 = CARTESIAN_POINT('',(4.525494443283,-10.19288816708));
#3332 = CARTESIAN_POINT('',(4.398856994707,-10.17472983361));
#3333 = CARTESIAN_POINT('',(4.272361266573,-10.15556242271));
#3334 = CARTESIAN_POINT('',(4.146006270376,-10.1354439232));
#3335 = CARTESIAN_POINT('',(4.019790075122,-10.11443209948));
#3336 = CARTESIAN_POINT('',(3.767583461562,-10.07072857929));
#3337 = CARTESIAN_POINT('',(3.641593416871,-10.04803623483));
#3338 = CARTESIAN_POINT('',(3.515736706183,-10.02456535209));
#3339 = CARTESIAN_POINT('',(3.39000994579,-10.00037280672));
#3340 = CARTESIAN_POINT('',(3.264409076704,-9.975515630883));
#3341 = CARTESIAN_POINT('',(3.138929300416,-9.950051316675));
#3342 = CARTESIAN_POINT('',(3.013565224878,-9.924037091314));
#3343 = CARTESIAN_POINT('',(2.706728404279,-9.859097730019));
#3344 = CARTESIAN_POINT('',(2.525379687164,-9.819615468779));
#3345 = CARTESIAN_POINT('',(2.344298604674,-9.778967256972));
#3346 = CARTESIAN_POINT('',(2.163520643976,-9.73703914372));
#3347 = CARTESIAN_POINT('',(1.983083205496,-9.693717501639));
#3348 = CARTESIAN_POINT('',(1.803025564285,-9.648889178084));
#3349 = CARTESIAN_POINT('',(1.623388831401,-9.602441646394));
#3350 = CARTESIAN_POINT('',(1.400973631328,-9.54263557436));
#3351 = CARTESIAN_POINT('',(1.357758316317,-9.530907157017));
#3352 = CARTESIAN_POINT('',(1.314570482073,-9.5190763099));
#3353 = CARTESIAN_POINT('',(1.271410640423,-9.507141437806));
#3354 = CARTESIAN_POINT('',(1.228279303195,-9.495100945531));
#3355 = CARTESIAN_POINT('',(1.185176982217,-9.482953237872));
#3356 = CARTESIAN_POINT('',(1.142104189317,-9.470696719624));
#3357 = CARTESIAN_POINT('',(1.031423033451,-9.438896117851));
#3358 = CARTESIAN_POINT('',(0.963858248446,-9.419190266905));
#3359 = CARTESIAN_POINT('',(0.896371256493,-9.399202485873));
#3360 = CARTESIAN_POINT('',(0.828957935663,-9.378935723474));
#3361 = CARTESIAN_POINT('',(0.761626512031,-9.35837674314));
#3362 = CARTESIAN_POINT('',(0.694387956855,-9.337509410741));
#3363 = CARTESIAN_POINT('',(0.627244720874,-9.316330384552));
#3364 = CARTESIAN_POINT('',(0.481370453973,-9.269540323159));
#3365 = CARTESIAN_POINT('',(0.414177220898,-9.247493194357));
#3366 = CARTESIAN_POINT('',(0.347015410993,-9.225200298433));
#3367 = CARTESIAN_POINT('',(0.273873192738,-9.20050899166));
#3368 = CARTESIAN_POINT('',(0.194315571834,-9.173196957504));
#3369 = CARTESIAN_POINT('',(0.113801862627,-9.144623319114));
#3370 = CARTESIAN_POINT('',(4.335700232647E-02,-9.119119583585));
#3371 = CARTESIAN_POINT('',(0.,-9.10330693749));
#3372 = ( GEOMETRIC_REPRESENTATION_CONTEXT(2) 
PARAMETRIC_REPRESENTATION_CONTEXT() REPRESENTATION_CONTEXT('2D SPACE',''
  ) );
#3373 = ORIENTED_EDGE('',*,*,#3374,.T.);
#3374 = EDGE_CURVE('',#2678,#3375,#3377,.T.);
#3375 = VERTEX_POINT('',#3376);
#3376 = CARTESIAN_POINT('',(11.49,7.596918011038,-21.3));
#3377 = SURFACE_CURVE('',#3378,(#3405,#3435),.PCURVE_S1.);
#3378 = B_SPLINE_CURVE_WITH_KNOTS('',7,(#3379,#3380,#3381,#3382,#3383,
    #3384,#3385,#3386,#3387,#3388,#3389,#3390,#3391,#3392,#3393,#3394,
    #3395,#3396,#3397,#3398,#3399,#3400,#3401,#3402,#3403,#3404),
  .UNSPECIFIED.,.F.,.F.,(8,6,6,6,8),(0.,0.144787905065,0.307044753849,
    0.438789256067,1.),.UNSPECIFIED.);
#3379 = CARTESIAN_POINT('',(12.69,8.10330693749,-20.1));
#3380 = CARTESIAN_POINT('',(12.69,8.086772358861,-20.1453364832));
#3381 = CARTESIAN_POINT('',(12.688001497305,8.070054970076,
    -20.19059646178));
#3382 = CARTESIAN_POINT('',(12.684017110946,8.053184447675,
    -20.23568688492));
#3383 = CARTESIAN_POINT('',(12.678062483006,8.03619245322,
    -20.28051669662));
#3384 = CARTESIAN_POINT('',(12.670156278618,8.019112633287,
    -20.32499683571));
#3385 = CARTESIAN_POINT('',(12.660320185965,8.00198061947,
    -20.36904023584));
#3386 = CARTESIAN_POINT('',(12.635421039463,7.965618667565,
    -20.46133437997));
#3387 = CARTESIAN_POINT('',(12.619870182472,7.946387232477,
    -20.50945154669));
#3388 = CARTESIAN_POINT('',(12.601961139167,7.927182142361,
    -20.55679244394));
#3389 = CARTESIAN_POINT('',(12.581729357094,7.908073288878,
    -20.60324657652));
#3390 = CARTESIAN_POINT('',(12.559212644916,7.889133309737,
    -20.64870317061));
#3391 = CARTESIAN_POINT('',(12.53445210773,7.870430514376,
    -20.69304800578));
#3392 = CARTESIAN_POINT('',(12.485602293735,7.837106840398,
    -20.77117882986));
#3393 = CARTESIAN_POINT('',(12.463727301372,7.823378804462,
    -20.80303972854));
#3394 = CARTESIAN_POINT('',(12.441926112178,7.810631857208,
    -20.8323836116));
#3395 = CARTESIAN_POINT('',(12.42017124879,7.798697261482,
    -20.85966483169));
#3396 = CARTESIAN_POINT('',(12.398421847021,7.787455954449,
    -20.88519935987));
#3397 = CARTESIAN_POINT('',(12.376671272067,7.776832679097,
    -20.9091936404));
#3398 = CARTESIAN_POINT('',(12.262523285185,7.724006264052,
    -21.02789892064));
#3399 = CARTESIAN_POINT('',(12.156380838831,7.684997089158,
    -21.11332707859));
#3400 = CARTESIAN_POINT('',(12.037857608244,7.651338327693,
    -21.18548881052));
#3401 = CARTESIAN_POINT('',(11.908902216692,7.6246039469,-21.24195091005
    ));
#3402 = CARTESIAN_POINT('',(11.772148384937,7.606141162938,
    -21.28066106501));
#3403 = CARTESIAN_POINT('',(11.631033483563,7.596918011038,-21.3));
#3404 = CARTESIAN_POINT('',(11.49,7.596918011038,-21.3));
#3405 = PCURVE('',#1158,#3406);
#3406 = DEFINITIONAL_REPRESENTATION('',(#3407),#3434);
#3407 = B_SPLINE_CURVE_WITH_KNOTS('',7,(#3408,#3409,#3410,#3411,#3412,
    #3413,#3414,#3415,#3416,#3417,#3418,#3419,#3420,#3421,#3422,#3423,
    #3424,#3425,#3426,#3427,#3428,#3429,#3430,#3431,#3432,#3433),
  .UNSPECIFIED.,.F.,.F.,(8,6,6,6,8),(0.,0.144787905065,0.307044753849,
    0.438789256067,1.),.UNSPECIFIED.);
#3408 = CARTESIAN_POINT('',(5.344283934714,-12.69));
#3409 = CARTESIAN_POINT('',(5.296039094671,-12.69));
#3410 = CARTESIAN_POINT('',(5.247801366331,-12.6880014973));
#3411 = CARTESIAN_POINT('',(5.199667274473,-12.68401711094));
#3412 = CARTESIAN_POINT('',(5.151732246202,-12.678062483));
#3413 = CARTESIAN_POINT('',(5.104090610945,-12.67015627861));
#3414 = CARTESIAN_POINT('',(5.056835600455,-12.66032018596));
#3415 = CARTESIAN_POINT('',(4.957639450978,-12.63542103946));
#3416 = CARTESIAN_POINT('',(4.905821801717,-12.61987018247));
#3417 = CARTESIAN_POINT('',(4.854732903241,-12.60196113916));
#3418 = CARTESIAN_POINT('',(4.804500908393,-12.58172935709));
#3419 = CARTESIAN_POINT('',(4.755255361524,-12.55921264491));
#3420 = CARTESIAN_POINT('',(4.707127260909,-12.53445210773));
#3421 = CARTESIAN_POINT('',(4.62218698265,-12.48560229373));
#3422 = CARTESIAN_POINT('',(4.587495453042,-12.46372730137));
#3423 = CARTESIAN_POINT('',(4.555504232603,-12.44192611217));
#3424 = CARTESIAN_POINT('',(4.525728985196,-12.42017124879));
#3425 = CARTESIAN_POINT('',(4.497832257373,-12.39842184702));
#3426 = CARTESIAN_POINT('',(4.471594547116,-12.37667127206));
#3427 = CARTESIAN_POINT('',(4.341683273579,-12.26252328518));
#3428 = CARTESIAN_POINT('',(4.247797508209,-12.15638083883));
#3429 = CARTESIAN_POINT('',(4.168204571532,-12.03785760824));
#3430 = CARTESIAN_POINT('',(4.105761392406,-11.90890221669));
#3431 = CARTESIAN_POINT('',(4.062894611122,-11.77214838493));
#3432 = CARTESIAN_POINT('',(4.041479345784,-11.63103348356));
#3433 = CARTESIAN_POINT('',(4.041479345784,-11.49));
#3434 = ( GEOMETRIC_REPRESENTATION_CONTEXT(2) 
PARAMETRIC_REPRESENTATION_CONTEXT() REPRESENTATION_CONTEXT('2D SPACE',''
  ) );
#3435 = PCURVE('',#3436,#3441);
#3436 = CYLINDRICAL_SURFACE('',#3437,1.2);
#3437 = AXIS2_PLACEMENT_3D('',#3438,#3439,#3440);
#3438 = CARTESIAN_POINT('',(11.49,-1.,-20.1));
#3439 = DIRECTION('',(0.,-1.,0.));
#3440 = DIRECTION('',(1.,0.,0.));
#3441 = DEFINITIONAL_REPRESENTATION('',(#3442),#3469);
#3442 = B_SPLINE_CURVE_WITH_KNOTS('',7,(#3443,#3444,#3445,#3446,#3447,
    #3448,#3449,#3450,#3451,#3452,#3453,#3454,#3455,#3456,#3457,#3458,
    #3459,#3460,#3461,#3462,#3463,#3464,#3465,#3466,#3467,#3468),
  .UNSPECIFIED.,.F.,.F.,(8,6,6,6,8),(0.,0.144787905065,0.307044753849,
    0.438789256067,1.),.UNSPECIFIED.);
#3443 = CARTESIAN_POINT('',(6.28318530718,-9.10330693749));
#3444 = CARTESIAN_POINT('',(6.245404904509,-9.086772358861));
#3445 = CARTESIAN_POINT('',(6.20768816228,-9.070054970076));
#3446 = CARTESIAN_POINT('',(6.170024758926,-9.053184447675));
#3447 = CARTESIAN_POINT('',(6.132403804499,-9.03619245322));
#3448 = CARTESIAN_POINT('',(6.09481384067,-9.019112633287));
#3449 = CARTESIAN_POINT('',(6.057242840729,-9.00198061947));
#3450 = CARTESIAN_POINT('',(5.977581332279,-8.965618667565));
#3451 = CARTESIAN_POINT('',(5.935492349734,-8.946387232477));
#3452 = CARTESIAN_POINT('',(5.893394198317,-8.927182142361));
#3453 = CARTESIAN_POINT('',(5.851261921857,-8.908073288878));
#3454 = CARTESIAN_POINT('',(5.80907080868,-8.889133309737));
#3455 = CARTESIAN_POINT('',(5.766798331487,-8.870430514376));
#3456 = CARTESIAN_POINT('',(5.690010700471,-8.837106840398));
#3457 = CARTESIAN_POINT('',(5.657833879889,-8.823378804462));
#3458 = CARTESIAN_POINT('',(5.627402419693,-8.810631857208));
#3459 = CARTESIAN_POINT('',(5.598352907772,-8.798697261482));
#3460 = CARTESIAN_POINT('',(5.570423810578,-8.787455954449));
#3461 = CARTESIAN_POINT('',(5.543447520664,-8.776832679097));
#3462 = CARTESIAN_POINT('',(5.406211140882,-8.724006264052));
#3463 = CARTESIAN_POINT('',(5.293586296288,-8.684997089158));
#3464 = CARTESIAN_POINT('',(5.179543896687,-8.651338327693));
#3465 = CARTESIAN_POINT('',(5.064130115917,-8.6246039469));
#3466 = CARTESIAN_POINT('',(4.947511727652,-8.606141162938));
#3467 = CARTESIAN_POINT('',(4.829916883354,-8.596918011038));
#3468 = CARTESIAN_POINT('',(4.712388980385,-8.596918011038));
#3469 = ( GEOMETRIC_REPRESENTATION_CONTEXT(2) 
PARAMETRIC_REPRESENTATION_CONTEXT() REPRESENTATION_CONTEXT('2D SPACE',''
  ) );
#3470 = ORIENTED_EDGE('',*,*,#3471,.T.);
#3471 = EDGE_CURVE('',#3375,#1323,#3472,.T.);
#3472 = SURFACE_CURVE('',#3473,(#3479,#3488),.PCURVE_S1.);
#3473 = B_SPLINE_CURVE_WITH_KNOTS('',4,(#3474,#3475,#3476,#3477,#3478),
  .UNSPECIFIED.,.F.,.F.,(5,5),(0.,1.),.PIECEWISE_BEZIER_KNOTS.);
#3474 = CARTESIAN_POINT('',(11.49,7.596918011038,-21.3));
#3475 = CARTESIAN_POINT('',(8.61749985,7.596918011038,-21.3));
#3476 = CARTESIAN_POINT('',(5.7449997,7.596918011038,-21.3));
#3477 = CARTESIAN_POINT('',(2.87249955,7.596918011038,-21.3));
#3478 = CARTESIAN_POINT('',(-5.999999999062E-07,7.596918011038,-21.3));
#3479 = PCURVE('',#1158,#3480);
#3480 = DEFINITIONAL_REPRESENTATION('',(#3481),#3487);
#3481 = B_SPLINE_CURVE_WITH_KNOTS('',4,(#3482,#3483,#3484,#3485,#3486),
  .UNSPECIFIED.,.F.,.F.,(5,5),(0.,1.),.PIECEWISE_BEZIER_KNOTS.);
#3482 = CARTESIAN_POINT('',(4.041479345784,-11.49));
#3483 = CARTESIAN_POINT('',(4.041479345784,-8.61749985));
#3484 = CARTESIAN_POINT('',(4.041479345784,-5.7449997));
#3485 = CARTESIAN_POINT('',(4.041479345784,-2.87249955));
#3486 = CARTESIAN_POINT('',(4.041479345784,5.999999999062E-07));
#3487 = ( GEOMETRIC_REPRESENTATION_CONTEXT(2) 
PARAMETRIC_REPRESENTATION_CONTEXT() REPRESENTATION_CONTEXT('2D SPACE',''
  ) );
#3488 = PCURVE('',#3489,#3494);
#3489 = PLANE('',#3490);
#3490 = AXIS2_PLACEMENT_3D('',#3491,#3492,#3493);
#3491 = CARTESIAN_POINT('',(-11.49,-1.,-21.3));
#3492 = DIRECTION('',(0.,0.,-1.));
#3493 = DIRECTION('',(1.,0.,0.));
#3494 = DEFINITIONAL_REPRESENTATION('',(#3495),#3501);
#3495 = B_SPLINE_CURVE_WITH_KNOTS('',4,(#3496,#3497,#3498,#3499,#3500),
  .UNSPECIFIED.,.F.,.F.,(5,5),(0.,1.),.PIECEWISE_BEZIER_KNOTS.);
#3496 = CARTESIAN_POINT('',(22.98,-8.596918011038));
#3497 = CARTESIAN_POINT('',(20.10749985,-8.596918011038));
#3498 = CARTESIAN_POINT('',(17.2349997,-8.596918011038));
#3499 = CARTESIAN_POINT('',(14.36249955,-8.596918011038));
#3500 = CARTESIAN_POINT('',(11.4899994,-8.596918011038));
#3501 = ( GEOMETRIC_REPRESENTATION_CONTEXT(2) 
PARAMETRIC_REPRESENTATION_CONTEXT() REPRESENTATION_CONTEXT('2D SPACE',''
  ) );
#3502 = ADVANCED_FACE('',(#3503,#3573),#2050,.T.);
#3503 = FACE_BOUND('',#3504,.T.);
#3504 = EDGE_LOOP('',(#3505,#3530,#3551,#3552));
#3505 = ORIENTED_EDGE('',*,*,#3506,.F.);
#3506 = EDGE_CURVE('',#3507,#3509,#3511,.T.);
#3507 = VERTEX_POINT('',#3508);
#3508 = CARTESIAN_POINT('',(13.69,0.,-19.75));
#3509 = VERTEX_POINT('',#3510);
#3510 = CARTESIAN_POINT('',(13.69,0.,19.75));
#3511 = SURFACE_CURVE('',#3512,(#3516,#3523),.PCURVE_S1.);
#3512 = LINE('',#3513,#3514);
#3513 = CARTESIAN_POINT('',(13.69,0.,0.));
#3514 = VECTOR('',#3515,1.);
#3515 = DIRECTION('',(0.,0.,1.));
#3516 = PCURVE('',#2050,#3517);
#3517 = DEFINITIONAL_REPRESENTATION('',(#3518),#3522);
#3518 = LINE('',#3519,#3520);
#3519 = CARTESIAN_POINT('',(19.75,0.));
#3520 = VECTOR('',#3521,1.);
#3521 = DIRECTION('',(1.,0.));
#3522 = ( GEOMETRIC_REPRESENTATION_CONTEXT(2) 
PARAMETRIC_REPRESENTATION_CONTEXT() REPRESENTATION_CONTEXT('2D SPACE',''
  ) );
#3523 = PCURVE('',#44,#3524);
#3524 = DEFINITIONAL_REPRESENTATION('',(#3525),#3529);
#3525 = LINE('',#3526,#3527);
#3526 = CARTESIAN_POINT('',(13.69,0.));
#3527 = VECTOR('',#3528,1.);
#3528 = DIRECTION('',(0.,1.));
#3529 = ( GEOMETRIC_REPRESENTATION_CONTEXT(2) 
PARAMETRIC_REPRESENTATION_CONTEXT() REPRESENTATION_CONTEXT('2D SPACE',''
  ) );
#3530 = ORIENTED_EDGE('',*,*,#3531,.T.);
#3531 = EDGE_CURVE('',#3507,#1366,#3532,.T.);
#3532 = SURFACE_CURVE('',#3533,(#3537,#3544),.PCURVE_S1.);
#3533 = LINE('',#3534,#3535);
#3534 = CARTESIAN_POINT('',(13.69,0.,-19.75));
#3535 = VECTOR('',#3536,1.);
#3536 = DIRECTION('',(-0.,1.,-0.));
#3537 = PCURVE('',#2050,#3538);
#3538 = DEFINITIONAL_REPRESENTATION('',(#3539),#3543);
#3539 = LINE('',#3540,#3541);
#3540 = CARTESIAN_POINT('',(0.,0.));
#3541 = VECTOR('',#3542,1.);
#3542 = DIRECTION('',(0.,-1.));
#3543 = ( GEOMETRIC_REPRESENTATION_CONTEXT(2) 
PARAMETRIC_REPRESENTATION_CONTEXT() REPRESENTATION_CONTEXT('2D SPACE',''
  ) );
#3544 = PCURVE('',#1208,#3545);
#3545 = DEFINITIONAL_REPRESENTATION('',(#3546),#3550);
#3546 = LINE('',#3547,#3548);
#3547 = CARTESIAN_POINT('',(6.28318530718,0.));
#3548 = VECTOR('',#3549,1.);
#3549 = DIRECTION('',(0.,-1.));
#3550 = ( GEOMETRIC_REPRESENTATION_CONTEXT(2) 
PARAMETRIC_REPRESENTATION_CONTEXT() REPRESENTATION_CONTEXT('2D SPACE',''
  ) );
#3551 = ORIENTED_EDGE('',*,*,#1616,.F.);
#3552 = ORIENTED_EDGE('',*,*,#3553,.F.);
#3553 = EDGE_CURVE('',#3509,#1617,#3554,.T.);
#3554 = SURFACE_CURVE('',#3555,(#3559,#3566),.PCURVE_S1.);
#3555 = LINE('',#3556,#3557);
#3556 = CARTESIAN_POINT('',(13.69,0.,19.75));
#3557 = VECTOR('',#3558,1.);
#3558 = DIRECTION('',(-0.,1.,-0.));
#3559 = PCURVE('',#2050,#3560);
#3560 = DEFINITIONAL_REPRESENTATION('',(#3561),#3565);
#3561 = LINE('',#3562,#3563);
#3562 = CARTESIAN_POINT('',(39.5,0.));
#3563 = VECTOR('',#3564,1.);
#3564 = DIRECTION('',(0.,-1.));
#3565 = ( GEOMETRIC_REPRESENTATION_CONTEXT(2) 
PARAMETRIC_REPRESENTATION_CONTEXT() REPRESENTATION_CONTEXT('2D SPACE',''
  ) );
#3566 = PCURVE('',#2405,#3567);
#3567 = DEFINITIONAL_REPRESENTATION('',(#3568),#3572);
#3568 = LINE('',#3569,#3570);
#3569 = CARTESIAN_POINT('',(0.,0.));
#3570 = VECTOR('',#3571,1.);
#3571 = DIRECTION('',(0.,-1.));
#3572 = ( GEOMETRIC_REPRESENTATION_CONTEXT(2) 
PARAMETRIC_REPRESENTATION_CONTEXT() REPRESENTATION_CONTEXT('2D SPACE',''
  ) );
#3573 = FACE_BOUND('',#3574,.T.);
#3574 = EDGE_LOOP('',(#3575,#3603,#3636,#3662,#3695,#3721,#3754,#3780));
#3575 = ORIENTED_EDGE('',*,*,#3576,.F.);
#3576 = EDGE_CURVE('',#3577,#3579,#3581,.T.);
#3577 = VERTEX_POINT('',#3578);
#3578 = CARTESIAN_POINT('',(13.69,1.87,5.13));
#3579 = VERTEX_POINT('',#3580);
#3580 = CARTESIAN_POINT('',(13.69,1.87,-4.));
#3581 = SURFACE_CURVE('',#3582,(#3586,#3592),.PCURVE_S1.);
#3582 = LINE('',#3583,#3584);
#3583 = CARTESIAN_POINT('',(13.69,1.87,-11.875));
#3584 = VECTOR('',#3585,1.);
#3585 = DIRECTION('',(0.,-0.,-1.));
#3586 = PCURVE('',#2050,#3587);
#3587 = DEFINITIONAL_REPRESENTATION('',(#3588),#3591);
#3588 = B_SPLINE_CURVE_WITH_KNOTS('',1,(#3589,#3590),.UNSPECIFIED.,.F.,
  .F.,(2,2),(-17.005,-7.875),.PIECEWISE_BEZIER_KNOTS.);
#3589 = CARTESIAN_POINT('',(24.88,-1.87));
#3590 = CARTESIAN_POINT('',(15.75,-1.87));
#3591 = ( GEOMETRIC_REPRESENTATION_CONTEXT(2) 
PARAMETRIC_REPRESENTATION_CONTEXT() REPRESENTATION_CONTEXT('2D SPACE',''
  ) );
#3592 = PCURVE('',#3593,#3598);
#3593 = PLANE('',#3594);
#3594 = AXIS2_PLACEMENT_3D('',#3595,#3596,#3597);
#3595 = CARTESIAN_POINT('',(13.19,1.87,-4.));
#3596 = DIRECTION('',(0.,-1.,0.));
#3597 = DIRECTION('',(0.,0.,1.));
#3598 = DEFINITIONAL_REPRESENTATION('',(#3599),#3602);
#3599 = B_SPLINE_CURVE_WITH_KNOTS('',1,(#3600,#3601),.UNSPECIFIED.,.F.,
  .F.,(2,2),(-17.005,-7.875),.PIECEWISE_BEZIER_KNOTS.);
#3600 = CARTESIAN_POINT('',(9.13,-0.5));
#3601 = CARTESIAN_POINT('',(0.,-0.5));
#3602 = ( GEOMETRIC_REPRESENTATION_CONTEXT(2) 
PARAMETRIC_REPRESENTATION_CONTEXT() REPRESENTATION_CONTEXT('2D SPACE',''
  ) );
#3603 = ORIENTED_EDGE('',*,*,#3604,.T.);
#3604 = EDGE_CURVE('',#3577,#3605,#3607,.T.);
#3605 = VERTEX_POINT('',#3606);
#3606 = CARTESIAN_POINT('',(13.69,2.87,6.13));
#3607 = SURFACE_CURVE('',#3608,(#3613,#3624),.PCURVE_S1.);
#3608 = CIRCLE('',#3609,1.);
#3609 = AXIS2_PLACEMENT_3D('',#3610,#3611,#3612);
#3610 = CARTESIAN_POINT('',(13.69,2.87,5.13));
#3611 = DIRECTION('',(-1.,0.,0.));
#3612 = DIRECTION('',(0.,1.,0.));
#3613 = PCURVE('',#2050,#3614);
#3614 = DEFINITIONAL_REPRESENTATION('',(#3615),#3623);
#3615 = ( BOUNDED_CURVE() B_SPLINE_CURVE(2,(#3616,#3617,#3618,#3619,
#3620,#3621,#3622),.UNSPECIFIED.,.T.,.F.) B_SPLINE_CURVE_WITH_KNOTS((1,2
    ,2,2,2,1),(-2.094395102393,0.,2.094395102393,4.188790204786,
6.28318530718,8.377580409573),.UNSPECIFIED.) CURVE() 
GEOMETRIC_REPRESENTATION_ITEM() RATIONAL_B_SPLINE_CURVE((1.,0.5,1.,0.5,
1.,0.5,1.)) REPRESENTATION_ITEM('') );
#3616 = CARTESIAN_POINT('',(24.88,-3.87));
#3617 = CARTESIAN_POINT('',(23.147949192431,-3.87));
#3618 = CARTESIAN_POINT('',(24.013974596216,-2.37));
#3619 = CARTESIAN_POINT('',(24.88,-0.87));
#3620 = CARTESIAN_POINT('',(25.746025403784,-2.37));
#3621 = CARTESIAN_POINT('',(26.612050807569,-3.87));
#3622 = CARTESIAN_POINT('',(24.88,-3.87));
#3623 = ( GEOMETRIC_REPRESENTATION_CONTEXT(2) 
PARAMETRIC_REPRESENTATION_CONTEXT() REPRESENTATION_CONTEXT('2D SPACE',''
  ) );
#3624 = PCURVE('',#3625,#3630);
#3625 = CYLINDRICAL_SURFACE('',#3626,1.);
#3626 = AXIS2_PLACEMENT_3D('',#3627,#3628,#3629);
#3627 = CARTESIAN_POINT('',(13.19,2.87,5.13));
#3628 = DIRECTION('',(-1.,-0.,-0.));
#3629 = DIRECTION('',(0.,1.,0.));
#3630 = DEFINITIONAL_REPRESENTATION('',(#3631),#3635);
#3631 = LINE('',#3632,#3633);
#3632 = CARTESIAN_POINT('',(-6.28318530718,-0.5));
#3633 = VECTOR('',#3634,1.);
#3634 = DIRECTION('',(1.,-0.));
#3635 = ( GEOMETRIC_REPRESENTATION_CONTEXT(2) 
PARAMETRIC_REPRESENTATION_CONTEXT() REPRESENTATION_CONTEXT('2D SPACE',''
  ) );
#3636 = ORIENTED_EDGE('',*,*,#3637,.F.);
#3637 = EDGE_CURVE('',#3638,#3605,#3640,.T.);
#3638 = VERTEX_POINT('',#3639);
#3639 = CARTESIAN_POINT('',(13.69,6.56,6.13));
#3640 = SURFACE_CURVE('',#3641,(#3645,#3651),.PCURVE_S1.);
#3641 = LINE('',#3642,#3643);
#3642 = CARTESIAN_POINT('',(13.69,1.435,6.13));
#3643 = VECTOR('',#3644,1.);
#3644 = DIRECTION('',(0.,-1.,0.));
#3645 = PCURVE('',#2050,#3646);
#3646 = DEFINITIONAL_REPRESENTATION('',(#3647),#3650);
#3647 = B_SPLINE_CURVE_WITH_KNOTS('',1,(#3648,#3649),.UNSPECIFIED.,.F.,
  .F.,(2,2),(-5.125,-1.435),.PIECEWISE_BEZIER_KNOTS.);
#3648 = CARTESIAN_POINT('',(25.88,-6.56));
#3649 = CARTESIAN_POINT('',(25.88,-2.87));
#3650 = ( GEOMETRIC_REPRESENTATION_CONTEXT(2) 
PARAMETRIC_REPRESENTATION_CONTEXT() REPRESENTATION_CONTEXT('2D SPACE',''
  ) );
#3651 = PCURVE('',#3652,#3657);
#3652 = PLANE('',#3653);
#3653 = AXIS2_PLACEMENT_3D('',#3654,#3655,#3656);
#3654 = CARTESIAN_POINT('',(13.19,2.87,6.13));
#3655 = DIRECTION('',(0.,0.,1.));
#3656 = DIRECTION('',(0.,1.,0.));
#3657 = DEFINITIONAL_REPRESENTATION('',(#3658),#3661);
#3658 = B_SPLINE_CURVE_WITH_KNOTS('',1,(#3659,#3660),.UNSPECIFIED.,.F.,
  .F.,(2,2),(-5.125,-1.435),.PIECEWISE_BEZIER_KNOTS.);
#3659 = CARTESIAN_POINT('',(3.69,-0.5));
#3660 = CARTESIAN_POINT('',(0.,-0.5));
#3661 = ( GEOMETRIC_REPRESENTATION_CONTEXT(2) 
PARAMETRIC_REPRESENTATION_CONTEXT() REPRESENTATION_CONTEXT('2D SPACE',''
  ) );
#3662 = ORIENTED_EDGE('',*,*,#3663,.T.);
#3663 = EDGE_CURVE('',#3638,#3664,#3666,.T.);
#3664 = VERTEX_POINT('',#3665);
#3665 = CARTESIAN_POINT('',(13.69,7.56,5.13));
#3666 = SURFACE_CURVE('',#3667,(#3672,#3683),.PCURVE_S1.);
#3667 = CIRCLE('',#3668,1.);
#3668 = AXIS2_PLACEMENT_3D('',#3669,#3670,#3671);
#3669 = CARTESIAN_POINT('',(13.69,6.56,5.13));
#3670 = DIRECTION('',(-1.,0.,0.));
#3671 = DIRECTION('',(0.,1.,0.));
#3672 = PCURVE('',#2050,#3673);
#3673 = DEFINITIONAL_REPRESENTATION('',(#3674),#3682);
#3674 = ( BOUNDED_CURVE() B_SPLINE_CURVE(2,(#3675,#3676,#3677,#3678,
#3679,#3680,#3681),.UNSPECIFIED.,.T.,.F.) B_SPLINE_CURVE_WITH_KNOTS((1,2
    ,2,2,2,1),(-2.094395102393,0.,2.094395102393,4.188790204786,
6.28318530718,8.377580409573),.UNSPECIFIED.) CURVE() 
GEOMETRIC_REPRESENTATION_ITEM() RATIONAL_B_SPLINE_CURVE((1.,0.5,1.,0.5,
1.,0.5,1.)) REPRESENTATION_ITEM('') );
#3675 = CARTESIAN_POINT('',(24.88,-7.56));
#3676 = CARTESIAN_POINT('',(23.147949192431,-7.56));
#3677 = CARTESIAN_POINT('',(24.013974596216,-6.06));
#3678 = CARTESIAN_POINT('',(24.88,-4.56));
#3679 = CARTESIAN_POINT('',(25.746025403784,-6.06));
#3680 = CARTESIAN_POINT('',(26.612050807569,-7.56));
#3681 = CARTESIAN_POINT('',(24.88,-7.56));
#3682 = ( GEOMETRIC_REPRESENTATION_CONTEXT(2) 
PARAMETRIC_REPRESENTATION_CONTEXT() REPRESENTATION_CONTEXT('2D SPACE',''
  ) );
#3683 = PCURVE('',#3684,#3689);
#3684 = CYLINDRICAL_SURFACE('',#3685,1.);
#3685 = AXIS2_PLACEMENT_3D('',#3686,#3687,#3688);
#3686 = CARTESIAN_POINT('',(13.19,6.56,5.13));
#3687 = DIRECTION('',(-1.,-0.,-0.));
#3688 = DIRECTION('',(0.,1.,0.));
#3689 = DEFINITIONAL_REPRESENTATION('',(#3690),#3694);
#3690 = LINE('',#3691,#3692);
#3691 = CARTESIAN_POINT('',(-6.28318530718,-0.5));
#3692 = VECTOR('',#3693,1.);
#3693 = DIRECTION('',(1.,-0.));
#3694 = ( GEOMETRIC_REPRESENTATION_CONTEXT(2) 
PARAMETRIC_REPRESENTATION_CONTEXT() REPRESENTATION_CONTEXT('2D SPACE',''
  ) );
#3695 = ORIENTED_EDGE('',*,*,#3696,.T.);
#3696 = EDGE_CURVE('',#3664,#3697,#3699,.T.);
#3697 = VERTEX_POINT('',#3698);
#3698 = CARTESIAN_POINT('',(13.69,7.56,-4.));
#3699 = SURFACE_CURVE('',#3700,(#3704,#3710),.PCURVE_S1.);
#3700 = LINE('',#3701,#3702);
#3701 = CARTESIAN_POINT('',(13.69,7.56,-11.875));
#3702 = VECTOR('',#3703,1.);
#3703 = DIRECTION('',(0.,-0.,-1.));
#3704 = PCURVE('',#2050,#3705);
#3705 = DEFINITIONAL_REPRESENTATION('',(#3706),#3709);
#3706 = B_SPLINE_CURVE_WITH_KNOTS('',1,(#3707,#3708),.UNSPECIFIED.,.F.,
  .F.,(2,2),(-17.005,-7.875),.PIECEWISE_BEZIER_KNOTS.);
#3707 = CARTESIAN_POINT('',(24.88,-7.56));
#3708 = CARTESIAN_POINT('',(15.75,-7.56));
#3709 = ( GEOMETRIC_REPRESENTATION_CONTEXT(2) 
PARAMETRIC_REPRESENTATION_CONTEXT() REPRESENTATION_CONTEXT('2D SPACE',''
  ) );
#3710 = PCURVE('',#3711,#3716);
#3711 = PLANE('',#3712);
#3712 = AXIS2_PLACEMENT_3D('',#3713,#3714,#3715);
#3713 = CARTESIAN_POINT('',(13.19,7.56,-4.));
#3714 = DIRECTION('',(0.,-1.,0.));
#3715 = DIRECTION('',(0.,0.,1.));
#3716 = DEFINITIONAL_REPRESENTATION('',(#3717),#3720);
#3717 = B_SPLINE_CURVE_WITH_KNOTS('',1,(#3718,#3719),.UNSPECIFIED.,.F.,
  .F.,(2,2),(-17.005,-7.875),.PIECEWISE_BEZIER_KNOTS.);
#3718 = CARTESIAN_POINT('',(9.13,-0.5));
#3719 = CARTESIAN_POINT('',(0.,-0.5));
#3720 = ( GEOMETRIC_REPRESENTATION_CONTEXT(2) 
PARAMETRIC_REPRESENTATION_CONTEXT() REPRESENTATION_CONTEXT('2D SPACE',''
  ) );
#3721 = ORIENTED_EDGE('',*,*,#3722,.T.);
#3722 = EDGE_CURVE('',#3697,#3723,#3725,.T.);
#3723 = VERTEX_POINT('',#3724);
#3724 = CARTESIAN_POINT('',(13.69,6.56,-5.));
#3725 = SURFACE_CURVE('',#3726,(#3731,#3742),.PCURVE_S1.);
#3726 = CIRCLE('',#3727,1.);
#3727 = AXIS2_PLACEMENT_3D('',#3728,#3729,#3730);
#3728 = CARTESIAN_POINT('',(13.69,6.56,-4.));
#3729 = DIRECTION('',(-1.,0.,0.));
#3730 = DIRECTION('',(0.,1.,0.));
#3731 = PCURVE('',#2050,#3732);
#3732 = DEFINITIONAL_REPRESENTATION('',(#3733),#3741);
#3733 = ( BOUNDED_CURVE() B_SPLINE_CURVE(2,(#3734,#3735,#3736,#3737,
#3738,#3739,#3740),.UNSPECIFIED.,.T.,.F.) B_SPLINE_CURVE_WITH_KNOTS((1,2
    ,2,2,2,1),(-2.094395102393,0.,2.094395102393,4.188790204786,
6.28318530718,8.377580409573),.UNSPECIFIED.) CURVE() 
GEOMETRIC_REPRESENTATION_ITEM() RATIONAL_B_SPLINE_CURVE((1.,0.5,1.,0.5,
1.,0.5,1.)) REPRESENTATION_ITEM('') );
#3734 = CARTESIAN_POINT('',(15.75,-7.56));
#3735 = CARTESIAN_POINT('',(14.017949192431,-7.56));
#3736 = CARTESIAN_POINT('',(14.883974596216,-6.06));
#3737 = CARTESIAN_POINT('',(15.75,-4.56));
#3738 = CARTESIAN_POINT('',(16.616025403784,-6.06));
#3739 = CARTESIAN_POINT('',(17.482050807569,-7.56));
#3740 = CARTESIAN_POINT('',(15.75,-7.56));
#3741 = ( GEOMETRIC_REPRESENTATION_CONTEXT(2) 
PARAMETRIC_REPRESENTATION_CONTEXT() REPRESENTATION_CONTEXT('2D SPACE',''
  ) );
#3742 = PCURVE('',#3743,#3748);
#3743 = CYLINDRICAL_SURFACE('',#3744,1.);
#3744 = AXIS2_PLACEMENT_3D('',#3745,#3746,#3747);
#3745 = CARTESIAN_POINT('',(13.19,6.56,-4.));
#3746 = DIRECTION('',(-1.,-0.,-0.));
#3747 = DIRECTION('',(0.,1.,0.));
#3748 = DEFINITIONAL_REPRESENTATION('',(#3749),#3753);
#3749 = LINE('',#3750,#3751);
#3750 = CARTESIAN_POINT('',(-6.28318530718,-0.5));
#3751 = VECTOR('',#3752,1.);
#3752 = DIRECTION('',(1.,-0.));
#3753 = ( GEOMETRIC_REPRESENTATION_CONTEXT(2) 
PARAMETRIC_REPRESENTATION_CONTEXT() REPRESENTATION_CONTEXT('2D SPACE',''
  ) );
#3754 = ORIENTED_EDGE('',*,*,#3755,.T.);
#3755 = EDGE_CURVE('',#3723,#3756,#3758,.T.);
#3756 = VERTEX_POINT('',#3757);
#3757 = CARTESIAN_POINT('',(13.69,2.87,-5.));
#3758 = SURFACE_CURVE('',#3759,(#3763,#3769),.PCURVE_S1.);
#3759 = LINE('',#3760,#3761);
#3760 = CARTESIAN_POINT('',(13.69,1.435,-5.));
#3761 = VECTOR('',#3762,1.);
#3762 = DIRECTION('',(0.,-1.,0.));
#3763 = PCURVE('',#2050,#3764);
#3764 = DEFINITIONAL_REPRESENTATION('',(#3765),#3768);
#3765 = B_SPLINE_CURVE_WITH_KNOTS('',1,(#3766,#3767),.UNSPECIFIED.,.F.,
  .F.,(2,2),(-5.125,-1.435),.PIECEWISE_BEZIER_KNOTS.);
#3766 = CARTESIAN_POINT('',(14.75,-6.56));
#3767 = CARTESIAN_POINT('',(14.75,-2.87));
#3768 = ( GEOMETRIC_REPRESENTATION_CONTEXT(2) 
PARAMETRIC_REPRESENTATION_CONTEXT() REPRESENTATION_CONTEXT('2D SPACE',''
  ) );
#3769 = PCURVE('',#3770,#3775);
#3770 = PLANE('',#3771);
#3771 = AXIS2_PLACEMENT_3D('',#3772,#3773,#3774);
#3772 = CARTESIAN_POINT('',(13.19,2.87,-5.));
#3773 = DIRECTION('',(0.,0.,1.));
#3774 = DIRECTION('',(0.,1.,0.));
#3775 = DEFINITIONAL_REPRESENTATION('',(#3776),#3779);
#3776 = B_SPLINE_CURVE_WITH_KNOTS('',1,(#3777,#3778),.UNSPECIFIED.,.F.,
  .F.,(2,2),(-5.125,-1.435),.PIECEWISE_BEZIER_KNOTS.);
#3777 = CARTESIAN_POINT('',(3.69,-0.5));
#3778 = CARTESIAN_POINT('',(0.,-0.5));
#3779 = ( GEOMETRIC_REPRESENTATION_CONTEXT(2) 
PARAMETRIC_REPRESENTATION_CONTEXT() REPRESENTATION_CONTEXT('2D SPACE',''
  ) );
#3780 = ORIENTED_EDGE('',*,*,#3781,.T.);
#3781 = EDGE_CURVE('',#3756,#3579,#3782,.T.);
#3782 = SURFACE_CURVE('',#3783,(#3788,#3799),.PCURVE_S1.);
#3783 = CIRCLE('',#3784,1.);
#3784 = AXIS2_PLACEMENT_3D('',#3785,#3786,#3787);
#3785 = CARTESIAN_POINT('',(13.69,2.87,-4.));
#3786 = DIRECTION('',(-1.,0.,0.));
#3787 = DIRECTION('',(0.,1.,0.));
#3788 = PCURVE('',#2050,#3789);
#3789 = DEFINITIONAL_REPRESENTATION('',(#3790),#3798);
#3790 = ( BOUNDED_CURVE() B_SPLINE_CURVE(2,(#3791,#3792,#3793,#3794,
#3795,#3796,#3797),.UNSPECIFIED.,.T.,.F.) B_SPLINE_CURVE_WITH_KNOTS((1,2
    ,2,2,2,1),(-2.094395102393,0.,2.094395102393,4.188790204786,
6.28318530718,8.377580409573),.UNSPECIFIED.) CURVE() 
GEOMETRIC_REPRESENTATION_ITEM() RATIONAL_B_SPLINE_CURVE((1.,0.5,1.,0.5,
1.,0.5,1.)) REPRESENTATION_ITEM('') );
#3791 = CARTESIAN_POINT('',(15.75,-3.87));
#3792 = CARTESIAN_POINT('',(14.017949192431,-3.87));
#3793 = CARTESIAN_POINT('',(14.883974596216,-2.37));
#3794 = CARTESIAN_POINT('',(15.75,-0.87));
#3795 = CARTESIAN_POINT('',(16.616025403784,-2.37));
#3796 = CARTESIAN_POINT('',(17.482050807569,-3.87));
#3797 = CARTESIAN_POINT('',(15.75,-3.87));
#3798 = ( GEOMETRIC_REPRESENTATION_CONTEXT(2) 
PARAMETRIC_REPRESENTATION_CONTEXT() REPRESENTATION_CONTEXT('2D SPACE',''
  ) );
#3799 = PCURVE('',#3800,#3805);
#3800 = CYLINDRICAL_SURFACE('',#3801,1.);
#3801 = AXIS2_PLACEMENT_3D('',#3802,#3803,#3804);
#3802 = CARTESIAN_POINT('',(13.19,2.87,-4.));
#3803 = DIRECTION('',(-1.,-0.,-0.));
#3804 = DIRECTION('',(0.,1.,0.));
#3805 = DEFINITIONAL_REPRESENTATION('',(#3806),#3810);
#3806 = LINE('',#3807,#3808);
#3807 = CARTESIAN_POINT('',(-6.28318530718,-0.5));
#3808 = VECTOR('',#3809,1.);
#3809 = DIRECTION('',(1.,-0.));
#3810 = ( GEOMETRIC_REPRESENTATION_CONTEXT(2) 
PARAMETRIC_REPRESENTATION_CONTEXT() REPRESENTATION_CONTEXT('2D SPACE',''
  ) );
#3811 = ADVANCED_FACE('',(#3812),#3625,.F.);
#3812 = FACE_BOUND('',#3813,.T.);
#3813 = EDGE_LOOP('',(#3814,#3837,#3838,#3861));
#3814 = ORIENTED_EDGE('',*,*,#3815,.F.);
#3815 = EDGE_CURVE('',#3605,#3816,#3818,.T.);
#3816 = VERTEX_POINT('',#3817);
#3817 = CARTESIAN_POINT('',(12.69,2.87,6.13));
#3818 = SURFACE_CURVE('',#3819,(#3823,#3830),.PCURVE_S1.);
#3819 = LINE('',#3820,#3821);
#3820 = CARTESIAN_POINT('',(16.19,2.87,6.13));
#3821 = VECTOR('',#3822,1.);
#3822 = DIRECTION('',(-1.,0.,0.));
#3823 = PCURVE('',#3625,#3824);
#3824 = DEFINITIONAL_REPRESENTATION('',(#3825),#3829);
#3825 = LINE('',#3826,#3827);
#3826 = CARTESIAN_POINT('',(-1.570796326795,-3.));
#3827 = VECTOR('',#3828,1.);
#3828 = DIRECTION('',(0.,1.));
#3829 = ( GEOMETRIC_REPRESENTATION_CONTEXT(2) 
PARAMETRIC_REPRESENTATION_CONTEXT() REPRESENTATION_CONTEXT('2D SPACE',''
  ) );
#3830 = PCURVE('',#3652,#3831);
#3831 = DEFINITIONAL_REPRESENTATION('',(#3832),#3836);
#3832 = LINE('',#3833,#3834);
#3833 = CARTESIAN_POINT('',(0.,-3.));
#3834 = VECTOR('',#3835,1.);
#3835 = DIRECTION('',(0.,1.));
#3836 = ( GEOMETRIC_REPRESENTATION_CONTEXT(2) 
PARAMETRIC_REPRESENTATION_CONTEXT() REPRESENTATION_CONTEXT('2D SPACE',''
  ) );
#3837 = ORIENTED_EDGE('',*,*,#3604,.F.);
#3838 = ORIENTED_EDGE('',*,*,#3839,.T.);
#3839 = EDGE_CURVE('',#3577,#3840,#3842,.T.);
#3840 = VERTEX_POINT('',#3841);
#3841 = CARTESIAN_POINT('',(12.69,1.87,5.13));
#3842 = SURFACE_CURVE('',#3843,(#3847,#3854),.PCURVE_S1.);
#3843 = LINE('',#3844,#3845);
#3844 = CARTESIAN_POINT('',(16.19,1.87,5.13));
#3845 = VECTOR('',#3846,1.);
#3846 = DIRECTION('',(-1.,0.,0.));
#3847 = PCURVE('',#3625,#3848);
#3848 = DEFINITIONAL_REPRESENTATION('',(#3849),#3853);
#3849 = LINE('',#3850,#3851);
#3850 = CARTESIAN_POINT('',(-3.14159265359,-3.));
#3851 = VECTOR('',#3852,1.);
#3852 = DIRECTION('',(0.,1.));
#3853 = ( GEOMETRIC_REPRESENTATION_CONTEXT(2) 
PARAMETRIC_REPRESENTATION_CONTEXT() REPRESENTATION_CONTEXT('2D SPACE',''
  ) );
#3854 = PCURVE('',#3593,#3855);
#3855 = DEFINITIONAL_REPRESENTATION('',(#3856),#3860);
#3856 = LINE('',#3857,#3858);
#3857 = CARTESIAN_POINT('',(9.13,-3.));
#3858 = VECTOR('',#3859,1.);
#3859 = DIRECTION('',(0.,1.));
#3860 = ( GEOMETRIC_REPRESENTATION_CONTEXT(2) 
PARAMETRIC_REPRESENTATION_CONTEXT() REPRESENTATION_CONTEXT('2D SPACE',''
  ) );
#3861 = ORIENTED_EDGE('',*,*,#3862,.T.);
#3862 = EDGE_CURVE('',#3840,#3816,#3863,.T.);
#3863 = SURFACE_CURVE('',#3864,(#3869,#3876),.PCURVE_S1.);
#3864 = CIRCLE('',#3865,1.);
#3865 = AXIS2_PLACEMENT_3D('',#3866,#3867,#3868);
#3866 = CARTESIAN_POINT('',(12.69,2.87,5.13));
#3867 = DIRECTION('',(-1.,0.,0.));
#3868 = DIRECTION('',(0.,1.,0.));
#3869 = PCURVE('',#3625,#3870);
#3870 = DEFINITIONAL_REPRESENTATION('',(#3871),#3875);
#3871 = LINE('',#3872,#3873);
#3872 = CARTESIAN_POINT('',(-6.28318530718,0.5));
#3873 = VECTOR('',#3874,1.);
#3874 = DIRECTION('',(1.,-0.));
#3875 = ( GEOMETRIC_REPRESENTATION_CONTEXT(2) 
PARAMETRIC_REPRESENTATION_CONTEXT() REPRESENTATION_CONTEXT('2D SPACE',''
  ) );
#3876 = PCURVE('',#3139,#3877);
#3877 = DEFINITIONAL_REPRESENTATION('',(#3878),#3886);
#3878 = ( BOUNDED_CURVE() B_SPLINE_CURVE(2,(#3879,#3880,#3881,#3882,
#3883,#3884,#3885),.UNSPECIFIED.,.T.,.F.) B_SPLINE_CURVE_WITH_KNOTS((1,2
    ,2,2,2,1),(-2.094395102393,0.,2.094395102393,4.188790204786,
6.28318530718,8.377580409573),.UNSPECIFIED.) CURVE() 
GEOMETRIC_REPRESENTATION_ITEM() RATIONAL_B_SPLINE_CURVE((1.,0.5,1.,0.5,
1.,0.5,1.)) REPRESENTATION_ITEM('') );
#3879 = CARTESIAN_POINT('',(25.23,-4.87));
#3880 = CARTESIAN_POINT('',(23.497949192431,-4.87));
#3881 = CARTESIAN_POINT('',(24.363974596216,-3.37));
#3882 = CARTESIAN_POINT('',(25.23,-1.87));
#3883 = CARTESIAN_POINT('',(26.096025403784,-3.37));
#3884 = CARTESIAN_POINT('',(26.962050807569,-4.87));
#3885 = CARTESIAN_POINT('',(25.23,-4.87));
#3886 = ( GEOMETRIC_REPRESENTATION_CONTEXT(2) 
PARAMETRIC_REPRESENTATION_CONTEXT() REPRESENTATION_CONTEXT('2D SPACE',''
  ) );
#3887 = ADVANCED_FACE('',(#3888),#3652,.F.);
#3888 = FACE_BOUND('',#3889,.F.);
#3889 = EDGE_LOOP('',(#3890,#3891,#3892,#3915));
#3890 = ORIENTED_EDGE('',*,*,#3815,.F.);
#3891 = ORIENTED_EDGE('',*,*,#3637,.F.);
#3892 = ORIENTED_EDGE('',*,*,#3893,.T.);
#3893 = EDGE_CURVE('',#3638,#3894,#3896,.T.);
#3894 = VERTEX_POINT('',#3895);
#3895 = CARTESIAN_POINT('',(12.69,6.56,6.13));
#3896 = SURFACE_CURVE('',#3897,(#3901,#3908),.PCURVE_S1.);
#3897 = LINE('',#3898,#3899);
#3898 = CARTESIAN_POINT('',(16.19,6.56,6.13));
#3899 = VECTOR('',#3900,1.);
#3900 = DIRECTION('',(-1.,0.,0.));
#3901 = PCURVE('',#3652,#3902);
#3902 = DEFINITIONAL_REPRESENTATION('',(#3903),#3907);
#3903 = LINE('',#3904,#3905);
#3904 = CARTESIAN_POINT('',(3.69,-3.));
#3905 = VECTOR('',#3906,1.);
#3906 = DIRECTION('',(0.,1.));
#3907 = ( GEOMETRIC_REPRESENTATION_CONTEXT(2) 
PARAMETRIC_REPRESENTATION_CONTEXT() REPRESENTATION_CONTEXT('2D SPACE',''
  ) );
#3908 = PCURVE('',#3684,#3909);
#3909 = DEFINITIONAL_REPRESENTATION('',(#3910),#3914);
#3910 = LINE('',#3911,#3912);
#3911 = CARTESIAN_POINT('',(-1.570796326795,-3.));
#3912 = VECTOR('',#3913,1.);
#3913 = DIRECTION('',(0.,1.));
#3914 = ( GEOMETRIC_REPRESENTATION_CONTEXT(2) 
PARAMETRIC_REPRESENTATION_CONTEXT() REPRESENTATION_CONTEXT('2D SPACE',''
  ) );
#3915 = ORIENTED_EDGE('',*,*,#3916,.T.);
#3916 = EDGE_CURVE('',#3894,#3816,#3917,.T.);
#3917 = SURFACE_CURVE('',#3918,(#3922,#3928),.PCURVE_S1.);
#3918 = LINE('',#3919,#3920);
#3919 = CARTESIAN_POINT('',(12.69,0.935,6.13));
#3920 = VECTOR('',#3921,1.);
#3921 = DIRECTION('',(0.,-1.,0.));
#3922 = PCURVE('',#3652,#3923);
#3923 = DEFINITIONAL_REPRESENTATION('',(#3924),#3927);
#3924 = B_SPLINE_CURVE_WITH_KNOTS('',1,(#3925,#3926),.UNSPECIFIED.,.F.,
  .F.,(2,2),(-5.625,-1.935),.PIECEWISE_BEZIER_KNOTS.);
#3925 = CARTESIAN_POINT('',(3.69,0.5));
#3926 = CARTESIAN_POINT('',(0.,0.5));
#3927 = ( GEOMETRIC_REPRESENTATION_CONTEXT(2) 
PARAMETRIC_REPRESENTATION_CONTEXT() REPRESENTATION_CONTEXT('2D SPACE',''
  ) );
#3928 = PCURVE('',#3139,#3929);
#3929 = DEFINITIONAL_REPRESENTATION('',(#3930),#3933);
#3930 = B_SPLINE_CURVE_WITH_KNOTS('',1,(#3931,#3932),.UNSPECIFIED.,.F.,
  .F.,(2,2),(-5.625,-1.935),.PIECEWISE_BEZIER_KNOTS.);
#3931 = CARTESIAN_POINT('',(26.23,-7.56));
#3932 = CARTESIAN_POINT('',(26.23,-3.87));
#3933 = ( GEOMETRIC_REPRESENTATION_CONTEXT(2) 
PARAMETRIC_REPRESENTATION_CONTEXT() REPRESENTATION_CONTEXT('2D SPACE',''
  ) );
#3934 = ADVANCED_FACE('',(#3935),#3684,.F.);
#3935 = FACE_BOUND('',#3936,.T.);
#3936 = EDGE_LOOP('',(#3937,#3960,#3961,#3962));
#3937 = ORIENTED_EDGE('',*,*,#3938,.T.);
#3938 = EDGE_CURVE('',#3939,#3664,#3941,.T.);
#3939 = VERTEX_POINT('',#3940);
#3940 = CARTESIAN_POINT('',(12.69,7.56,5.13));
#3941 = SURFACE_CURVE('',#3942,(#3946,#3953),.PCURVE_S1.);
#3942 = LINE('',#3943,#3944);
#3943 = CARTESIAN_POINT('',(10.19,7.56,5.13));
#3944 = VECTOR('',#3945,1.);
#3945 = DIRECTION('',(1.,0.,0.));
#3946 = PCURVE('',#3684,#3947);
#3947 = DEFINITIONAL_REPRESENTATION('',(#3948),#3952);
#3948 = LINE('',#3949,#3950);
#3949 = CARTESIAN_POINT('',(-0.,3.));
#3950 = VECTOR('',#3951,1.);
#3951 = DIRECTION('',(-0.,-1.));
#3952 = ( GEOMETRIC_REPRESENTATION_CONTEXT(2) 
PARAMETRIC_REPRESENTATION_CONTEXT() REPRESENTATION_CONTEXT('2D SPACE',''
  ) );
#3953 = PCURVE('',#3711,#3954);
#3954 = DEFINITIONAL_REPRESENTATION('',(#3955),#3959);
#3955 = LINE('',#3956,#3957);
#3956 = CARTESIAN_POINT('',(9.13,3.));
#3957 = VECTOR('',#3958,1.);
#3958 = DIRECTION('',(0.,-1.));
#3959 = ( GEOMETRIC_REPRESENTATION_CONTEXT(2) 
PARAMETRIC_REPRESENTATION_CONTEXT() REPRESENTATION_CONTEXT('2D SPACE',''
  ) );
#3960 = ORIENTED_EDGE('',*,*,#3663,.F.);
#3961 = ORIENTED_EDGE('',*,*,#3893,.T.);
#3962 = ORIENTED_EDGE('',*,*,#3963,.T.);
#3963 = EDGE_CURVE('',#3894,#3939,#3964,.T.);
#3964 = SURFACE_CURVE('',#3965,(#3970,#3977),.PCURVE_S1.);
#3965 = CIRCLE('',#3966,1.);
#3966 = AXIS2_PLACEMENT_3D('',#3967,#3968,#3969);
#3967 = CARTESIAN_POINT('',(12.69,6.56,5.13));
#3968 = DIRECTION('',(-1.,0.,0.));
#3969 = DIRECTION('',(0.,1.,0.));
#3970 = PCURVE('',#3684,#3971);
#3971 = DEFINITIONAL_REPRESENTATION('',(#3972),#3976);
#3972 = LINE('',#3973,#3974);
#3973 = CARTESIAN_POINT('',(-6.28318530718,0.5));
#3974 = VECTOR('',#3975,1.);
#3975 = DIRECTION('',(1.,-0.));
#3976 = ( GEOMETRIC_REPRESENTATION_CONTEXT(2) 
PARAMETRIC_REPRESENTATION_CONTEXT() REPRESENTATION_CONTEXT('2D SPACE',''
  ) );
#3977 = PCURVE('',#3139,#3978);
#3978 = DEFINITIONAL_REPRESENTATION('',(#3979),#3987);
#3979 = ( BOUNDED_CURVE() B_SPLINE_CURVE(2,(#3980,#3981,#3982,#3983,
#3984,#3985,#3986),.UNSPECIFIED.,.T.,.F.) B_SPLINE_CURVE_WITH_KNOTS((1,2
    ,2,2,2,1),(-2.094395102393,0.,2.094395102393,4.188790204786,
6.28318530718,8.377580409573),.UNSPECIFIED.) CURVE() 
GEOMETRIC_REPRESENTATION_ITEM() RATIONAL_B_SPLINE_CURVE((1.,0.5,1.,0.5,
1.,0.5,1.)) REPRESENTATION_ITEM('') );
#3980 = CARTESIAN_POINT('',(25.23,-8.56));
#3981 = CARTESIAN_POINT('',(23.497949192431,-8.56));
#3982 = CARTESIAN_POINT('',(24.363974596216,-7.06));
#3983 = CARTESIAN_POINT('',(25.23,-5.56));
#3984 = CARTESIAN_POINT('',(26.096025403784,-7.06));
#3985 = CARTESIAN_POINT('',(26.962050807569,-8.56));
#3986 = CARTESIAN_POINT('',(25.23,-8.56));
#3987 = ( GEOMETRIC_REPRESENTATION_CONTEXT(2) 
PARAMETRIC_REPRESENTATION_CONTEXT() REPRESENTATION_CONTEXT('2D SPACE',''
  ) );
#3988 = ADVANCED_FACE('',(#3989),#3711,.T.);
#3989 = FACE_BOUND('',#3990,.T.);
#3990 = EDGE_LOOP('',(#3991,#4014,#4015,#4016));
#3991 = ORIENTED_EDGE('',*,*,#3992,.T.);
#3992 = EDGE_CURVE('',#3993,#3697,#3995,.T.);
#3993 = VERTEX_POINT('',#3994);
#3994 = CARTESIAN_POINT('',(12.69,7.56,-4.));
#3995 = SURFACE_CURVE('',#3996,(#4000,#4007),.PCURVE_S1.);
#3996 = LINE('',#3997,#3998);
#3997 = CARTESIAN_POINT('',(10.19,7.56,-4.));
#3998 = VECTOR('',#3999,1.);
#3999 = DIRECTION('',(1.,0.,0.));
#4000 = PCURVE('',#3711,#4001);
#4001 = DEFINITIONAL_REPRESENTATION('',(#4002),#4006);
#4002 = LINE('',#4003,#4004);
#4003 = CARTESIAN_POINT('',(0.,3.));
#4004 = VECTOR('',#4005,1.);
#4005 = DIRECTION('',(0.,-1.));
#4006 = ( GEOMETRIC_REPRESENTATION_CONTEXT(2) 
PARAMETRIC_REPRESENTATION_CONTEXT() REPRESENTATION_CONTEXT('2D SPACE',''
  ) );
#4007 = PCURVE('',#3743,#4008);
#4008 = DEFINITIONAL_REPRESENTATION('',(#4009),#4013);
#4009 = LINE('',#4010,#4011);
#4010 = CARTESIAN_POINT('',(-6.28318530718,3.));
#4011 = VECTOR('',#4012,1.);
#4012 = DIRECTION('',(-0.,-1.));
#4013 = ( GEOMETRIC_REPRESENTATION_CONTEXT(2) 
PARAMETRIC_REPRESENTATION_CONTEXT() REPRESENTATION_CONTEXT('2D SPACE',''
  ) );
#4014 = ORIENTED_EDGE('',*,*,#3696,.F.);
#4015 = ORIENTED_EDGE('',*,*,#3938,.F.);
#4016 = ORIENTED_EDGE('',*,*,#4017,.T.);
#4017 = EDGE_CURVE('',#3939,#3993,#4018,.T.);
#4018 = SURFACE_CURVE('',#4019,(#4023,#4029),.PCURVE_S1.);
#4019 = LINE('',#4020,#4021);
#4020 = CARTESIAN_POINT('',(12.69,7.56,-12.05));
#4021 = VECTOR('',#4022,1.);
#4022 = DIRECTION('',(0.,-0.,-1.));
#4023 = PCURVE('',#3711,#4024);
#4024 = DEFINITIONAL_REPRESENTATION('',(#4025),#4028);
#4025 = B_SPLINE_CURVE_WITH_KNOTS('',1,(#4026,#4027),.UNSPECIFIED.,.F.,
  .F.,(2,2),(-17.18,-8.05),.PIECEWISE_BEZIER_KNOTS.);
#4026 = CARTESIAN_POINT('',(9.13,0.5));
#4027 = CARTESIAN_POINT('',(0.,0.5));
#4028 = ( GEOMETRIC_REPRESENTATION_CONTEXT(2) 
PARAMETRIC_REPRESENTATION_CONTEXT() REPRESENTATION_CONTEXT('2D SPACE',''
  ) );
#4029 = PCURVE('',#3139,#4030);
#4030 = DEFINITIONAL_REPRESENTATION('',(#4031),#4034);
#4031 = B_SPLINE_CURVE_WITH_KNOTS('',1,(#4032,#4033),.UNSPECIFIED.,.F.,
  .F.,(2,2),(-17.18,-8.05),.PIECEWISE_BEZIER_KNOTS.);
#4032 = CARTESIAN_POINT('',(25.23,-8.56));
#4033 = CARTESIAN_POINT('',(16.1,-8.56));
#4034 = ( GEOMETRIC_REPRESENTATION_CONTEXT(2) 
PARAMETRIC_REPRESENTATION_CONTEXT() REPRESENTATION_CONTEXT('2D SPACE',''
  ) );
#4035 = ADVANCED_FACE('',(#4036),#3743,.F.);
#4036 = FACE_BOUND('',#4037,.T.);
#4037 = EDGE_LOOP('',(#4038,#4061,#4062,#4063));
#4038 = ORIENTED_EDGE('',*,*,#4039,.T.);
#4039 = EDGE_CURVE('',#4040,#3723,#4042,.T.);
#4040 = VERTEX_POINT('',#4041);
#4041 = CARTESIAN_POINT('',(12.69,6.56,-5.));
#4042 = SURFACE_CURVE('',#4043,(#4047,#4054),.PCURVE_S1.);
#4043 = LINE('',#4044,#4045);
#4044 = CARTESIAN_POINT('',(10.19,6.56,-5.));
#4045 = VECTOR('',#4046,1.);
#4046 = DIRECTION('',(1.,0.,0.));
#4047 = PCURVE('',#3743,#4048);
#4048 = DEFINITIONAL_REPRESENTATION('',(#4049),#4053);
#4049 = LINE('',#4050,#4051);
#4050 = CARTESIAN_POINT('',(-4.712388980385,3.));
#4051 = VECTOR('',#4052,1.);
#4052 = DIRECTION('',(-0.,-1.));
#4053 = ( GEOMETRIC_REPRESENTATION_CONTEXT(2) 
PARAMETRIC_REPRESENTATION_CONTEXT() REPRESENTATION_CONTEXT('2D SPACE',''
  ) );
#4054 = PCURVE('',#3770,#4055);
#4055 = DEFINITIONAL_REPRESENTATION('',(#4056),#4060);
#4056 = LINE('',#4057,#4058);
#4057 = CARTESIAN_POINT('',(3.69,3.));
#4058 = VECTOR('',#4059,1.);
#4059 = DIRECTION('',(0.,-1.));
#4060 = ( GEOMETRIC_REPRESENTATION_CONTEXT(2) 
PARAMETRIC_REPRESENTATION_CONTEXT() REPRESENTATION_CONTEXT('2D SPACE',''
  ) );
#4061 = ORIENTED_EDGE('',*,*,#3722,.F.);
#4062 = ORIENTED_EDGE('',*,*,#3992,.F.);
#4063 = ORIENTED_EDGE('',*,*,#4064,.T.);
#4064 = EDGE_CURVE('',#3993,#4040,#4065,.T.);
#4065 = SURFACE_CURVE('',#4066,(#4071,#4078),.PCURVE_S1.);
#4066 = CIRCLE('',#4067,1.);
#4067 = AXIS2_PLACEMENT_3D('',#4068,#4069,#4070);
#4068 = CARTESIAN_POINT('',(12.69,6.56,-4.));
#4069 = DIRECTION('',(-1.,0.,0.));
#4070 = DIRECTION('',(0.,1.,0.));
#4071 = PCURVE('',#3743,#4072);
#4072 = DEFINITIONAL_REPRESENTATION('',(#4073),#4077);
#4073 = LINE('',#4074,#4075);
#4074 = CARTESIAN_POINT('',(-6.28318530718,0.5));
#4075 = VECTOR('',#4076,1.);
#4076 = DIRECTION('',(1.,-0.));
#4077 = ( GEOMETRIC_REPRESENTATION_CONTEXT(2) 
PARAMETRIC_REPRESENTATION_CONTEXT() REPRESENTATION_CONTEXT('2D SPACE',''
  ) );
#4078 = PCURVE('',#3139,#4079);
#4079 = DEFINITIONAL_REPRESENTATION('',(#4080),#4088);
#4080 = ( BOUNDED_CURVE() B_SPLINE_CURVE(2,(#4081,#4082,#4083,#4084,
#4085,#4086,#4087),.UNSPECIFIED.,.T.,.F.) B_SPLINE_CURVE_WITH_KNOTS((1,2
    ,2,2,2,1),(-2.094395102393,0.,2.094395102393,4.188790204786,
6.28318530718,8.377580409573),.UNSPECIFIED.) CURVE() 
GEOMETRIC_REPRESENTATION_ITEM() RATIONAL_B_SPLINE_CURVE((1.,0.5,1.,0.5,
1.,0.5,1.)) REPRESENTATION_ITEM('') );
#4081 = CARTESIAN_POINT('',(16.1,-8.56));
#4082 = CARTESIAN_POINT('',(14.367949192431,-8.56));
#4083 = CARTESIAN_POINT('',(15.233974596216,-7.06));
#4084 = CARTESIAN_POINT('',(16.1,-5.56));
#4085 = CARTESIAN_POINT('',(16.966025403784,-7.06));
#4086 = CARTESIAN_POINT('',(17.832050807569,-8.56));
#4087 = CARTESIAN_POINT('',(16.1,-8.56));
#4088 = ( GEOMETRIC_REPRESENTATION_CONTEXT(2) 
PARAMETRIC_REPRESENTATION_CONTEXT() REPRESENTATION_CONTEXT('2D SPACE',''
  ) );
#4089 = ADVANCED_FACE('',(#4090),#3770,.T.);
#4090 = FACE_BOUND('',#4091,.T.);
#4091 = EDGE_LOOP('',(#4092,#4115,#4116,#4117));
#4092 = ORIENTED_EDGE('',*,*,#4093,.T.);
#4093 = EDGE_CURVE('',#4094,#3756,#4096,.T.);
#4094 = VERTEX_POINT('',#4095);
#4095 = CARTESIAN_POINT('',(12.69,2.87,-5.));
#4096 = SURFACE_CURVE('',#4097,(#4101,#4108),.PCURVE_S1.);
#4097 = LINE('',#4098,#4099);
#4098 = CARTESIAN_POINT('',(10.19,2.87,-5.));
#4099 = VECTOR('',#4100,1.);
#4100 = DIRECTION('',(1.,0.,0.));
#4101 = PCURVE('',#3770,#4102);
#4102 = DEFINITIONAL_REPRESENTATION('',(#4103),#4107);
#4103 = LINE('',#4104,#4105);
#4104 = CARTESIAN_POINT('',(0.,3.));
#4105 = VECTOR('',#4106,1.);
#4106 = DIRECTION('',(0.,-1.));
#4107 = ( GEOMETRIC_REPRESENTATION_CONTEXT(2) 
PARAMETRIC_REPRESENTATION_CONTEXT() REPRESENTATION_CONTEXT('2D SPACE',''
  ) );
#4108 = PCURVE('',#3800,#4109);
#4109 = DEFINITIONAL_REPRESENTATION('',(#4110),#4114);
#4110 = LINE('',#4111,#4112);
#4111 = CARTESIAN_POINT('',(-4.712388980385,3.));
#4112 = VECTOR('',#4113,1.);
#4113 = DIRECTION('',(-0.,-1.));
#4114 = ( GEOMETRIC_REPRESENTATION_CONTEXT(2) 
PARAMETRIC_REPRESENTATION_CONTEXT() REPRESENTATION_CONTEXT('2D SPACE',''
  ) );
#4115 = ORIENTED_EDGE('',*,*,#3755,.F.);
#4116 = ORIENTED_EDGE('',*,*,#4039,.F.);
#4117 = ORIENTED_EDGE('',*,*,#4118,.T.);
#4118 = EDGE_CURVE('',#4040,#4094,#4119,.T.);
#4119 = SURFACE_CURVE('',#4120,(#4124,#4130),.PCURVE_S1.);
#4120 = LINE('',#4121,#4122);
#4121 = CARTESIAN_POINT('',(12.69,0.935,-5.));
#4122 = VECTOR('',#4123,1.);
#4123 = DIRECTION('',(0.,-1.,0.));
#4124 = PCURVE('',#3770,#4125);
#4125 = DEFINITIONAL_REPRESENTATION('',(#4126),#4129);
#4126 = B_SPLINE_CURVE_WITH_KNOTS('',1,(#4127,#4128),.UNSPECIFIED.,.F.,
  .F.,(2,2),(-5.625,-1.935),.PIECEWISE_BEZIER_KNOTS.);
#4127 = CARTESIAN_POINT('',(3.69,0.5));
#4128 = CARTESIAN_POINT('',(0.,0.5));
#4129 = ( GEOMETRIC_REPRESENTATION_CONTEXT(2) 
PARAMETRIC_REPRESENTATION_CONTEXT() REPRESENTATION_CONTEXT('2D SPACE',''
  ) );
#4130 = PCURVE('',#3139,#4131);
#4131 = DEFINITIONAL_REPRESENTATION('',(#4132),#4135);
#4132 = B_SPLINE_CURVE_WITH_KNOTS('',1,(#4133,#4134),.UNSPECIFIED.,.F.,
  .F.,(2,2),(-5.625,-1.935),.PIECEWISE_BEZIER_KNOTS.);
#4133 = CARTESIAN_POINT('',(15.1,-7.56));
#4134 = CARTESIAN_POINT('',(15.1,-3.87));
#4135 = ( GEOMETRIC_REPRESENTATION_CONTEXT(2) 
PARAMETRIC_REPRESENTATION_CONTEXT() REPRESENTATION_CONTEXT('2D SPACE',''
  ) );
#4136 = ADVANCED_FACE('',(#4137),#3800,.F.);
#4137 = FACE_BOUND('',#4138,.T.);
#4138 = EDGE_LOOP('',(#4139,#4162,#4163,#4164));
#4139 = ORIENTED_EDGE('',*,*,#4140,.T.);
#4140 = EDGE_CURVE('',#4141,#3579,#4143,.T.);
#4141 = VERTEX_POINT('',#4142);
#4142 = CARTESIAN_POINT('',(12.69,1.87,-4.));
#4143 = SURFACE_CURVE('',#4144,(#4148,#4155),.PCURVE_S1.);
#4144 = LINE('',#4145,#4146);
#4145 = CARTESIAN_POINT('',(10.19,1.87,-4.));
#4146 = VECTOR('',#4147,1.);
#4147 = DIRECTION('',(1.,0.,0.));
#4148 = PCURVE('',#3800,#4149);
#4149 = DEFINITIONAL_REPRESENTATION('',(#4150),#4154);
#4150 = LINE('',#4151,#4152);
#4151 = CARTESIAN_POINT('',(-3.14159265359,3.));
#4152 = VECTOR('',#4153,1.);
#4153 = DIRECTION('',(-0.,-1.));
#4154 = ( GEOMETRIC_REPRESENTATION_CONTEXT(2) 
PARAMETRIC_REPRESENTATION_CONTEXT() REPRESENTATION_CONTEXT('2D SPACE',''
  ) );
#4155 = PCURVE('',#3593,#4156);
#4156 = DEFINITIONAL_REPRESENTATION('',(#4157),#4161);
#4157 = LINE('',#4158,#4159);
#4158 = CARTESIAN_POINT('',(0.,3.));
#4159 = VECTOR('',#4160,1.);
#4160 = DIRECTION('',(0.,-1.));
#4161 = ( GEOMETRIC_REPRESENTATION_CONTEXT(2) 
PARAMETRIC_REPRESENTATION_CONTEXT() REPRESENTATION_CONTEXT('2D SPACE',''
  ) );
#4162 = ORIENTED_EDGE('',*,*,#3781,.F.);
#4163 = ORIENTED_EDGE('',*,*,#4093,.F.);
#4164 = ORIENTED_EDGE('',*,*,#4165,.T.);
#4165 = EDGE_CURVE('',#4094,#4141,#4166,.T.);
#4166 = SURFACE_CURVE('',#4167,(#4172,#4179),.PCURVE_S1.);
#4167 = CIRCLE('',#4168,1.);
#4168 = AXIS2_PLACEMENT_3D('',#4169,#4170,#4171);
#4169 = CARTESIAN_POINT('',(12.69,2.87,-4.));
#4170 = DIRECTION('',(-1.,0.,0.));
#4171 = DIRECTION('',(0.,1.,0.));
#4172 = PCURVE('',#3800,#4173);
#4173 = DEFINITIONAL_REPRESENTATION('',(#4174),#4178);
#4174 = LINE('',#4175,#4176);
#4175 = CARTESIAN_POINT('',(-6.28318530718,0.5));
#4176 = VECTOR('',#4177,1.);
#4177 = DIRECTION('',(1.,-0.));
#4178 = ( GEOMETRIC_REPRESENTATION_CONTEXT(2) 
PARAMETRIC_REPRESENTATION_CONTEXT() REPRESENTATION_CONTEXT('2D SPACE',''
  ) );
#4179 = PCURVE('',#3139,#4180);
#4180 = DEFINITIONAL_REPRESENTATION('',(#4181),#4189);
#4181 = ( BOUNDED_CURVE() B_SPLINE_CURVE(2,(#4182,#4183,#4184,#4185,
#4186,#4187,#4188),.UNSPECIFIED.,.T.,.F.) B_SPLINE_CURVE_WITH_KNOTS((1,2
    ,2,2,2,1),(-2.094395102393,0.,2.094395102393,4.188790204786,
6.28318530718,8.377580409573),.UNSPECIFIED.) CURVE() 
GEOMETRIC_REPRESENTATION_ITEM() RATIONAL_B_SPLINE_CURVE((1.,0.5,1.,0.5,
1.,0.5,1.)) REPRESENTATION_ITEM('') );
#4182 = CARTESIAN_POINT('',(16.1,-4.87));
#4183 = CARTESIAN_POINT('',(14.367949192431,-4.87));
#4184 = CARTESIAN_POINT('',(15.233974596216,-3.37));
#4185 = CARTESIAN_POINT('',(16.1,-1.87));
#4186 = CARTESIAN_POINT('',(16.966025403784,-3.37));
#4187 = CARTESIAN_POINT('',(17.832050807569,-4.87));
#4188 = CARTESIAN_POINT('',(16.1,-4.87));
#4189 = ( GEOMETRIC_REPRESENTATION_CONTEXT(2) 
PARAMETRIC_REPRESENTATION_CONTEXT() REPRESENTATION_CONTEXT('2D SPACE',''
  ) );
#4190 = ADVANCED_FACE('',(#4191),#3593,.F.);
#4191 = FACE_BOUND('',#4192,.F.);
#4192 = EDGE_LOOP('',(#4193,#4194,#4195,#4196));
#4193 = ORIENTED_EDGE('',*,*,#4140,.T.);
#4194 = ORIENTED_EDGE('',*,*,#3576,.F.);
#4195 = ORIENTED_EDGE('',*,*,#3839,.T.);
#4196 = ORIENTED_EDGE('',*,*,#4197,.T.);
#4197 = EDGE_CURVE('',#3840,#4141,#4198,.T.);
#4198 = SURFACE_CURVE('',#4199,(#4203,#4209),.PCURVE_S1.);
#4199 = LINE('',#4200,#4201);
#4200 = CARTESIAN_POINT('',(12.69,1.87,-12.05));
#4201 = VECTOR('',#4202,1.);
#4202 = DIRECTION('',(0.,-0.,-1.));
#4203 = PCURVE('',#3593,#4204);
#4204 = DEFINITIONAL_REPRESENTATION('',(#4205),#4208);
#4205 = B_SPLINE_CURVE_WITH_KNOTS('',1,(#4206,#4207),.UNSPECIFIED.,.F.,
  .F.,(2,2),(-17.18,-8.05),.PIECEWISE_BEZIER_KNOTS.);
#4206 = CARTESIAN_POINT('',(9.13,0.5));
#4207 = CARTESIAN_POINT('',(0.,0.5));
#4208 = ( GEOMETRIC_REPRESENTATION_CONTEXT(2) 
PARAMETRIC_REPRESENTATION_CONTEXT() REPRESENTATION_CONTEXT('2D SPACE',''
  ) );
#4209 = PCURVE('',#3139,#4210);
#4210 = DEFINITIONAL_REPRESENTATION('',(#4211),#4214);
#4211 = B_SPLINE_CURVE_WITH_KNOTS('',1,(#4212,#4213),.UNSPECIFIED.,.F.,
  .F.,(2,2),(-17.18,-8.05),.PIECEWISE_BEZIER_KNOTS.);
#4212 = CARTESIAN_POINT('',(25.23,-2.87));
#4213 = CARTESIAN_POINT('',(16.1,-2.87));
#4214 = ( GEOMETRIC_REPRESENTATION_CONTEXT(2) 
PARAMETRIC_REPRESENTATION_CONTEXT() REPRESENTATION_CONTEXT('2D SPACE',''
  ) );
#4215 = ADVANCED_FACE('',(#4216),#2405,.T.);
#4216 = FACE_BOUND('',#4217,.T.);
#4217 = EDGE_LOOP('',(#4218,#4242,#4243,#4244));
#4218 = ORIENTED_EDGE('',*,*,#4219,.F.);
#4219 = EDGE_CURVE('',#3509,#4220,#4222,.T.);
#4220 = VERTEX_POINT('',#4221);
#4221 = CARTESIAN_POINT('',(8.69,0.,24.75));
#4222 = SURFACE_CURVE('',#4223,(#4228,#4235),.PCURVE_S1.);
#4223 = CIRCLE('',#4224,5.);
#4224 = AXIS2_PLACEMENT_3D('',#4225,#4226,#4227);
#4225 = CARTESIAN_POINT('',(8.69,0.,19.75));
#4226 = DIRECTION('',(0.,-1.,0.));
#4227 = DIRECTION('',(1.,0.,0.));
#4228 = PCURVE('',#2405,#4229);
#4229 = DEFINITIONAL_REPRESENTATION('',(#4230),#4234);
#4230 = LINE('',#4231,#4232);
#4231 = CARTESIAN_POINT('',(0.,0.));
#4232 = VECTOR('',#4233,1.);
#4233 = DIRECTION('',(1.,0.));
#4234 = ( GEOMETRIC_REPRESENTATION_CONTEXT(2) 
PARAMETRIC_REPRESENTATION_CONTEXT() REPRESENTATION_CONTEXT('2D SPACE',''
  ) );
#4235 = PCURVE('',#44,#4236);
#4236 = DEFINITIONAL_REPRESENTATION('',(#4237),#4241);
#4237 = CIRCLE('',#4238,5.);
#4238 = AXIS2_PLACEMENT_2D('',#4239,#4240);
#4239 = CARTESIAN_POINT('',(8.69,19.75));
#4240 = DIRECTION('',(1.,0.));
#4241 = ( GEOMETRIC_REPRESENTATION_CONTEXT(2) 
PARAMETRIC_REPRESENTATION_CONTEXT() REPRESENTATION_CONTEXT('2D SPACE',''
  ) );
#4242 = ORIENTED_EDGE('',*,*,#3553,.T.);
#4243 = ORIENTED_EDGE('',*,*,#2271,.T.);
#4244 = ORIENTED_EDGE('',*,*,#4245,.F.);
#4245 = EDGE_CURVE('',#4220,#2272,#4246,.T.);
#4246 = SURFACE_CURVE('',#4247,(#4251,#4258),.PCURVE_S1.);
#4247 = LINE('',#4248,#4249);
#4248 = CARTESIAN_POINT('',(8.69,0.,24.75));
#4249 = VECTOR('',#4250,1.);
#4250 = DIRECTION('',(-0.,1.,-0.));
#4251 = PCURVE('',#2405,#4252);
#4252 = DEFINITIONAL_REPRESENTATION('',(#4253),#4257);
#4253 = LINE('',#4254,#4255);
#4254 = CARTESIAN_POINT('',(1.570796326795,0.));
#4255 = VECTOR('',#4256,1.);
#4256 = DIRECTION('',(0.,-1.));
#4257 = ( GEOMETRIC_REPRESENTATION_CONTEXT(2) 
PARAMETRIC_REPRESENTATION_CONTEXT() REPRESENTATION_CONTEXT('2D SPACE',''
  ) );
#4258 = PCURVE('',#2492,#4259);
#4259 = DEFINITIONAL_REPRESENTATION('',(#4260),#4264);
#4260 = LINE('',#4261,#4262);
#4261 = CARTESIAN_POINT('',(17.38,0.));
#4262 = VECTOR('',#4263,1.);
#4263 = DIRECTION('',(0.,-1.));
#4264 = ( GEOMETRIC_REPRESENTATION_CONTEXT(2) 
PARAMETRIC_REPRESENTATION_CONTEXT() REPRESENTATION_CONTEXT('2D SPACE',''
  ) );
#4265 = ADVANCED_FACE('',(#4266),#2492,.F.);
#4266 = FACE_BOUND('',#4267,.F.);
#4267 = EDGE_LOOP('',(#4268,#4291,#4314,#4335,#4336));
#4268 = ORIENTED_EDGE('',*,*,#4269,.F.);
#4269 = EDGE_CURVE('',#4270,#4220,#4272,.T.);
#4270 = VERTEX_POINT('',#4271);
#4271 = CARTESIAN_POINT('',(-8.69,0.,24.75));
#4272 = SURFACE_CURVE('',#4273,(#4277,#4284),.PCURVE_S1.);
#4273 = LINE('',#4274,#4275);
#4274 = CARTESIAN_POINT('',(0.,0.,24.75));
#4275 = VECTOR('',#4276,1.);
#4276 = DIRECTION('',(1.,0.,0.));
#4277 = PCURVE('',#2492,#4278);
#4278 = DEFINITIONAL_REPRESENTATION('',(#4279),#4283);
#4279 = LINE('',#4280,#4281);
#4280 = CARTESIAN_POINT('',(8.69,0.));
#4281 = VECTOR('',#4282,1.);
#4282 = DIRECTION('',(1.,0.));
#4283 = ( GEOMETRIC_REPRESENTATION_CONTEXT(2) 
PARAMETRIC_REPRESENTATION_CONTEXT() REPRESENTATION_CONTEXT('2D SPACE',''
  ) );
#4284 = PCURVE('',#44,#4285);
#4285 = DEFINITIONAL_REPRESENTATION('',(#4286),#4290);
#4286 = LINE('',#4287,#4288);
#4287 = CARTESIAN_POINT('',(0.,24.75));
#4288 = VECTOR('',#4289,1.);
#4289 = DIRECTION('',(1.,0.));
#4290 = ( GEOMETRIC_REPRESENTATION_CONTEXT(2) 
PARAMETRIC_REPRESENTATION_CONTEXT() REPRESENTATION_CONTEXT('2D SPACE',''
  ) );
#4291 = ORIENTED_EDGE('',*,*,#4292,.T.);
#4292 = EDGE_CURVE('',#4270,#4293,#4295,.T.);
#4293 = VERTEX_POINT('',#4294);
#4294 = CARTESIAN_POINT('',(-8.69,5.5,24.75));
#4295 = SURFACE_CURVE('',#4296,(#4300,#4307),.PCURVE_S1.);
#4296 = LINE('',#4297,#4298);
#4297 = CARTESIAN_POINT('',(-8.69,0.,24.75));
#4298 = VECTOR('',#4299,1.);
#4299 = DIRECTION('',(-0.,1.,-0.));
#4300 = PCURVE('',#2492,#4301);
#4301 = DEFINITIONAL_REPRESENTATION('',(#4302),#4306);
#4302 = LINE('',#4303,#4304);
#4303 = CARTESIAN_POINT('',(0.,0.));
#4304 = VECTOR('',#4305,1.);
#4305 = DIRECTION('',(0.,-1.));
#4306 = ( GEOMETRIC_REPRESENTATION_CONTEXT(2) 
PARAMETRIC_REPRESENTATION_CONTEXT() REPRESENTATION_CONTEXT('2D SPACE',''
  ) );
#4307 = PCURVE('',#775,#4308);
#4308 = DEFINITIONAL_REPRESENTATION('',(#4309),#4313);
#4309 = LINE('',#4310,#4311);
#4310 = CARTESIAN_POINT('',(1.570796326795,0.));
#4311 = VECTOR('',#4312,1.);
#4312 = DIRECTION('',(0.,-1.));
#4313 = ( GEOMETRIC_REPRESENTATION_CONTEXT(2) 
PARAMETRIC_REPRESENTATION_CONTEXT() REPRESENTATION_CONTEXT('2D SPACE',''
  ) );
#4314 = ORIENTED_EDGE('',*,*,#4315,.F.);
#4315 = EDGE_CURVE('',#2477,#4293,#4316,.T.);
#4316 = SURFACE_CURVE('',#4317,(#4321,#4328),.PCURVE_S1.);
#4317 = LINE('',#4318,#4319);
#4318 = CARTESIAN_POINT('',(0.,5.5,24.75));
#4319 = VECTOR('',#4320,1.);
#4320 = DIRECTION('',(-1.,-0.,-0.));
#4321 = PCURVE('',#2492,#4322);
#4322 = DEFINITIONAL_REPRESENTATION('',(#4323),#4327);
#4323 = LINE('',#4324,#4325);
#4324 = CARTESIAN_POINT('',(8.69,-5.5));
#4325 = VECTOR('',#4326,1.);
#4326 = DIRECTION('',(-1.,0.));
#4327 = ( GEOMETRIC_REPRESENTATION_CONTEXT(2) 
PARAMETRIC_REPRESENTATION_CONTEXT() REPRESENTATION_CONTEXT('2D SPACE',''
  ) );
#4328 = PCURVE('',#518,#4329);
#4329 = DEFINITIONAL_REPRESENTATION('',(#4330),#4334);
#4330 = LINE('',#4331,#4332);
#4331 = CARTESIAN_POINT('',(51.173217717508,0.));
#4332 = VECTOR('',#4333,1.);
#4333 = DIRECTION('',(0.,-1.));
#4334 = ( GEOMETRIC_REPRESENTATION_CONTEXT(2) 
PARAMETRIC_REPRESENTATION_CONTEXT() REPRESENTATION_CONTEXT('2D SPACE',''
  ) );
#4335 = ORIENTED_EDGE('',*,*,#2476,.T.);
#4336 = ORIENTED_EDGE('',*,*,#4245,.F.);
#4337 = ADVANCED_FACE('',(#4338),#2566,.T.);
#4338 = FACE_BOUND('',#4339,.T.);
#4339 = EDGE_LOOP('',(#4340,#4364,#4392,#4419,#4420,#4443,#4465,#4493,
    #4519,#4545,#4571,#4597,#4625,#4651,#4677,#4703,#4729));
#4340 = ORIENTED_EDGE('',*,*,#4341,.F.);
#4341 = EDGE_CURVE('',#4342,#4344,#4346,.T.);
#4342 = VERTEX_POINT('',#4343);
#4343 = CARTESIAN_POINT('',(-11.49,0.,21.3));
#4344 = VERTEX_POINT('',#4345);
#4345 = CARTESIAN_POINT('',(-7.35,0.,21.3));
#4346 = SURFACE_CURVE('',#4347,(#4351,#4357),.PCURVE_S1.);
#4347 = LINE('',#4348,#4349);
#4348 = CARTESIAN_POINT('',(-5.745,0.,21.3));
#4349 = VECTOR('',#4350,1.);
#4350 = DIRECTION('',(1.,0.,0.));
#4351 = PCURVE('',#2566,#4352);
#4352 = DEFINITIONAL_REPRESENTATION('',(#4353),#4356);
#4353 = B_SPLINE_CURVE_WITH_KNOTS('',1,(#4354,#4355),.UNSPECIFIED.,.F.,
  .F.,(2,2),(-5.745,17.235),.PIECEWISE_BEZIER_KNOTS.);
#4354 = CARTESIAN_POINT('',(0.,-1.));
#4355 = CARTESIAN_POINT('',(22.98,-1.));
#4356 = ( GEOMETRIC_REPRESENTATION_CONTEXT(2) 
PARAMETRIC_REPRESENTATION_CONTEXT() REPRESENTATION_CONTEXT('2D SPACE',''
  ) );
#4357 = PCURVE('',#44,#4358);
#4358 = DEFINITIONAL_REPRESENTATION('',(#4359),#4363);
#4359 = LINE('',#4360,#4361);
#4360 = CARTESIAN_POINT('',(-5.745,21.3));
#4361 = VECTOR('',#4362,1.);
#4362 = DIRECTION('',(1.,0.));
#4363 = ( GEOMETRIC_REPRESENTATION_CONTEXT(2) 
PARAMETRIC_REPRESENTATION_CONTEXT() REPRESENTATION_CONTEXT('2D SPACE',''
  ) );
#4364 = ORIENTED_EDGE('',*,*,#4365,.T.);
#4365 = EDGE_CURVE('',#4342,#4366,#4368,.T.);
#4366 = VERTEX_POINT('',#4367);
#4367 = CARTESIAN_POINT('',(-11.49,7.596918011038,21.3));
#4368 = SURFACE_CURVE('',#4369,(#4373,#4380),.PCURVE_S1.);
#4369 = LINE('',#4370,#4371);
#4370 = CARTESIAN_POINT('',(-11.49,-1.,21.3));
#4371 = VECTOR('',#4372,1.);
#4372 = DIRECTION('',(-0.,1.,-0.));
#4373 = PCURVE('',#2566,#4374);
#4374 = DEFINITIONAL_REPRESENTATION('',(#4375),#4379);
#4375 = LINE('',#4376,#4377);
#4376 = CARTESIAN_POINT('',(0.,0.));
#4377 = VECTOR('',#4378,1.);
#4378 = DIRECTION('',(0.,-1.));
#4379 = ( GEOMETRIC_REPRESENTATION_CONTEXT(2) 
PARAMETRIC_REPRESENTATION_CONTEXT() REPRESENTATION_CONTEXT('2D SPACE',''
  ) );
#4380 = PCURVE('',#4381,#4386);
#4381 = CYLINDRICAL_SURFACE('',#4382,1.2);
#4382 = AXIS2_PLACEMENT_3D('',#4383,#4384,#4385);
#4383 = CARTESIAN_POINT('',(-11.49,-1.,20.1));
#4384 = DIRECTION('',(0.,-1.,0.));
#4385 = DIRECTION('',(1.,0.,0.));
#4386 = DEFINITIONAL_REPRESENTATION('',(#4387),#4391);
#4387 = LINE('',#4388,#4389);
#4388 = CARTESIAN_POINT('',(1.570796326795,0.));
#4389 = VECTOR('',#4390,1.);
#4390 = DIRECTION('',(0.,-1.));
#4391 = ( GEOMETRIC_REPRESENTATION_CONTEXT(2) 
PARAMETRIC_REPRESENTATION_CONTEXT() REPRESENTATION_CONTEXT('2D SPACE',''
  ) );
#4392 = ORIENTED_EDGE('',*,*,#4393,.T.);
#4393 = EDGE_CURVE('',#4366,#2505,#4394,.T.);
#4394 = SURFACE_CURVE('',#4395,(#4401,#4410),.PCURVE_S1.);
#4395 = B_SPLINE_CURVE_WITH_KNOTS('',4,(#4396,#4397,#4398,#4399,#4400),
  .UNSPECIFIED.,.F.,.F.,(5,5),(0.,1.),.PIECEWISE_BEZIER_KNOTS.);
#4396 = CARTESIAN_POINT('',(-11.49,7.596918011038,21.3));
#4397 = CARTESIAN_POINT('',(-8.61749985,7.596918011038,21.3));
#4398 = CARTESIAN_POINT('',(-5.7449997,7.596918011038,21.3));
#4399 = CARTESIAN_POINT('',(-2.87249955,7.596918011038,21.3));
#4400 = CARTESIAN_POINT('',(5.999999999062E-07,7.596918011038,21.3));
#4401 = PCURVE('',#2566,#4402);
#4402 = DEFINITIONAL_REPRESENTATION('',(#4403),#4409);
#4403 = B_SPLINE_CURVE_WITH_KNOTS('',4,(#4404,#4405,#4406,#4407,#4408),
  .UNSPECIFIED.,.F.,.F.,(5,5),(0.,1.),.PIECEWISE_BEZIER_KNOTS.);
#4404 = CARTESIAN_POINT('',(0.,-8.596918011038));
#4405 = CARTESIAN_POINT('',(2.87250015,-8.596918011038));
#4406 = CARTESIAN_POINT('',(5.7450003,-8.596918011038));
#4407 = CARTESIAN_POINT('',(8.61750045,-8.596918011038));
#4408 = CARTESIAN_POINT('',(11.4900006,-8.596918011038));
#4409 = ( GEOMETRIC_REPRESENTATION_CONTEXT(2) 
PARAMETRIC_REPRESENTATION_CONTEXT() REPRESENTATION_CONTEXT('2D SPACE',''
  ) );
#4410 = PCURVE('',#518,#4411);
#4411 = DEFINITIONAL_REPRESENTATION('',(#4412),#4418);
#4412 = B_SPLINE_CURVE_WITH_KNOTS('',4,(#4413,#4414,#4415,#4416,#4417),
  .UNSPECIFIED.,.F.,.F.,(5,5),(0.,1.),.PIECEWISE_BEZIER_KNOTS.);
#4413 = CARTESIAN_POINT('',(47.131738371724,-11.49));
#4414 = CARTESIAN_POINT('',(47.131738371724,-8.61749985));
#4415 = CARTESIAN_POINT('',(47.131738371724,-5.7449997));
#4416 = CARTESIAN_POINT('',(47.131738371724,-2.87249955));
#4417 = CARTESIAN_POINT('',(47.131738371724,5.999999999062E-07));
#4418 = ( GEOMETRIC_REPRESENTATION_CONTEXT(2) 
PARAMETRIC_REPRESENTATION_CONTEXT() REPRESENTATION_CONTEXT('2D SPACE',''
  ) );
#4419 = ORIENTED_EDGE('',*,*,#2546,.F.);
#4420 = ORIENTED_EDGE('',*,*,#4421,.F.);
#4421 = EDGE_CURVE('',#4422,#2547,#4424,.T.);
#4422 = VERTEX_POINT('',#4423);
#4423 = CARTESIAN_POINT('',(11.49,0.,21.3));
#4424 = SURFACE_CURVE('',#4425,(#4429,#4436),.PCURVE_S1.);
#4425 = LINE('',#4426,#4427);
#4426 = CARTESIAN_POINT('',(11.49,-1.,21.3));
#4427 = VECTOR('',#4428,1.);
#4428 = DIRECTION('',(-0.,1.,-0.));
#4429 = PCURVE('',#2566,#4430);
#4430 = DEFINITIONAL_REPRESENTATION('',(#4431),#4435);
#4431 = LINE('',#4432,#4433);
#4432 = CARTESIAN_POINT('',(22.98,0.));
#4433 = VECTOR('',#4434,1.);
#4434 = DIRECTION('',(0.,-1.));
#4435 = ( GEOMETRIC_REPRESENTATION_CONTEXT(2) 
PARAMETRIC_REPRESENTATION_CONTEXT() REPRESENTATION_CONTEXT('2D SPACE',''
  ) );
#4436 = PCURVE('',#2642,#4437);
#4437 = DEFINITIONAL_REPRESENTATION('',(#4438),#4442);
#4438 = LINE('',#4439,#4440);
#4439 = CARTESIAN_POINT('',(1.570796326795,0.));
#4440 = VECTOR('',#4441,1.);
#4441 = DIRECTION('',(0.,-1.));
#4442 = ( GEOMETRIC_REPRESENTATION_CONTEXT(2) 
PARAMETRIC_REPRESENTATION_CONTEXT() REPRESENTATION_CONTEXT('2D SPACE',''
  ) );
#4443 = ORIENTED_EDGE('',*,*,#4444,.F.);
#4444 = EDGE_CURVE('',#4445,#4422,#4447,.T.);
#4445 = VERTEX_POINT('',#4446);
#4446 = CARTESIAN_POINT('',(7.35,0.,21.3));
#4447 = SURFACE_CURVE('',#4448,(#4452,#4458),.PCURVE_S1.);
#4448 = LINE('',#4449,#4450);
#4449 = CARTESIAN_POINT('',(-5.745,0.,21.3));
#4450 = VECTOR('',#4451,1.);
#4451 = DIRECTION('',(1.,0.,0.));
#4452 = PCURVE('',#2566,#4453);
#4453 = DEFINITIONAL_REPRESENTATION('',(#4454),#4457);
#4454 = B_SPLINE_CURVE_WITH_KNOTS('',1,(#4455,#4456),.UNSPECIFIED.,.F.,
  .F.,(2,2),(-5.745,17.235),.PIECEWISE_BEZIER_KNOTS.);
#4455 = CARTESIAN_POINT('',(0.,-1.));
#4456 = CARTESIAN_POINT('',(22.98,-1.));
#4457 = ( GEOMETRIC_REPRESENTATION_CONTEXT(2) 
PARAMETRIC_REPRESENTATION_CONTEXT() REPRESENTATION_CONTEXT('2D SPACE',''
  ) );
#4458 = PCURVE('',#44,#4459);
#4459 = DEFINITIONAL_REPRESENTATION('',(#4460),#4464);
#4460 = LINE('',#4461,#4462);
#4461 = CARTESIAN_POINT('',(-5.745,21.3));
#4462 = VECTOR('',#4463,1.);
#4463 = DIRECTION('',(1.,0.));
#4464 = ( GEOMETRIC_REPRESENTATION_CONTEXT(2) 
PARAMETRIC_REPRESENTATION_CONTEXT() REPRESENTATION_CONTEXT('2D SPACE',''
  ) );
#4465 = ORIENTED_EDGE('',*,*,#4466,.T.);
#4466 = EDGE_CURVE('',#4445,#4467,#4469,.T.);
#4467 = VERTEX_POINT('',#4468);
#4468 = CARTESIAN_POINT('',(7.35,4.62,21.3));
#4469 = SURFACE_CURVE('',#4470,(#4474,#4481),.PCURVE_S1.);
#4470 = LINE('',#4471,#4472);
#4471 = CARTESIAN_POINT('',(7.35,-1.,21.3));
#4472 = VECTOR('',#4473,1.);
#4473 = DIRECTION('',(0.,1.,0.));
#4474 = PCURVE('',#2566,#4475);
#4475 = DEFINITIONAL_REPRESENTATION('',(#4476),#4480);
#4476 = LINE('',#4477,#4478);
#4477 = CARTESIAN_POINT('',(18.84,0.));
#4478 = VECTOR('',#4479,1.);
#4479 = DIRECTION('',(0.,-1.));
#4480 = ( GEOMETRIC_REPRESENTATION_CONTEXT(2) 
PARAMETRIC_REPRESENTATION_CONTEXT() REPRESENTATION_CONTEXT('2D SPACE',''
  ) );
#4481 = PCURVE('',#4482,#4487);
#4482 = PLANE('',#4483);
#4483 = AXIS2_PLACEMENT_3D('',#4484,#4485,#4486);
#4484 = CARTESIAN_POINT('',(7.35,-1.,21.3));
#4485 = DIRECTION('',(1.,0.,0.));
#4486 = DIRECTION('',(0.,0.,1.));
#4487 = DEFINITIONAL_REPRESENTATION('',(#4488),#4492);
#4488 = LINE('',#4489,#4490);
#4489 = CARTESIAN_POINT('',(0.,0.));
#4490 = VECTOR('',#4491,1.);
#4491 = DIRECTION('',(0.,-1.));
#4492 = ( GEOMETRIC_REPRESENTATION_CONTEXT(2) 
PARAMETRIC_REPRESENTATION_CONTEXT() REPRESENTATION_CONTEXT('2D SPACE',''
  ) );
#4493 = ORIENTED_EDGE('',*,*,#4494,.T.);
#4494 = EDGE_CURVE('',#4467,#4495,#4497,.T.);
#4495 = VERTEX_POINT('',#4496);
#4496 = CARTESIAN_POINT('',(8.5,4.62,21.3));
#4497 = SURFACE_CURVE('',#4498,(#4502,#4508),.PCURVE_S1.);
#4498 = LINE('',#4499,#4500);
#4499 = CARTESIAN_POINT('',(-2.495,4.62,21.3));
#4500 = VECTOR('',#4501,1.);
#4501 = DIRECTION('',(1.,-0.,0.));
#4502 = PCURVE('',#2566,#4503);
#4503 = DEFINITIONAL_REPRESENTATION('',(#4504),#4507);
#4504 = B_SPLINE_CURVE_WITH_KNOTS('',1,(#4505,#4506),.UNSPECIFIED.,.F.,
  .F.,(2,2),(8.995,10.995),.PIECEWISE_BEZIER_KNOTS.);
#4505 = CARTESIAN_POINT('',(17.99,-5.62));
#4506 = CARTESIAN_POINT('',(19.99,-5.62));
#4507 = ( GEOMETRIC_REPRESENTATION_CONTEXT(2) 
PARAMETRIC_REPRESENTATION_CONTEXT() REPRESENTATION_CONTEXT('2D SPACE',''
  ) );
#4508 = PCURVE('',#4509,#4514);
#4509 = PLANE('',#4510);
#4510 = AXIS2_PLACEMENT_3D('',#4511,#4512,#4513);
#4511 = CARTESIAN_POINT('',(6.5,4.62,21.1));
#4512 = DIRECTION('',(0.,1.,0.));
#4513 = DIRECTION('',(0.,0.,1.));
#4514 = DEFINITIONAL_REPRESENTATION('',(#4515),#4518);
#4515 = B_SPLINE_CURVE_WITH_KNOTS('',1,(#4516,#4517),.UNSPECIFIED.,.F.,
  .F.,(2,2),(8.995,10.995),.PIECEWISE_BEZIER_KNOTS.);
#4516 = CARTESIAN_POINT('',(0.2,0.));
#4517 = CARTESIAN_POINT('',(0.2,2.));
#4518 = ( GEOMETRIC_REPRESENTATION_CONTEXT(2) 
PARAMETRIC_REPRESENTATION_CONTEXT() REPRESENTATION_CONTEXT('2D SPACE',''
  ) );
#4519 = ORIENTED_EDGE('',*,*,#4520,.F.);
#4520 = EDGE_CURVE('',#4521,#4495,#4523,.T.);
#4521 = VERTEX_POINT('',#4522);
#4522 = CARTESIAN_POINT('',(8.5,6.62,21.3));
#4523 = SURFACE_CURVE('',#4524,(#4528,#4534),.PCURVE_S1.);
#4524 = LINE('',#4525,#4526);
#4525 = CARTESIAN_POINT('',(8.5,1.81,21.3));
#4526 = VECTOR('',#4527,1.);
#4527 = DIRECTION('',(0.,-1.,0.));
#4528 = PCURVE('',#2566,#4529);
#4529 = DEFINITIONAL_REPRESENTATION('',(#4530),#4533);
#4530 = B_SPLINE_CURVE_WITH_KNOTS('',1,(#4531,#4532),.UNSPECIFIED.,.F.,
  .F.,(2,2),(-4.81,-2.81),.PIECEWISE_BEZIER_KNOTS.);
#4531 = CARTESIAN_POINT('',(19.99,-7.62));
#4532 = CARTESIAN_POINT('',(19.99,-5.62));
#4533 = ( GEOMETRIC_REPRESENTATION_CONTEXT(2) 
PARAMETRIC_REPRESENTATION_CONTEXT() REPRESENTATION_CONTEXT('2D SPACE',''
  ) );
#4534 = PCURVE('',#4535,#4540);
#4535 = PLANE('',#4536);
#4536 = AXIS2_PLACEMENT_3D('',#4537,#4538,#4539);
#4537 = CARTESIAN_POINT('',(8.5,4.62,21.1));
#4538 = DIRECTION('',(1.,0.,0.));
#4539 = DIRECTION('',(0.,0.,1.));
#4540 = DEFINITIONAL_REPRESENTATION('',(#4541),#4544);
#4541 = B_SPLINE_CURVE_WITH_KNOTS('',1,(#4542,#4543),.UNSPECIFIED.,.F.,
  .F.,(2,2),(-4.81,-2.81),.PIECEWISE_BEZIER_KNOTS.);
#4542 = CARTESIAN_POINT('',(0.2,-2.));
#4543 = CARTESIAN_POINT('',(0.2,0.));
#4544 = ( GEOMETRIC_REPRESENTATION_CONTEXT(2) 
PARAMETRIC_REPRESENTATION_CONTEXT() REPRESENTATION_CONTEXT('2D SPACE',''
  ) );
#4545 = ORIENTED_EDGE('',*,*,#4546,.F.);
#4546 = EDGE_CURVE('',#4547,#4521,#4549,.T.);
#4547 = VERTEX_POINT('',#4548);
#4548 = CARTESIAN_POINT('',(6.5,6.62,21.3));
#4549 = SURFACE_CURVE('',#4550,(#4554,#4560),.PCURVE_S1.);
#4550 = LINE('',#4551,#4552);
#4551 = CARTESIAN_POINT('',(-2.495,6.62,21.3));
#4552 = VECTOR('',#4553,1.);
#4553 = DIRECTION('',(1.,-0.,0.));
#4554 = PCURVE('',#2566,#4555);
#4555 = DEFINITIONAL_REPRESENTATION('',(#4556),#4559);
#4556 = B_SPLINE_CURVE_WITH_KNOTS('',1,(#4557,#4558),.UNSPECIFIED.,.F.,
  .F.,(2,2),(8.995,10.995),.PIECEWISE_BEZIER_KNOTS.);
#4557 = CARTESIAN_POINT('',(17.99,-7.62));
#4558 = CARTESIAN_POINT('',(19.99,-7.62));
#4559 = ( GEOMETRIC_REPRESENTATION_CONTEXT(2) 
PARAMETRIC_REPRESENTATION_CONTEXT() REPRESENTATION_CONTEXT('2D SPACE',''
  ) );
#4560 = PCURVE('',#4561,#4566);
#4561 = PLANE('',#4562);
#4562 = AXIS2_PLACEMENT_3D('',#4563,#4564,#4565);
#4563 = CARTESIAN_POINT('',(6.5,6.62,21.1));
#4564 = DIRECTION('',(0.,1.,0.));
#4565 = DIRECTION('',(0.,0.,1.));
#4566 = DEFINITIONAL_REPRESENTATION('',(#4567),#4570);
#4567 = B_SPLINE_CURVE_WITH_KNOTS('',1,(#4568,#4569),.UNSPECIFIED.,.F.,
  .F.,(2,2),(8.995,10.995),.PIECEWISE_BEZIER_KNOTS.);
#4568 = CARTESIAN_POINT('',(0.2,0.));
#4569 = CARTESIAN_POINT('',(0.2,2.));
#4570 = ( GEOMETRIC_REPRESENTATION_CONTEXT(2) 
PARAMETRIC_REPRESENTATION_CONTEXT() REPRESENTATION_CONTEXT('2D SPACE',''
  ) );
#4571 = ORIENTED_EDGE('',*,*,#4572,.T.);
#4572 = EDGE_CURVE('',#4547,#4573,#4575,.T.);
#4573 = VERTEX_POINT('',#4574);
#4574 = CARTESIAN_POINT('',(6.5,5.3,21.3));
#4575 = SURFACE_CURVE('',#4576,(#4580,#4586),.PCURVE_S1.);
#4576 = LINE('',#4577,#4578);
#4577 = CARTESIAN_POINT('',(6.5,1.81,21.3));
#4578 = VECTOR('',#4579,1.);
#4579 = DIRECTION('',(0.,-1.,0.));
#4580 = PCURVE('',#2566,#4581);
#4581 = DEFINITIONAL_REPRESENTATION('',(#4582),#4585);
#4582 = B_SPLINE_CURVE_WITH_KNOTS('',1,(#4583,#4584),.UNSPECIFIED.,.F.,
  .F.,(2,2),(-4.81,-2.81),.PIECEWISE_BEZIER_KNOTS.);
#4583 = CARTESIAN_POINT('',(17.99,-7.62));
#4584 = CARTESIAN_POINT('',(17.99,-5.62));
#4585 = ( GEOMETRIC_REPRESENTATION_CONTEXT(2) 
PARAMETRIC_REPRESENTATION_CONTEXT() REPRESENTATION_CONTEXT('2D SPACE',''
  ) );
#4586 = PCURVE('',#4587,#4592);
#4587 = PLANE('',#4588);
#4588 = AXIS2_PLACEMENT_3D('',#4589,#4590,#4591);
#4589 = CARTESIAN_POINT('',(6.5,4.62,21.1));
#4590 = DIRECTION('',(1.,0.,0.));
#4591 = DIRECTION('',(0.,0.,1.));
#4592 = DEFINITIONAL_REPRESENTATION('',(#4593),#4596);
#4593 = B_SPLINE_CURVE_WITH_KNOTS('',1,(#4594,#4595),.UNSPECIFIED.,.F.,
  .F.,(2,2),(-4.81,-2.81),.PIECEWISE_BEZIER_KNOTS.);
#4594 = CARTESIAN_POINT('',(0.2,-2.));
#4595 = CARTESIAN_POINT('',(0.2,0.));
#4596 = ( GEOMETRIC_REPRESENTATION_CONTEXT(2) 
PARAMETRIC_REPRESENTATION_CONTEXT() REPRESENTATION_CONTEXT('2D SPACE',''
  ) );
#4597 = ORIENTED_EDGE('',*,*,#4598,.F.);
#4598 = EDGE_CURVE('',#4599,#4573,#4601,.T.);
#4599 = VERTEX_POINT('',#4600);
#4600 = CARTESIAN_POINT('',(-6.5,5.3,21.3));
#4601 = SURFACE_CURVE('',#4602,(#4606,#4613),.PCURVE_S1.);
#4602 = LINE('',#4603,#4604);
#4603 = CARTESIAN_POINT('',(-7.35,5.3,21.3));
#4604 = VECTOR('',#4605,1.);
#4605 = DIRECTION('',(1.,0.,0.));
#4606 = PCURVE('',#2566,#4607);
#4607 = DEFINITIONAL_REPRESENTATION('',(#4608),#4612);
#4608 = LINE('',#4609,#4610);
#4609 = CARTESIAN_POINT('',(4.14,-6.3));
#4610 = VECTOR('',#4611,1.);
#4611 = DIRECTION('',(1.,0.));
#4612 = ( GEOMETRIC_REPRESENTATION_CONTEXT(2) 
PARAMETRIC_REPRESENTATION_CONTEXT() REPRESENTATION_CONTEXT('2D SPACE',''
  ) );
#4613 = PCURVE('',#4614,#4619);
#4614 = PLANE('',#4615);
#4615 = AXIS2_PLACEMENT_3D('',#4616,#4617,#4618);
#4616 = CARTESIAN_POINT('',(-7.35,5.3,21.3));
#4617 = DIRECTION('',(0.,1.,0.));
#4618 = DIRECTION('',(0.,0.,1.));
#4619 = DEFINITIONAL_REPRESENTATION('',(#4620),#4624);
#4620 = LINE('',#4621,#4622);
#4621 = CARTESIAN_POINT('',(0.,0.));
#4622 = VECTOR('',#4623,1.);
#4623 = DIRECTION('',(0.,1.));
#4624 = ( GEOMETRIC_REPRESENTATION_CONTEXT(2) 
PARAMETRIC_REPRESENTATION_CONTEXT() REPRESENTATION_CONTEXT('2D SPACE',''
  ) );
#4625 = ORIENTED_EDGE('',*,*,#4626,.F.);
#4626 = EDGE_CURVE('',#4627,#4599,#4629,.T.);
#4627 = VERTEX_POINT('',#4628);
#4628 = CARTESIAN_POINT('',(-6.5,6.62,21.3));
#4629 = SURFACE_CURVE('',#4630,(#4634,#4640),.PCURVE_S1.);
#4630 = LINE('',#4631,#4632);
#4631 = CARTESIAN_POINT('',(-6.5,1.81,21.3));
#4632 = VECTOR('',#4633,1.);
#4633 = DIRECTION('',(0.,-1.,0.));
#4634 = PCURVE('',#2566,#4635);
#4635 = DEFINITIONAL_REPRESENTATION('',(#4636),#4639);
#4636 = B_SPLINE_CURVE_WITH_KNOTS('',1,(#4637,#4638),.UNSPECIFIED.,.F.,
  .F.,(2,2),(-4.81,-2.81),.PIECEWISE_BEZIER_KNOTS.);
#4637 = CARTESIAN_POINT('',(4.99,-7.62));
#4638 = CARTESIAN_POINT('',(4.99,-5.62));
#4639 = ( GEOMETRIC_REPRESENTATION_CONTEXT(2) 
PARAMETRIC_REPRESENTATION_CONTEXT() REPRESENTATION_CONTEXT('2D SPACE',''
  ) );
#4640 = PCURVE('',#4641,#4646);
#4641 = PLANE('',#4642);
#4642 = AXIS2_PLACEMENT_3D('',#4643,#4644,#4645);
#4643 = CARTESIAN_POINT('',(-6.5,4.62,21.1));
#4644 = DIRECTION('',(1.,0.,0.));
#4645 = DIRECTION('',(0.,0.,1.));
#4646 = DEFINITIONAL_REPRESENTATION('',(#4647),#4650);
#4647 = B_SPLINE_CURVE_WITH_KNOTS('',1,(#4648,#4649),.UNSPECIFIED.,.F.,
  .F.,(2,2),(-4.81,-2.81),.PIECEWISE_BEZIER_KNOTS.);
#4648 = CARTESIAN_POINT('',(0.2,-2.));
#4649 = CARTESIAN_POINT('',(0.2,0.));
#4650 = ( GEOMETRIC_REPRESENTATION_CONTEXT(2) 
PARAMETRIC_REPRESENTATION_CONTEXT() REPRESENTATION_CONTEXT('2D SPACE',''
  ) );
#4651 = ORIENTED_EDGE('',*,*,#4652,.F.);
#4652 = EDGE_CURVE('',#4653,#4627,#4655,.T.);
#4653 = VERTEX_POINT('',#4654);
#4654 = CARTESIAN_POINT('',(-8.5,6.62,21.3));
#4655 = SURFACE_CURVE('',#4656,(#4660,#4666),.PCURVE_S1.);
#4656 = LINE('',#4657,#4658);
#4657 = CARTESIAN_POINT('',(-9.995,6.62,21.3));
#4658 = VECTOR('',#4659,1.);
#4659 = DIRECTION('',(1.,-0.,0.));
#4660 = PCURVE('',#2566,#4661);
#4661 = DEFINITIONAL_REPRESENTATION('',(#4662),#4665);
#4662 = B_SPLINE_CURVE_WITH_KNOTS('',1,(#4663,#4664),.UNSPECIFIED.,.F.,
  .F.,(2,2),(1.495,3.495),.PIECEWISE_BEZIER_KNOTS.);
#4663 = CARTESIAN_POINT('',(2.99,-7.62));
#4664 = CARTESIAN_POINT('',(4.99,-7.62));
#4665 = ( GEOMETRIC_REPRESENTATION_CONTEXT(2) 
PARAMETRIC_REPRESENTATION_CONTEXT() REPRESENTATION_CONTEXT('2D SPACE',''
  ) );
#4666 = PCURVE('',#4667,#4672);
#4667 = PLANE('',#4668);
#4668 = AXIS2_PLACEMENT_3D('',#4669,#4670,#4671);
#4669 = CARTESIAN_POINT('',(-8.5,6.62,21.1));
#4670 = DIRECTION('',(0.,1.,0.));
#4671 = DIRECTION('',(0.,0.,1.));
#4672 = DEFINITIONAL_REPRESENTATION('',(#4673),#4676);
#4673 = B_SPLINE_CURVE_WITH_KNOTS('',1,(#4674,#4675),.UNSPECIFIED.,.F.,
  .F.,(2,2),(1.495,3.495),.PIECEWISE_BEZIER_KNOTS.);
#4674 = CARTESIAN_POINT('',(0.2,0.));
#4675 = CARTESIAN_POINT('',(0.2,2.));
#4676 = ( GEOMETRIC_REPRESENTATION_CONTEXT(2) 
PARAMETRIC_REPRESENTATION_CONTEXT() REPRESENTATION_CONTEXT('2D SPACE',''
  ) );
#4677 = ORIENTED_EDGE('',*,*,#4678,.T.);
#4678 = EDGE_CURVE('',#4653,#4679,#4681,.T.);
#4679 = VERTEX_POINT('',#4680);
#4680 = CARTESIAN_POINT('',(-8.5,4.62,21.3));
#4681 = SURFACE_CURVE('',#4682,(#4686,#4692),.PCURVE_S1.);
#4682 = LINE('',#4683,#4684);
#4683 = CARTESIAN_POINT('',(-8.5,1.81,21.3));
#4684 = VECTOR('',#4685,1.);
#4685 = DIRECTION('',(0.,-1.,0.));
#4686 = PCURVE('',#2566,#4687);
#4687 = DEFINITIONAL_REPRESENTATION('',(#4688),#4691);
#4688 = B_SPLINE_CURVE_WITH_KNOTS('',1,(#4689,#4690),.UNSPECIFIED.,.F.,
  .F.,(2,2),(-4.81,-2.81),.PIECEWISE_BEZIER_KNOTS.);
#4689 = CARTESIAN_POINT('',(2.99,-7.62));
#4690 = CARTESIAN_POINT('',(2.99,-5.62));
#4691 = ( GEOMETRIC_REPRESENTATION_CONTEXT(2) 
PARAMETRIC_REPRESENTATION_CONTEXT() REPRESENTATION_CONTEXT('2D SPACE',''
  ) );
#4692 = PCURVE('',#4693,#4698);
#4693 = PLANE('',#4694);
#4694 = AXIS2_PLACEMENT_3D('',#4695,#4696,#4697);
#4695 = CARTESIAN_POINT('',(-8.5,4.62,21.1));
#4696 = DIRECTION('',(1.,0.,0.));
#4697 = DIRECTION('',(0.,0.,1.));
#4698 = DEFINITIONAL_REPRESENTATION('',(#4699),#4702);
#4699 = B_SPLINE_CURVE_WITH_KNOTS('',1,(#4700,#4701),.UNSPECIFIED.,.F.,
  .F.,(2,2),(-4.81,-2.81),.PIECEWISE_BEZIER_KNOTS.);
#4700 = CARTESIAN_POINT('',(0.2,-2.));
#4701 = CARTESIAN_POINT('',(0.2,0.));
#4702 = ( GEOMETRIC_REPRESENTATION_CONTEXT(2) 
PARAMETRIC_REPRESENTATION_CONTEXT() REPRESENTATION_CONTEXT('2D SPACE',''
  ) );
#4703 = ORIENTED_EDGE('',*,*,#4704,.T.);
#4704 = EDGE_CURVE('',#4679,#4705,#4707,.T.);
#4705 = VERTEX_POINT('',#4706);
#4706 = CARTESIAN_POINT('',(-7.35,4.62,21.3));
#4707 = SURFACE_CURVE('',#4708,(#4712,#4718),.PCURVE_S1.);
#4708 = LINE('',#4709,#4710);
#4709 = CARTESIAN_POINT('',(-9.995,4.62,21.3));
#4710 = VECTOR('',#4711,1.);
#4711 = DIRECTION('',(1.,-0.,0.));
#4712 = PCURVE('',#2566,#4713);
#4713 = DEFINITIONAL_REPRESENTATION('',(#4714),#4717);
#4714 = B_SPLINE_CURVE_WITH_KNOTS('',1,(#4715,#4716),.UNSPECIFIED.,.F.,
  .F.,(2,2),(1.495,3.495),.PIECEWISE_BEZIER_KNOTS.);
#4715 = CARTESIAN_POINT('',(2.99,-5.62));
#4716 = CARTESIAN_POINT('',(4.99,-5.62));
#4717 = ( GEOMETRIC_REPRESENTATION_CONTEXT(2) 
PARAMETRIC_REPRESENTATION_CONTEXT() REPRESENTATION_CONTEXT('2D SPACE',''
  ) );
#4718 = PCURVE('',#4719,#4724);
#4719 = PLANE('',#4720);
#4720 = AXIS2_PLACEMENT_3D('',#4721,#4722,#4723);
#4721 = CARTESIAN_POINT('',(-8.5,4.62,21.1));
#4722 = DIRECTION('',(0.,1.,0.));
#4723 = DIRECTION('',(0.,0.,1.));
#4724 = DEFINITIONAL_REPRESENTATION('',(#4725),#4728);
#4725 = B_SPLINE_CURVE_WITH_KNOTS('',1,(#4726,#4727),.UNSPECIFIED.,.F.,
  .F.,(2,2),(1.495,3.495),.PIECEWISE_BEZIER_KNOTS.);
#4726 = CARTESIAN_POINT('',(0.2,0.));
#4727 = CARTESIAN_POINT('',(0.2,2.));
#4728 = ( GEOMETRIC_REPRESENTATION_CONTEXT(2) 
PARAMETRIC_REPRESENTATION_CONTEXT() REPRESENTATION_CONTEXT('2D SPACE',''
  ) );
#4729 = ORIENTED_EDGE('',*,*,#4730,.F.);
#4730 = EDGE_CURVE('',#4344,#4705,#4731,.T.);
#4731 = SURFACE_CURVE('',#4732,(#4736,#4743),.PCURVE_S1.);
#4732 = LINE('',#4733,#4734);
#4733 = CARTESIAN_POINT('',(-7.35,-1.,21.3));
#4734 = VECTOR('',#4735,1.);
#4735 = DIRECTION('',(0.,1.,0.));
#4736 = PCURVE('',#2566,#4737);
#4737 = DEFINITIONAL_REPRESENTATION('',(#4738),#4742);
#4738 = LINE('',#4739,#4740);
#4739 = CARTESIAN_POINT('',(4.14,0.));
#4740 = VECTOR('',#4741,1.);
#4741 = DIRECTION('',(0.,-1.));
#4742 = ( GEOMETRIC_REPRESENTATION_CONTEXT(2) 
PARAMETRIC_REPRESENTATION_CONTEXT() REPRESENTATION_CONTEXT('2D SPACE',''
  ) );
#4743 = PCURVE('',#4744,#4749);
#4744 = PLANE('',#4745);
#4745 = AXIS2_PLACEMENT_3D('',#4746,#4747,#4748);
#4746 = CARTESIAN_POINT('',(-7.35,-1.,21.3));
#4747 = DIRECTION('',(1.,0.,0.));
#4748 = DIRECTION('',(0.,0.,1.));
#4749 = DEFINITIONAL_REPRESENTATION('',(#4750),#4754);
#4750 = LINE('',#4751,#4752);
#4751 = CARTESIAN_POINT('',(0.,0.));
#4752 = VECTOR('',#4753,1.);
#4753 = DIRECTION('',(0.,-1.));
#4754 = ( GEOMETRIC_REPRESENTATION_CONTEXT(2) 
PARAMETRIC_REPRESENTATION_CONTEXT() REPRESENTATION_CONTEXT('2D SPACE',''
  ) );
#4755 = ADVANCED_FACE('',(#4756),#4381,.F.);
#4756 = FACE_BOUND('',#4757,.F.);
#4757 = EDGE_LOOP('',(#4758,#4782,#4783,#4875));
#4758 = ORIENTED_EDGE('',*,*,#4759,.F.);
#4759 = EDGE_CURVE('',#4342,#4760,#4762,.T.);
#4760 = VERTEX_POINT('',#4761);
#4761 = CARTESIAN_POINT('',(-12.69,0.,20.1));
#4762 = SURFACE_CURVE('',#4763,(#4768,#4775),.PCURVE_S1.);
#4763 = CIRCLE('',#4764,1.2);
#4764 = AXIS2_PLACEMENT_3D('',#4765,#4766,#4767);
#4765 = CARTESIAN_POINT('',(-11.49,0.,20.1));
#4766 = DIRECTION('',(0.,-1.,0.));
#4767 = DIRECTION('',(1.,0.,0.));
#4768 = PCURVE('',#4381,#4769);
#4769 = DEFINITIONAL_REPRESENTATION('',(#4770),#4774);
#4770 = LINE('',#4771,#4772);
#4771 = CARTESIAN_POINT('',(0.,-1.));
#4772 = VECTOR('',#4773,1.);
#4773 = DIRECTION('',(1.,0.));
#4774 = ( GEOMETRIC_REPRESENTATION_CONTEXT(2) 
PARAMETRIC_REPRESENTATION_CONTEXT() REPRESENTATION_CONTEXT('2D SPACE',''
  ) );
#4775 = PCURVE('',#44,#4776);
#4776 = DEFINITIONAL_REPRESENTATION('',(#4777),#4781);
#4777 = CIRCLE('',#4778,1.2);
#4778 = AXIS2_PLACEMENT_2D('',#4779,#4780);
#4779 = CARTESIAN_POINT('',(-11.49,20.1));
#4780 = DIRECTION('',(1.,0.));
#4781 = ( GEOMETRIC_REPRESENTATION_CONTEXT(2) 
PARAMETRIC_REPRESENTATION_CONTEXT() REPRESENTATION_CONTEXT('2D SPACE',''
  ) );
#4782 = ORIENTED_EDGE('',*,*,#4365,.T.);
#4783 = ORIENTED_EDGE('',*,*,#4784,.T.);
#4784 = EDGE_CURVE('',#4366,#4785,#4787,.T.);
#4785 = VERTEX_POINT('',#4786);
#4786 = CARTESIAN_POINT('',(-12.69,8.10330693749,20.1));
#4787 = SURFACE_CURVE('',#4788,(#4815,#4845),.PCURVE_S1.);
#4788 = B_SPLINE_CURVE_WITH_KNOTS('',7,(#4789,#4790,#4791,#4792,#4793,
    #4794,#4795,#4796,#4797,#4798,#4799,#4800,#4801,#4802,#4803,#4804,
    #4805,#4806,#4807,#4808,#4809,#4810,#4811,#4812,#4813,#4814),
  .UNSPECIFIED.,.F.,.F.,(8,6,6,6,8),(0.,0.41531332923,0.653973757081,
    0.804614391579,1.),.UNSPECIFIED.);
#4789 = CARTESIAN_POINT('',(-11.49,7.596918011038,21.3));
#4790 = CARTESIAN_POINT('',(-11.5931710425,7.596918011038,21.3));
#4791 = CARTESIAN_POINT('',(-11.69639452309,7.601853572847,
    21.289651315958));
#4792 = CARTESIAN_POINT('',(-11.79796495328,7.611733521414,
    21.268935737158));
#4793 = CARTESIAN_POINT('',(-11.89641671123,7.626291585107,
    21.238295649155));
#4794 = CARTESIAN_POINT('',(-11.99050885254,7.645097997922,
    21.198405109556));
#4795 = CARTESIAN_POINT('',(-12.07920795334,7.667608878858,
    21.150114550502));
#4796 = CARTESIAN_POINT('',(-12.20908350678,7.707928623992,
    21.062387814069));
#4797 = CARTESIAN_POINT('',(-12.25445351447,7.723673363033,
    21.027903619267));
#4798 = CARTESIAN_POINT('',(-12.2976597996,7.740342182876,
    20.991114996269));
#4799 = CARTESIAN_POINT('',(-12.33858855589,7.75782700271,
    20.952188185759));
#4800 = CARTESIAN_POINT('',(-12.37714531795,7.77602039224,
    20.911287713331));
#4801 = CARTESIAN_POINT('',(-12.41325101267,7.794817886015,
    20.868573306429));
#4802 = CARTESIAN_POINT('',(-12.46803786651,7.826303832234,
    20.796186707344));
#4803 = CARTESIAN_POINT('',(-12.48932314744,7.839314163956,
    20.766076154395));
#4804 = CARTESIAN_POINT('',(-12.51048933335,7.853163163494,
    20.733781001492));
#4805 = CARTESIAN_POINT('',(-12.53154901332,7.867987243519,
    20.698922944781));
#4806 = CARTESIAN_POINT('',(-12.55258887785,7.88406239019,
    20.660759898852));
#4807 = CARTESIAN_POINT('',(-12.57367876201,7.901820216148,
    20.618129530869));
#4808 = CARTESIAN_POINT('',(-12.6213626793,7.947824097059,
    20.505905115126));
#4809 = CARTESIAN_POINT('',(-12.64400782964,7.974030233364,
    20.440824615272));
#4810 = CARTESIAN_POINT('',(-12.66228297603,8.000271910006,
    20.374301287366));
#4811 = CARTESIAN_POINT('',(-12.67608721922,8.026456991101,
    20.306649453197));
#4812 = CARTESIAN_POINT('',(-12.68534850897,8.052426072369,
    20.23816378931));
#4813 = CARTESIAN_POINT('',(-12.69,8.078079878195,20.169170565256));
#4814 = CARTESIAN_POINT('',(-12.69,8.10330693749,20.1));
#4815 = PCURVE('',#4381,#4816);
#4816 = DEFINITIONAL_REPRESENTATION('',(#4817),#4844);
#4817 = B_SPLINE_CURVE_WITH_KNOTS('',7,(#4818,#4819,#4820,#4821,#4822,
    #4823,#4824,#4825,#4826,#4827,#4828,#4829,#4830,#4831,#4832,#4833,
    #4834,#4835,#4836,#4837,#4838,#4839,#4840,#4841,#4842,#4843),
  .UNSPECIFIED.,.F.,.F.,(8,6,6,6,8),(0.,0.41531332923,0.653973757081,
    0.804614391579,1.),.UNSPECIFIED.);
#4818 = CARTESIAN_POINT('',(1.570796326795,-8.596918011038));
#4819 = CARTESIAN_POINT('',(1.656772195552,-8.596918011038));
#4820 = CARTESIAN_POINT('',(1.742791679073,-8.601853572847));
#4821 = CARTESIAN_POINT('',(1.828472202125,-8.611733521414));
#4822 = CARTESIAN_POINT('',(1.913632615023,-8.626291585107));
#4823 = CARTESIAN_POINT('',(1.99814700265,-8.645097997922));
#4824 = CARTESIAN_POINT('',(2.081924026931,-8.667608878858));
#4825 = CARTESIAN_POINT('',(2.21253062363,-8.707928623992));
#4826 = CARTESIAN_POINT('',(2.259946229963,-8.723673363033));
#4827 = CARTESIAN_POINT('',(2.307119760806,-8.740342182876));
#4828 = CARTESIAN_POINT('',(2.354063074538,-8.75782700271));
#4829 = CARTESIAN_POINT('',(2.400793700144,-8.77602039224));
#4830 = CARTESIAN_POINT('',(2.44733438821,-8.794817886015));
#4831 = CARTESIAN_POINT('',(2.522986273151,-8.826303832234));
#4832 = CARTESIAN_POINT('',(2.553698341595,-8.839314163956));
#4833 = CARTESIAN_POINT('',(2.585844270474,-8.853163163494));
#4834 = CARTESIAN_POINT('',(2.619736143649,-8.867987243519));
#4835 = CARTESIAN_POINT('',(2.656002853975,-8.88406239019));
#4836 = CARTESIAN_POINT('',(2.695572154216,-8.901820216148));
#4837 = CARTESIAN_POINT('',(2.797184419227,-8.947824097059));
#4838 = CARTESIAN_POINT('',(2.854478952383,-8.974030233364));
#4839 = CARTESIAN_POINT('',(2.911764431759,-9.000271910006));
#4840 = CARTESIAN_POINT('',(2.969071811115,-9.026456991101));
#4841 = CARTESIAN_POINT('',(3.026456200925,-9.052426072369));
#4842 = CARTESIAN_POINT('',(3.083950515876,-9.078079878195));
#4843 = CARTESIAN_POINT('',(3.14159265359,-9.10330693749));
#4844 = ( GEOMETRIC_REPRESENTATION_CONTEXT(2) 
PARAMETRIC_REPRESENTATION_CONTEXT() REPRESENTATION_CONTEXT('2D SPACE',''
  ) );
#4845 = PCURVE('',#518,#4846);
#4846 = DEFINITIONAL_REPRESENTATION('',(#4847),#4874);
#4847 = B_SPLINE_CURVE_WITH_KNOTS('',7,(#4848,#4849,#4850,#4851,#4852,
    #4853,#4854,#4855,#4856,#4857,#4858,#4859,#4860,#4861,#4862,#4863,
    #4864,#4865,#4866,#4867,#4868,#4869,#4870,#4871,#4872,#4873),
  .UNSPECIFIED.,.F.,.F.,(8,6,6,6,8),(0.,0.41531332923,0.653973757081,
    0.804614391579,1.),.UNSPECIFIED.);
#4848 = CARTESIAN_POINT('',(47.131738371724,-11.49));
#4849 = CARTESIAN_POINT('',(47.131738371724,-11.5931710425));
#4850 = CARTESIAN_POINT('',(47.120278572027,-11.69639452309));
#4851 = CARTESIAN_POINT('',(47.097338750937,-11.79796495328));
#4852 = CARTESIAN_POINT('',(47.063431895875,-11.89641671123));
#4853 = CARTESIAN_POINT('',(47.01934977656,-11.99050885254));
#4854 = CARTESIAN_POINT('',(46.966090303289,-12.07920795334));
#4855 = CARTESIAN_POINT('',(46.869569538223,-12.20908350678));
#4856 = CARTESIAN_POINT('',(46.83167082016,-12.25445351447));
#4857 = CARTESIAN_POINT('',(46.79129111115,-12.2976597996));
#4858 = CARTESIAN_POINT('',(46.748625678411,-12.33858855589));
#4859 = CARTESIAN_POINT('',(46.703867752691,-12.37714531795));
#4860 = CARTESIAN_POINT('',(46.65720477514,-12.41325101267));
#4861 = CARTESIAN_POINT('',(46.578271164068,-12.46803786651));
#4862 = CARTESIAN_POINT('',(46.545471217854,-12.48932314744));
#4863 = CARTESIAN_POINT('',(46.510332546087,-12.51048933335));
#4864 = CARTESIAN_POINT('',(46.472453406484,-12.53154901332));
#4865 = CARTESIAN_POINT('',(46.431042391224,-12.55258887785));
#4866 = CARTESIAN_POINT('',(46.384860366383,-12.57367876201));
#4867 = CARTESIAN_POINT('',(46.263568976782,-12.6213626793));
#4868 = CARTESIAN_POINT('',(46.193409871387,-12.64400782964));
#4869 = CARTESIAN_POINT('',(46.121901781374,-12.66228297603));
#4870 = CARTESIAN_POINT('',(46.049366219527,-12.67608721922));
#4871 = CARTESIAN_POINT('',(45.976134223927,-12.68534850897));
#4872 = CARTESIAN_POINT('',(45.902541672524,-12.69));
#4873 = CARTESIAN_POINT('',(45.828933782794,-12.69));
#4874 = ( GEOMETRIC_REPRESENTATION_CONTEXT(2) 
PARAMETRIC_REPRESENTATION_CONTEXT() REPRESENTATION_CONTEXT('2D SPACE',''
  ) );
#4875 = ORIENTED_EDGE('',*,*,#4876,.F.);
#4876 = EDGE_CURVE('',#4760,#4785,#4877,.T.);
#4877 = SURFACE_CURVE('',#4878,(#4882,#4889),.PCURVE_S1.);
#4878 = LINE('',#4879,#4880);
#4879 = CARTESIAN_POINT('',(-12.69,-1.,20.1));
#4880 = VECTOR('',#4881,1.);
#4881 = DIRECTION('',(-0.,1.,-0.));
#4882 = PCURVE('',#4381,#4883);
#4883 = DEFINITIONAL_REPRESENTATION('',(#4884),#4888);
#4884 = LINE('',#4885,#4886);
#4885 = CARTESIAN_POINT('',(3.14159265359,0.));
#4886 = VECTOR('',#4887,1.);
#4887 = DIRECTION('',(0.,-1.));
#4888 = ( GEOMETRIC_REPRESENTATION_CONTEXT(2) 
PARAMETRIC_REPRESENTATION_CONTEXT() REPRESENTATION_CONTEXT('2D SPACE',''
  ) );
#4889 = PCURVE('',#4890,#4895);
#4890 = PLANE('',#4891);
#4891 = AXIS2_PLACEMENT_3D('',#4892,#4893,#4894);
#4892 = CARTESIAN_POINT('',(-12.69,-1.,-20.1));
#4893 = DIRECTION('',(1.,0.,-0.));
#4894 = DIRECTION('',(0.,0.,1.));
#4895 = DEFINITIONAL_REPRESENTATION('',(#4896),#4900);
#4896 = LINE('',#4897,#4898);
#4897 = CARTESIAN_POINT('',(40.2,0.));
#4898 = VECTOR('',#4899,1.);
#4899 = DIRECTION('',(0.,-1.));
#4900 = ( GEOMETRIC_REPRESENTATION_CONTEXT(2) 
PARAMETRIC_REPRESENTATION_CONTEXT() REPRESENTATION_CONTEXT('2D SPACE',''
  ) );
#4901 = ADVANCED_FACE('',(#4902),#4890,.T.);
#4902 = FACE_BOUND('',#4903,.T.);
#4903 = EDGE_LOOP('',(#4904,#4926,#4954,#5644));
#4904 = ORIENTED_EDGE('',*,*,#4905,.F.);
#4905 = EDGE_CURVE('',#4906,#4760,#4908,.T.);
#4906 = VERTEX_POINT('',#4907);
#4907 = CARTESIAN_POINT('',(-12.69,0.,-20.1));
#4908 = SURFACE_CURVE('',#4909,(#4913,#4919),.PCURVE_S1.);
#4909 = LINE('',#4910,#4911);
#4910 = CARTESIAN_POINT('',(-12.69,0.,-10.05));
#4911 = VECTOR('',#4912,1.);
#4912 = DIRECTION('',(0.,0.,1.));
#4913 = PCURVE('',#4890,#4914);
#4914 = DEFINITIONAL_REPRESENTATION('',(#4915),#4918);
#4915 = B_SPLINE_CURVE_WITH_KNOTS('',1,(#4916,#4917),.UNSPECIFIED.,.F.,
  .F.,(2,2),(-10.05,30.15),.PIECEWISE_BEZIER_KNOTS.);
#4916 = CARTESIAN_POINT('',(0.,-1.));
#4917 = CARTESIAN_POINT('',(40.2,-1.));
#4918 = ( GEOMETRIC_REPRESENTATION_CONTEXT(2) 
PARAMETRIC_REPRESENTATION_CONTEXT() REPRESENTATION_CONTEXT('2D SPACE',''
  ) );
#4919 = PCURVE('',#44,#4920);
#4920 = DEFINITIONAL_REPRESENTATION('',(#4921),#4925);
#4921 = LINE('',#4922,#4923);
#4922 = CARTESIAN_POINT('',(-12.69,-10.05));
#4923 = VECTOR('',#4924,1.);
#4924 = DIRECTION('',(0.,1.));
#4925 = ( GEOMETRIC_REPRESENTATION_CONTEXT(2) 
PARAMETRIC_REPRESENTATION_CONTEXT() REPRESENTATION_CONTEXT('2D SPACE',''
  ) );
#4926 = ORIENTED_EDGE('',*,*,#4927,.T.);
#4927 = EDGE_CURVE('',#4906,#4928,#4930,.T.);
#4928 = VERTEX_POINT('',#4929);
#4929 = CARTESIAN_POINT('',(-12.69,8.10330693749,-20.1));
#4930 = SURFACE_CURVE('',#4931,(#4935,#4942),.PCURVE_S1.);
#4931 = LINE('',#4932,#4933);
#4932 = CARTESIAN_POINT('',(-12.69,-1.,-20.1));
#4933 = VECTOR('',#4934,1.);
#4934 = DIRECTION('',(-0.,1.,-0.));
#4935 = PCURVE('',#4890,#4936);
#4936 = DEFINITIONAL_REPRESENTATION('',(#4937),#4941);
#4937 = LINE('',#4938,#4939);
#4938 = CARTESIAN_POINT('',(0.,0.));
#4939 = VECTOR('',#4940,1.);
#4940 = DIRECTION('',(0.,-1.));
#4941 = ( GEOMETRIC_REPRESENTATION_CONTEXT(2) 
PARAMETRIC_REPRESENTATION_CONTEXT() REPRESENTATION_CONTEXT('2D SPACE',''
  ) );
#4942 = PCURVE('',#4943,#4948);
#4943 = CYLINDRICAL_SURFACE('',#4944,1.2);
#4944 = AXIS2_PLACEMENT_3D('',#4945,#4946,#4947);
#4945 = CARTESIAN_POINT('',(-11.49,-1.,-20.1));
#4946 = DIRECTION('',(0.,-1.,0.));
#4947 = DIRECTION('',(1.,0.,0.));
#4948 = DEFINITIONAL_REPRESENTATION('',(#4949),#4953);
#4949 = LINE('',#4950,#4951);
#4950 = CARTESIAN_POINT('',(3.14159265359,0.));
#4951 = VECTOR('',#4952,1.);
#4952 = DIRECTION('',(0.,-1.));
#4953 = ( GEOMETRIC_REPRESENTATION_CONTEXT(2) 
PARAMETRIC_REPRESENTATION_CONTEXT() REPRESENTATION_CONTEXT('2D SPACE',''
  ) );
#4954 = ORIENTED_EDGE('',*,*,#4955,.F.);
#4955 = EDGE_CURVE('',#4785,#4928,#4956,.T.);
#4956 = SURFACE_CURVE('',#4957,(#5184,#5414),.PCURVE_S1.);
#4957 = B_SPLINE_CURVE_WITH_KNOTS('',8,(#4958,#4959,#4960,#4961,#4962,
    #4963,#4964,#4965,#4966,#4967,#4968,#4969,#4970,#4971,#4972,#4973,
    #4974,#4975,#4976,#4977,#4978,#4979,#4980,#4981,#4982,#4983,#4984,
    #4985,#4986,#4987,#4988,#4989,#4990,#4991,#4992,#4993,#4994,#4995,
    #4996,#4997,#4998,#4999,#5000,#5001,#5002,#5003,#5004,#5005,#5006,
    #5007,#5008,#5009,#5010,#5011,#5012,#5013,#5014,#5015,#5016,#5017,
    #5018,#5019,#5020,#5021,#5022,#5023,#5024,#5025,#5026,#5027,#5028,
    #5029,#5030,#5031,#5032,#5033,#5034,#5035,#5036,#5037,#5038,#5039,
    #5040,#5041,#5042,#5043,#5044,#5045,#5046,#5047,#5048,#5049,#5050,
    #5051,#5052,#5053,#5054,#5055,#5056,#5057,#5058,#5059,#5060,#5061,
    #5062,#5063,#5064,#5065,#5066,#5067,#5068,#5069,#5070,#5071,#5072,
    #5073,#5074,#5075,#5076,#5077,#5078,#5079,#5080,#5081,#5082,#5083,
    #5084,#5085,#5086,#5087,#5088,#5089,#5090,#5091,#5092,#5093,#5094,
    #5095,#5096,#5097,#5098,#5099,#5100,#5101,#5102,#5103,#5104,#5105,
    #5106,#5107,#5108,#5109,#5110,#5111,#5112,#5113,#5114,#5115,#5116,
    #5117,#5118,#5119,#5120,#5121,#5122,#5123,#5124,#5125,#5126,#5127,
    #5128,#5129,#5130,#5131,#5132,#5133,#5134,#5135,#5136,#5137,#5138,
    #5139,#5140,#5141,#5142,#5143,#5144,#5145,#5146,#5147,#5148,#5149,
    #5150,#5151,#5152,#5153,#5154,#5155,#5156,#5157,#5158,#5159,#5160,
    #5161,#5162,#5163,#5164,#5165,#5166,#5167,#5168,#5169,#5170,#5171,
    #5172,#5173,#5174,#5175,#5176,#5177,#5178,#5179,#5180,#5181,#5182,
    #5183),.UNSPECIFIED.,.F.,.F.,(9,7,7,7,7,7,7,7,7,7,7,7,7,7,7,7,7,7,7,
    7,7,7,7,7,7,7,7,7,7,7,7,7,9),(0.,1.711415394445E-02,
    3.099290214083E-02,7.389462373562E-02,9.913634204601E-02,
    0.124368832413,0.150864025686,0.163483445214,0.177364760976,
    0.203862168313,0.215217478074,0.301015182081,0.369152442154,
    0.418364390777,0.451172800585,0.499123781194,0.564740857776,
    0.611429418659,0.642975191806,0.73760837536,0.767889630407,
    0.783030132149,0.79060038303,0.799432342674,0.815835272107,
    0.832241320815,0.873886108671,0.899121829546,0.924366779547,
    0.960964804124,0.9697975128,0.983677440694,1.),.UNSPECIFIED.);
#4958 = CARTESIAN_POINT('',(-12.69,8.10330693749,20.1));
#4959 = CARTESIAN_POINT('',(-12.69,8.133047838389,20.018452844531));
#4960 = CARTESIAN_POINT('',(-12.69,8.162200336586,19.93668750054));
#4961 = CARTESIAN_POINT('',(-12.69,8.190783091724,19.8547163947));
#4962 = CARTESIAN_POINT('',(-12.69,8.218814827329,19.772551662703));
#4963 = CARTESIAN_POINT('',(-12.69,8.246314330813,19.690205149267));
#4964 = CARTESIAN_POINT('',(-12.69,8.273300453474,19.607688408131));
#4965 = CARTESIAN_POINT('',(-12.69,8.299792110497,19.525012702059));
#4966 = CARTESIAN_POINT('',(-12.69,8.346906132471,19.375023002696));
#4967 = CARTESIAN_POINT('',(-12.69,8.36769195435,19.307760679485));
#4968 = CARTESIAN_POINT('',(-12.69,8.388171077323,19.240406443109));
#4969 = CARTESIAN_POINT('',(-12.69,8.408361404519,19.172972753276));
#4970 = CARTESIAN_POINT('',(-12.69,8.428270099964,19.105463634316));
#4971 = CARTESIAN_POINT('',(-12.69,8.447898997124,19.037878344373));
#4972 = CARTESIAN_POINT('',(-12.69,8.467255628585,18.970219147121));
#4973 = CARTESIAN_POINT('',(-12.69,8.545360974647,18.693115228017));
#4974 = CARTESIAN_POINT('',(-12.69,8.601837929979,18.483043009339));
#4975 = CARTESIAN_POINT('',(-12.69,8.655956299128,18.272342504044));
#4976 = CARTESIAN_POINT('',(-12.69,8.707896557366,18.061082278493));
#4977 = CARTESIAN_POINT('',(-12.69,8.757840615666,17.849327338818));
#4978 = CARTESIAN_POINT('',(-12.69,8.805971436304,17.637139030269));
#4979 = CARTESIAN_POINT('',(-12.69,8.852472648462,17.424574936569));
#4980 = CARTESIAN_POINT('',(-12.69,8.924037091314,17.086434775123));
#4981 = CARTESIAN_POINT('',(-12.69,8.950051316675,16.961070699585));
#4982 = CARTESIAN_POINT('',(-12.69,8.975515630883,16.835590923297));
#4983 = CARTESIAN_POINT('',(-12.69,9.000372806727,16.709990054212));
#4984 = CARTESIAN_POINT('',(-12.69,9.024565352089,16.584263293818));
#4985 = CARTESIAN_POINT('',(-12.69,9.04803623483,16.45840658313));
#4986 = CARTESIAN_POINT('',(-12.69,9.070728579296,16.33241653844));
#4987 = CARTESIAN_POINT('',(-12.69,9.114432099488,16.080209924879));
#4988 = CARTESIAN_POINT('',(-12.69,9.135443923206,15.953993729625));
#4989 = CARTESIAN_POINT('',(-12.69,9.155562422716,15.827638733428));
#4990 = CARTESIAN_POINT('',(-12.69,9.174729833618,15.701143005295));
#4991 = CARTESIAN_POINT('',(-12.69,9.192888167083,15.574505556719));
#4992 = CARTESIAN_POINT('',(-12.69,9.209979366942,15.447726357522));
#4993 = CARTESIAN_POINT('',(-12.69,9.225945466774,15.320806351697));
#4994 = CARTESIAN_POINT('',(-12.69,9.256251823043,15.060330220616));
#4995 = CARTESIAN_POINT('',(-12.69,9.270475384172,14.926760776973));
#4996 = CARTESIAN_POINT('',(-12.69,9.283475157493,14.793058168455));
#4997 = CARTESIAN_POINT('',(-12.69,9.295326983859,14.659240129087));
#4998 = CARTESIAN_POINT('',(-12.69,9.306106817864,14.525323100777));
#4999 = CARTESIAN_POINT('',(-12.69,9.315890727846,14.391322233317));
#5000 = CARTESIAN_POINT('',(-12.69,9.324754895886,14.257251384383));
#5001 = CARTESIAN_POINT('',(-12.69,9.336595814694,14.059239047165));
#5002 = CARTESIAN_POINT('',(-12.69,9.34022474147,13.995340459434));
#5003 = CARTESIAN_POINT('',(-12.69,9.343670592117,13.931428967761));
#5004 = CARTESIAN_POINT('',(-12.69,9.346941560616,13.867506183561));
#5005 = CARTESIAN_POINT('',(-12.69,9.350045840949,13.803573718249));
#5006 = CARTESIAN_POINT('',(-12.69,9.352991627098,13.739633183241));
#5007 = CARTESIAN_POINT('',(-12.69,9.355787113042,13.675686189951));
#5008 = CARTESIAN_POINT('',(-12.69,9.361359200848,13.541387557308));
#5009 = CARTESIAN_POINT('',(-12.69,9.364106095766,13.471034336916));
#5010 = CARTESIAN_POINT('',(-12.69,9.36669191398,13.400677594635));
#5011 = CARTESIAN_POINT('',(-12.69,9.369126195317,13.330319256907));
#5012 = CARTESIAN_POINT('',(-12.69,9.371423977634,13.259962579255));
#5013 = CARTESIAN_POINT('',(-12.69,9.373595196018,13.189608800429));
#5014 = CARTESIAN_POINT('',(-12.69,9.375639255818,13.119255359569));
#5015 = CARTESIAN_POINT('',(-12.69,9.381247506161,12.914610297123));
#5016 = CARTESIAN_POINT('',(-12.69,9.384502250235,12.780313772388));
#5017 = CARTESIAN_POINT('',(-12.69,9.387380416778,12.646014309365));
#5018 = CARTESIAN_POINT('',(-12.69,9.389930969814,12.51171268449));
#5019 = CARTESIAN_POINT('',(-12.69,9.392202901625,12.37740946095));
#5020 = CARTESIAN_POINT('',(-12.69,9.394245232738,12.243104988679));
#5021 = CARTESIAN_POINT('',(-12.69,9.396107011939,12.108799404365));
#5022 = CARTESIAN_POINT('',(-12.69,9.39857882811,11.916936245261));
#5023 = CARTESIAN_POINT('',(-12.69,9.399295175844,11.859379761884));
#5024 = CARTESIAN_POINT('',(-12.69,9.399993127836,11.801823111683));
#5025 = CARTESIAN_POINT('',(-12.69,9.400675899036,11.744266250288));
#5026 = CARTESIAN_POINT('',(-12.69,9.401344304364,11.686709156014));
#5027 = CARTESIAN_POINT('',(-12.69,9.401997912109,11.629151827296));
#5028 = CARTESIAN_POINT('',(-12.69,9.402636197325,11.571594280117));
#5029 = CARTESIAN_POINT('',(-12.69,9.407970679764,11.079145592454));
#5030 = CARTESIAN_POINT('',(-12.69,9.411836142808,10.64424401925));
#5031 = CARTESIAN_POINT('',(-12.69,9.414920781148,10.20933337603));
#5032 = CARTESIAN_POINT('',(-12.69,9.41728929198,9.774415009525));
#5033 = CARTESIAN_POINT('',(-12.69,9.4190063729,9.339490062995));
#5034 = CARTESIAN_POINT('',(-12.69,9.420136721913,8.904559476229));
#5035 = CARTESIAN_POINT('',(-12.69,9.420745037428,8.469623985541));
#5036 = CARTESIAN_POINT('',(-12.69,9.42101592147,7.689271495075));
#5037 = CARTESIAN_POINT('',(-12.69,9.420847384608,7.343856152561));
#5038 = CARTESIAN_POINT('',(-12.69,9.420422810223,6.998438375226));
#5039 = CARTESIAN_POINT('',(-12.69,9.419774598543,6.653018404384));
#5040 = CARTESIAN_POINT('',(-12.69,9.418935147472,6.307596443665));
#5041 = CARTESIAN_POINT('',(-12.69,9.417936852592,5.96217265902));
#5042 = CARTESIAN_POINT('',(-12.69,9.416812107163,5.616747178714));
#5043 = CARTESIAN_POINT('',(-12.69,9.414713023532,5.021836331282));
#5044 = CARTESIAN_POINT('',(-12.69,9.413783679747,4.77235174203));
#5045 = CARTESIAN_POINT('',(-12.69,9.412817474137,4.522866363621));
#5046 = CARTESIAN_POINT('',(-12.69,9.411826609724,4.273380232754));
#5047 = CARTESIAN_POINT('',(-12.69,9.41082328919,4.023893384783));
#5048 = CARTESIAN_POINT('',(-12.69,9.409819714866,3.774405853715));
#5049 = CARTESIAN_POINT('',(-12.69,9.408828088742,3.524917672213));
#5050 = CARTESIAN_POINT('',(-12.69,9.407215619539,3.109100753273));
#5051 = CARTESIAN_POINT('',(-12.69,9.406581360229,2.942772361476));
#5052 = CARTESIAN_POINT('',(-12.69,9.405961450012,2.776443706188));
#5053 = CARTESIAN_POINT('',(-12.69,9.405359504362,2.610114798379));
#5054 = CARTESIAN_POINT('',(-12.69,9.404779138741,2.443785650009));
#5055 = CARTESIAN_POINT('',(-12.69,9.404223968601,2.277456274024));
#5056 = CARTESIAN_POINT('',(-12.69,9.403697609382,2.111126684359));
#5057 = CARTESIAN_POINT('',(-12.69,9.402481771202,1.701698357905));
#5058 = CARTESIAN_POINT('',(-12.69,9.401829132338,1.45859939856));
#5059 = CARTESIAN_POINT('',(-12.69,9.401257047428,1.215500062564));
#5060 = CARTESIAN_POINT('',(-12.69,9.400776804051,0.972400404637));
#5061 = CARTESIAN_POINT('',(-12.69,9.400399689859,0.729300489555));
#5062 = CARTESIAN_POINT('',(-12.69,9.400136992576,0.486200392153));
#5063 = CARTESIAN_POINT('',(-12.69,9.4,0.243100197319));
#5064 = CARTESIAN_POINT('',(-12.69,9.4,-0.3326631502));
#5065 = CARTESIAN_POINT('',(-12.69,9.400256528552,-0.6653262885));
#5066 = CARTESIAN_POINT('',(-12.69,9.400740660948,-0.997989179603));
#5067 = CARTESIAN_POINT('',(-12.69,9.401423472689,-1.33065161921));
#5068 = CARTESIAN_POINT('',(-12.69,9.402276039489,-1.663313434018));
#5069 = CARTESIAN_POINT('',(-12.69,9.403269437272,-1.995974481719));
#5070 = CARTESIAN_POINT('',(-12.69,9.404374742174,-2.328634651003));
#5071 = CARTESIAN_POINT('',(-12.69,9.406408534129,-2.897991084505));
#5072 = CARTESIAN_POINT('',(-12.69,9.407296050103,-3.134687814078));
#5073 = CARTESIAN_POINT('',(-12.69,9.408215159284,-3.371384018149));
#5074 = CARTESIAN_POINT('',(-12.69,9.409155442319,-3.608079665633));
#5075 = CARTESIAN_POINT('',(-12.69,9.410106479675,-3.844774726491));
#5076 = CARTESIAN_POINT('',(-12.69,9.411057851642,-4.081469171727));
#5077 = CARTESIAN_POINT('',(-12.69,9.411999138334,-4.318162973391));
#5078 = CARTESIAN_POINT('',(-12.69,9.413542058363,-4.71478109864));
#5079 = CARTESIAN_POINT('',(-12.69,9.414154835866,-4.874705785257));
#5080 = CARTESIAN_POINT('',(-12.69,9.414755038041,-5.034630155575));
#5081 = CARTESIAN_POINT('',(-12.69,9.415339450654,-5.194554199933));
#5082 = CARTESIAN_POINT('',(-12.69,9.415904859386,-5.354477907867));
#5083 = CARTESIAN_POINT('',(-12.69,9.416448049834,-5.514401268109));
#5084 = CARTESIAN_POINT('',(-12.69,9.41696580751,-5.674324268582));
#5085 = CARTESIAN_POINT('',(-12.69,9.418922184718,-6.313993812823));
#5086 = CARTESIAN_POINT('',(-12.69,9.420131648877,-6.793737298787));
#5087 = CARTESIAN_POINT('',(-12.69,9.420996526559,-7.273477102036));
#5088 = CARTESIAN_POINT('',(-12.69,9.421430026206,-7.753212773361));
#5089 = CARTESIAN_POINT('',(-12.69,9.421345348472,-8.232943666608));
#5090 = CARTESIAN_POINT('',(-12.69,9.420655686217,-8.712668938678));
#5091 = CARTESIAN_POINT('',(-12.69,9.41927422451,-9.192387549529));
#5092 = CARTESIAN_POINT('',(-12.69,9.416422944914,-9.825598777452));
#5093 = CARTESIAN_POINT('',(-12.69,9.415652025735,-9.979098476176));
#5094 = CARTESIAN_POINT('',(-12.69,9.414798538592,-10.13259731466));
#5095 = CARTESIAN_POINT('',(-12.69,9.413859639029,-10.28609524579));
#5096 = CARTESIAN_POINT('',(-12.69,9.412832482633,-10.43959221901));
#5097 = CARTESIAN_POINT('',(-12.69,9.411714225034,-10.59308818034));
#5098 = CARTESIAN_POINT('',(-12.69,9.410502021904,-10.74658307236));
#5099 = CARTESIAN_POINT('',(-12.69,9.408538537923,-10.97682307758));
#5100 = CARTESIAN_POINT('',(-12.69,9.407859850494,-11.05356896211));
#5101 = CARTESIAN_POINT('',(-12.69,9.407156611198,-11.13031448446));
#5102 = CARTESIAN_POINT('',(-12.69,9.406428464566,-11.20705964124));
#5103 = CARTESIAN_POINT('',(-12.69,9.405675055124,-11.28380442911));
#5104 = CARTESIAN_POINT('',(-12.69,9.404896027402,-11.36054884467));
#5105 = CARTESIAN_POINT('',(-12.69,9.404091025928,-11.43729288457));
#5106 = CARTESIAN_POINT('',(-12.69,9.40284402988,-11.55240837591));
#5107 = CARTESIAN_POINT('',(-12.69,9.402421748787,-11.59078011164));
#5108 = CARTESIAN_POINT('',(-12.69,9.401992854995,-11.62915175212));
#5109 = CARTESIAN_POINT('',(-12.69,9.401557326658,-11.66752329694));
#5110 = CARTESIAN_POINT('',(-12.69,9.401115117043,-11.70589474569));
#5111 = CARTESIAN_POINT('',(-12.69,9.400666154524,-11.74426609803));
#5112 = CARTESIAN_POINT('',(-12.69,9.400210342588,-11.78263735367));
#5113 = CARTESIAN_POINT('',(-12.69,9.399207646598,-11.86577486557));
#5114 = CARTESIAN_POINT('',(-12.69,9.398657796589,-11.91054109563));
#5115 = CARTESIAN_POINT('',(-12.69,9.398096192932,-11.95530722813));
#5116 = CARTESIAN_POINT('',(-12.69,9.397521018756,-12.00007328868));
#5117 = CARTESIAN_POINT('',(-12.69,9.396930457188,-12.04483930291));
#5118 = CARTESIAN_POINT('',(-12.69,9.396322691355,-12.08960529641));
#5119 = CARTESIAN_POINT('',(-12.69,9.395695904385,-12.1343712948));
#5120 = CARTESIAN_POINT('',(-12.69,9.393845494604,-12.26227787715));
#5121 = CARTESIAN_POINT('',(-12.69,9.392570843116,-12.34541795595));
#5122 = CARTESIAN_POINT('',(-12.69,9.391212688296,-12.42855753284));
#5123 = CARTESIAN_POINT('',(-12.69,9.389759397551,-12.51169654926));
#5124 = CARTESIAN_POINT('',(-12.69,9.38819934234,-12.5948349153));
#5125 = CARTESIAN_POINT('',(-12.69,9.386520898173,-12.67797250972));
#5126 = CARTESIAN_POINT('',(-12.69,9.384712444613,-12.76110917997));
#5127 = CARTESIAN_POINT('',(-12.69,9.380811915099,-12.92739611386));
#5128 = CARTESIAN_POINT('',(-12.69,9.378720080517,-13.01054640519));
#5129 = CARTESIAN_POINT('',(-12.69,9.376472762109,-13.09369475035));
#5130 = CARTESIAN_POINT('',(-12.69,9.374068171836,-13.17684382439));
#5131 = CARTESIAN_POINT('',(-12.69,9.371471028482,-13.25998628521));
#5132 = CARTESIAN_POINT('',(-12.69,9.36870665166,-13.3431328974));
#5133 = CARTESIAN_POINT('',(-12.69,9.365729706337,-13.42627300457));
#5134 = CARTESIAN_POINT('',(-12.69,9.354409387772,-13.72043161596));
#5135 = CARTESIAN_POINT('',(-12.69,9.34484878869,-13.93141094873));
#5136 = CARTESIAN_POINT('',(-12.69,9.333554202139,-14.14230733544));
#5137 = CARTESIAN_POINT('',(-12.69,9.320230210565,-14.35307637659));
#5138 = CARTESIAN_POINT('',(-12.69,9.304580964376,-14.56366668318));
#5139 = CARTESIAN_POINT('',(-12.69,9.286310754578,-14.77401992478));
#5140 = CARTESIAN_POINT('',(-12.69,9.265124585414,-14.98407087773));
#5141 = CARTESIAN_POINT('',(-12.69,9.225945466775,-15.32080635169));
#5142 = CARTESIAN_POINT('',(-12.69,9.209979366942,-15.44772635752));
#5143 = CARTESIAN_POINT('',(-12.69,9.192888167083,-15.57450555671));
#5144 = CARTESIAN_POINT('',(-12.69,9.174729833618,-15.70114300529));
#5145 = CARTESIAN_POINT('',(-12.69,9.155562422716,-15.82763873342));
#5146 = CARTESIAN_POINT('',(-12.69,9.135443923207,-15.95399372962));
#5147 = CARTESIAN_POINT('',(-12.69,9.114432099488,-16.08020992487));
#5148 = CARTESIAN_POINT('',(-12.69,9.070728579297,-16.33241653843));
#5149 = CARTESIAN_POINT('',(-12.69,9.04803623483,-16.45840658312));
#5150 = CARTESIAN_POINT('',(-12.69,9.02456535209,-16.58426329381));
#5151 = CARTESIAN_POINT('',(-12.69,9.000372806728,-16.70999005421));
#5152 = CARTESIAN_POINT('',(-12.69,8.975515630883,-16.83559092329));
#5153 = CARTESIAN_POINT('',(-12.69,8.950051316675,-16.96107069958));
#5154 = CARTESIAN_POINT('',(-12.69,8.924037091314,-17.08643477512));
#5155 = CARTESIAN_POINT('',(-12.69,8.859097730019,-17.39327159572));
#5156 = CARTESIAN_POINT('',(-12.69,8.819615468779,-17.57462031283));
#5157 = CARTESIAN_POINT('',(-12.69,8.778967256972,-17.75570139532));
#5158 = CARTESIAN_POINT('',(-12.69,8.73703914372,-17.93647935602));
#5159 = CARTESIAN_POINT('',(-12.69,8.693717501639,-18.1169167945));
#5160 = CARTESIAN_POINT('',(-12.69,8.648889178084,-18.29697443571));
#5161 = CARTESIAN_POINT('',(-12.69,8.602441646394,-18.47661116859));
#5162 = CARTESIAN_POINT('',(-12.69,8.54263557436,-18.69902636867));
#5163 = CARTESIAN_POINT('',(-12.69,8.530907157017,-18.74224168368));
#5164 = CARTESIAN_POINT('',(-12.69,8.5190763099,-18.78542951792));
#5165 = CARTESIAN_POINT('',(-12.69,8.507141437806,-18.82858935957));
#5166 = CARTESIAN_POINT('',(-12.69,8.495100945531,-18.8717206968));
#5167 = CARTESIAN_POINT('',(-12.69,8.482953237872,-18.91482301778));
#5168 = CARTESIAN_POINT('',(-12.69,8.470696719624,-18.95789581068));
#5169 = CARTESIAN_POINT('',(-12.69,8.438896117851,-19.06857696654));
#5170 = CARTESIAN_POINT('',(-12.69,8.419190266905,-19.13614175155));
#5171 = CARTESIAN_POINT('',(-12.69,8.399202485873,-19.2036287435));
#5172 = CARTESIAN_POINT('',(-12.69,8.378935723474,-19.27104206433));
#5173 = CARTESIAN_POINT('',(-12.69,8.35837674314,-19.33837348796));
#5174 = CARTESIAN_POINT('',(-12.69,8.337509410741,-19.40561204314));
#5175 = CARTESIAN_POINT('',(-12.69,8.316330384552,-19.47275527912));
#5176 = CARTESIAN_POINT('',(-12.69,8.269540323159,-19.61862954602));
#5177 = CARTESIAN_POINT('',(-12.69,8.247493194357,-19.6858227791));
#5178 = CARTESIAN_POINT('',(-12.69,8.225200298433,-19.752984589));
#5179 = CARTESIAN_POINT('',(-12.69,8.20050899166,-19.82612680726));
#5180 = CARTESIAN_POINT('',(-12.69,8.173196957504,-19.90568442816));
#5181 = CARTESIAN_POINT('',(-12.69,8.144623319114,-19.98619813737));
#5182 = CARTESIAN_POINT('',(-12.69,8.119119583585,-20.05664299767));
#5183 = CARTESIAN_POINT('',(-12.69,8.10330693749,-20.1));
#5184 = PCURVE('',#4890,#5185);
#5185 = DEFINITIONAL_REPRESENTATION('',(#5186),#5413);
#5186 = B_SPLINE_CURVE_WITH_KNOTS('',8,(#5187,#5188,#5189,#5190,#5191,
    #5192,#5193,#5194,#5195,#5196,#5197,#5198,#5199,#5200,#5201,#5202,
    #5203,#5204,#5205,#5206,#5207,#5208,#5209,#5210,#5211,#5212,#5213,
    #5214,#5215,#5216,#5217,#5218,#5219,#5220,#5221,#5222,#5223,#5224,
    #5225,#5226,#5227,#5228,#5229,#5230,#5231,#5232,#5233,#5234,#5235,
    #5236,#5237,#5238,#5239,#5240,#5241,#5242,#5243,#5244,#5245,#5246,
    #5247,#5248,#5249,#5250,#5251,#5252,#5253,#5254,#5255,#5256,#5257,
    #5258,#5259,#5260,#5261,#5262,#5263,#5264,#5265,#5266,#5267,#5268,
    #5269,#5270,#5271,#5272,#5273,#5274,#5275,#5276,#5277,#5278,#5279,
    #5280,#5281,#5282,#5283,#5284,#5285,#5286,#5287,#5288,#5289,#5290,
    #5291,#5292,#5293,#5294,#5295,#5296,#5297,#5298,#5299,#5300,#5301,
    #5302,#5303,#5304,#5305,#5306,#5307,#5308,#5309,#5310,#5311,#5312,
    #5313,#5314,#5315,#5316,#5317,#5318,#5319,#5320,#5321,#5322,#5323,
    #5324,#5325,#5326,#5327,#5328,#5329,#5330,#5331,#5332,#5333,#5334,
    #5335,#5336,#5337,#5338,#5339,#5340,#5341,#5342,#5343,#5344,#5345,
    #5346,#5347,#5348,#5349,#5350,#5351,#5352,#5353,#5354,#5355,#5356,
    #5357,#5358,#5359,#5360,#5361,#5362,#5363,#5364,#5365,#5366,#5367,
    #5368,#5369,#5370,#5371,#5372,#5373,#5374,#5375,#5376,#5377,#5378,
    #5379,#5380,#5381,#5382,#5383,#5384,#5385,#5386,#5387,#5388,#5389,
    #5390,#5391,#5392,#5393,#5394,#5395,#5396,#5397,#5398,#5399,#5400,
    #5401,#5402,#5403,#5404,#5405,#5406,#5407,#5408,#5409,#5410,#5411,
    #5412),.UNSPECIFIED.,.F.,.F.,(9,7,7,7,7,7,7,7,7,7,7,7,7,7,7,7,7,7,7,
    7,7,7,7,7,7,7,7,7,7,7,7,7,9),(0.,1.711415394445E-02,
    3.099290214083E-02,7.389462373562E-02,9.913634204601E-02,
    0.124368832413,0.150864025686,0.163483445214,0.177364760976,
    0.203862168313,0.215217478074,0.301015182081,0.369152442154,
    0.418364390777,0.451172800585,0.499123781194,0.564740857776,
    0.611429418659,0.642975191806,0.73760837536,0.767889630407,
    0.783030132149,0.79060038303,0.799432342674,0.815835272107,
    0.832241320815,0.873886108671,0.899121829546,0.924366779547,
    0.960964804124,0.9697975128,0.983677440694,1.),.UNSPECIFIED.);
#5187 = CARTESIAN_POINT('',(40.2,-9.10330693749));
#5188 = CARTESIAN_POINT('',(40.118452844531,-9.133047838389));
#5189 = CARTESIAN_POINT('',(40.03668750054,-9.162200336586));
#5190 = CARTESIAN_POINT('',(39.9547163947,-9.190783091724));
#5191 = CARTESIAN_POINT('',(39.872551662703,-9.218814827329));
#5192 = CARTESIAN_POINT('',(39.790205149267,-9.246314330813));
#5193 = CARTESIAN_POINT('',(39.707688408131,-9.273300453474));
#5194 = CARTESIAN_POINT('',(39.625012702059,-9.299792110497));
#5195 = CARTESIAN_POINT('',(39.475023002696,-9.346906132471));
#5196 = CARTESIAN_POINT('',(39.407760679485,-9.36769195435));
#5197 = CARTESIAN_POINT('',(39.340406443109,-9.388171077323));
#5198 = CARTESIAN_POINT('',(39.272972753276,-9.408361404519));
#5199 = CARTESIAN_POINT('',(39.205463634316,-9.428270099964));
#5200 = CARTESIAN_POINT('',(39.137878344373,-9.447898997124));
#5201 = CARTESIAN_POINT('',(39.070219147121,-9.467255628585));
#5202 = CARTESIAN_POINT('',(38.793115228017,-9.545360974647));
#5203 = CARTESIAN_POINT('',(38.583043009339,-9.601837929979));
#5204 = CARTESIAN_POINT('',(38.372342504044,-9.655956299128));
#5205 = CARTESIAN_POINT('',(38.161082278493,-9.707896557366));
#5206 = CARTESIAN_POINT('',(37.949327338818,-9.757840615666));
#5207 = CARTESIAN_POINT('',(37.737139030269,-9.805971436304));
#5208 = CARTESIAN_POINT('',(37.524574936569,-9.852472648462));
#5209 = CARTESIAN_POINT('',(37.186434775123,-9.924037091314));
#5210 = CARTESIAN_POINT('',(37.061070699585,-9.950051316675));
#5211 = CARTESIAN_POINT('',(36.935590923297,-9.975515630883));
#5212 = CARTESIAN_POINT('',(36.809990054212,-10.00037280672));
#5213 = CARTESIAN_POINT('',(36.684263293818,-10.02456535208));
#5214 = CARTESIAN_POINT('',(36.55840658313,-10.04803623483));
#5215 = CARTESIAN_POINT('',(36.43241653844,-10.07072857929));
#5216 = CARTESIAN_POINT('',(36.180209924879,-10.11443209948));
#5217 = CARTESIAN_POINT('',(36.053993729625,-10.1354439232));
#5218 = CARTESIAN_POINT('',(35.927638733428,-10.15556242271));
#5219 = CARTESIAN_POINT('',(35.801143005295,-10.17472983361));
#5220 = CARTESIAN_POINT('',(35.674505556719,-10.19288816708));
#5221 = CARTESIAN_POINT('',(35.547726357522,-10.20997936694));
#5222 = CARTESIAN_POINT('',(35.420806351697,-10.22594546677));
#5223 = CARTESIAN_POINT('',(35.160330220616,-10.25625182304));
#5224 = CARTESIAN_POINT('',(35.026760776973,-10.27047538417));
#5225 = CARTESIAN_POINT('',(34.893058168455,-10.28347515749));
#5226 = CARTESIAN_POINT('',(34.759240129087,-10.29532698385));
#5227 = CARTESIAN_POINT('',(34.625323100777,-10.30610681786));
#5228 = CARTESIAN_POINT('',(34.491322233317,-10.31589072784));
#5229 = CARTESIAN_POINT('',(34.357251384383,-10.32475489588));
#5230 = CARTESIAN_POINT('',(34.159239047165,-10.33659581469));
#5231 = CARTESIAN_POINT('',(34.095340459434,-10.34022474147));
#5232 = CARTESIAN_POINT('',(34.031428967761,-10.34367059211));
#5233 = CARTESIAN_POINT('',(33.967506183561,-10.34694156061));
#5234 = CARTESIAN_POINT('',(33.903573718249,-10.35004584094));
#5235 = CARTESIAN_POINT('',(33.839633183241,-10.35299162709));
#5236 = CARTESIAN_POINT('',(33.775686189951,-10.35578711304));
#5237 = CARTESIAN_POINT('',(33.641387557308,-10.36135920084));
#5238 = CARTESIAN_POINT('',(33.571034336916,-10.36410609576));
#5239 = CARTESIAN_POINT('',(33.500677594635,-10.36669191398));
#5240 = CARTESIAN_POINT('',(33.430319256907,-10.36912619531));
#5241 = CARTESIAN_POINT('',(33.359962579255,-10.37142397763));
#5242 = CARTESIAN_POINT('',(33.289608800429,-10.37359519601));
#5243 = CARTESIAN_POINT('',(33.219255359569,-10.37563925581));
#5244 = CARTESIAN_POINT('',(33.014610297123,-10.38124750616));
#5245 = CARTESIAN_POINT('',(32.880313772388,-10.38450225023));
#5246 = CARTESIAN_POINT('',(32.746014309365,-10.38738041677));
#5247 = CARTESIAN_POINT('',(32.61171268449,-10.38993096981));
#5248 = CARTESIAN_POINT('',(32.47740946095,-10.39220290162));
#5249 = CARTESIAN_POINT('',(32.343104988679,-10.39424523273));
#5250 = CARTESIAN_POINT('',(32.208799404365,-10.39610701193));
#5251 = CARTESIAN_POINT('',(32.016936245261,-10.39857882811));
#5252 = CARTESIAN_POINT('',(31.959379761884,-10.39929517584));
#5253 = CARTESIAN_POINT('',(31.901823111683,-10.39999312783));
#5254 = CARTESIAN_POINT('',(31.844266250288,-10.40067589903));
#5255 = CARTESIAN_POINT('',(31.786709156014,-10.40134430436));
#5256 = CARTESIAN_POINT('',(31.729151827296,-10.4019979121));
#5257 = CARTESIAN_POINT('',(31.671594280117,-10.40263619732));
#5258 = CARTESIAN_POINT('',(31.179145592454,-10.40797067976));
#5259 = CARTESIAN_POINT('',(30.74424401925,-10.4118361428));
#5260 = CARTESIAN_POINT('',(30.30933337603,-10.41492078114));
#5261 = CARTESIAN_POINT('',(29.874415009525,-10.41728929198));
#5262 = CARTESIAN_POINT('',(29.439490062995,-10.4190063729));
#5263 = CARTESIAN_POINT('',(29.004559476229,-10.42013672191));
#5264 = CARTESIAN_POINT('',(28.569623985541,-10.42074503742));
#5265 = CARTESIAN_POINT('',(27.789271495075,-10.42101592147));
#5266 = CARTESIAN_POINT('',(27.443856152561,-10.4208473846));
#5267 = CARTESIAN_POINT('',(27.098438375226,-10.42042281022));
#5268 = CARTESIAN_POINT('',(26.753018404384,-10.41977459854));
#5269 = CARTESIAN_POINT('',(26.407596443665,-10.41893514747));
#5270 = CARTESIAN_POINT('',(26.06217265902,-10.41793685259));
#5271 = CARTESIAN_POINT('',(25.716747178714,-10.41681210716));
#5272 = CARTESIAN_POINT('',(25.121836331282,-10.41471302353));
#5273 = CARTESIAN_POINT('',(24.87235174203,-10.41378367974));
#5274 = CARTESIAN_POINT('',(24.622866363621,-10.41281747413));
#5275 = CARTESIAN_POINT('',(24.373380232754,-10.41182660972));
#5276 = CARTESIAN_POINT('',(24.123893384783,-10.41082328919));
#5277 = CARTESIAN_POINT('',(23.874405853715,-10.40981971486));
#5278 = CARTESIAN_POINT('',(23.624917672213,-10.40882808874));
#5279 = CARTESIAN_POINT('',(23.209100753273,-10.40721561953));
#5280 = CARTESIAN_POINT('',(23.042772361476,-10.40658136022));
#5281 = CARTESIAN_POINT('',(22.876443706188,-10.40596145001));
#5282 = CARTESIAN_POINT('',(22.710114798379,-10.40535950436));
#5283 = CARTESIAN_POINT('',(22.543785650009,-10.40477913874));
#5284 = CARTESIAN_POINT('',(22.377456274024,-10.4042239686));
#5285 = CARTESIAN_POINT('',(22.211126684359,-10.40369760938));
#5286 = CARTESIAN_POINT('',(21.801698357905,-10.4024817712));
#5287 = CARTESIAN_POINT('',(21.55859939856,-10.40182913233));
#5288 = CARTESIAN_POINT('',(21.315500062564,-10.40125704742));
#5289 = CARTESIAN_POINT('',(21.072400404637,-10.40077680405));
#5290 = CARTESIAN_POINT('',(20.829300489555,-10.40039968985));
#5291 = CARTESIAN_POINT('',(20.586200392153,-10.40013699257));
#5292 = CARTESIAN_POINT('',(20.343100197319,-10.4));
#5293 = CARTESIAN_POINT('',(19.7673368498,-10.4));
#5294 = CARTESIAN_POINT('',(19.4346737115,-10.40025652855));
#5295 = CARTESIAN_POINT('',(19.102010820397,-10.40074066094));
#5296 = CARTESIAN_POINT('',(18.76934838079,-10.40142347268));
#5297 = CARTESIAN_POINT('',(18.436686565982,-10.40227603948));
#5298 = CARTESIAN_POINT('',(18.104025518281,-10.40326943727));
#5299 = CARTESIAN_POINT('',(17.771365348997,-10.40437474217));
#5300 = CARTESIAN_POINT('',(17.202008915495,-10.40640853412));
#5301 = CARTESIAN_POINT('',(16.965312185922,-10.4072960501));
#5302 = CARTESIAN_POINT('',(16.728615981851,-10.40821515928));
#5303 = CARTESIAN_POINT('',(16.491920334367,-10.40915544231));
#5304 = CARTESIAN_POINT('',(16.255225273509,-10.41010647967));
#5305 = CARTESIAN_POINT('',(16.018530828273,-10.41105785164));
#5306 = CARTESIAN_POINT('',(15.781837026609,-10.41199913833));
#5307 = CARTESIAN_POINT('',(15.38521890136,-10.41354205836));
#5308 = CARTESIAN_POINT('',(15.225294214743,-10.41415483586));
#5309 = CARTESIAN_POINT('',(15.065369844425,-10.41475503804));
#5310 = CARTESIAN_POINT('',(14.905445800067,-10.41533945065));
#5311 = CARTESIAN_POINT('',(14.745522092133,-10.41590485938));
#5312 = CARTESIAN_POINT('',(14.585598731891,-10.41644804983));
#5313 = CARTESIAN_POINT('',(14.425675731418,-10.41696580751));
#5314 = CARTESIAN_POINT('',(13.786006187177,-10.41892218471));
#5315 = CARTESIAN_POINT('',(13.306262701213,-10.42013164887));
#5316 = CARTESIAN_POINT('',(12.826522897964,-10.42099652655));
#5317 = CARTESIAN_POINT('',(12.346787226639,-10.4214300262));
#5318 = CARTESIAN_POINT('',(11.867056333392,-10.42134534847));
#5319 = CARTESIAN_POINT('',(11.387331061322,-10.42065568621));
#5320 = CARTESIAN_POINT('',(10.907612450471,-10.41927422451));
#5321 = CARTESIAN_POINT('',(10.274401222548,-10.41642294491));
#5322 = CARTESIAN_POINT('',(10.120901523824,-10.41565202573));
#5323 = CARTESIAN_POINT('',(9.967402685339,-10.41479853859));
#5324 = CARTESIAN_POINT('',(9.81390475421,-10.41385963902));
#5325 = CARTESIAN_POINT('',(9.660407780987,-10.41283248263));
#5326 = CARTESIAN_POINT('',(9.506911819655,-10.41171422503));
#5327 = CARTESIAN_POINT('',(9.353416927632,-10.4105020219));
#5328 = CARTESIAN_POINT('',(9.123176922417,-10.40853853792));
#5329 = CARTESIAN_POINT('',(9.046431037883,-10.40785985049));
#5330 = CARTESIAN_POINT('',(8.969685515538,-10.40715661119));
#5331 = CARTESIAN_POINT('',(8.892940358751,-10.40642846456));
#5332 = CARTESIAN_POINT('',(8.81619557089,-10.40567505512));
#5333 = CARTESIAN_POINT('',(8.739451155327,-10.4048960274));
#5334 = CARTESIAN_POINT('',(8.662707115429,-10.40409102592));
#5335 = CARTESIAN_POINT('',(8.547591624081,-10.40284402988));
#5336 = CARTESIAN_POINT('',(8.509219888357,-10.40242174878));
#5337 = CARTESIAN_POINT('',(8.470848247871,-10.40199285499));
#5338 = CARTESIAN_POINT('',(8.432476703058,-10.40155732665));
#5339 = CARTESIAN_POINT('',(8.394105254307,-10.40111511704));
#5340 = CARTESIAN_POINT('',(8.355733901962,-10.40066615452));
#5341 = CARTESIAN_POINT('',(8.317362646323,-10.40021034258));
#5342 = CARTESIAN_POINT('',(8.234225134422,-10.39920764659));
#5343 = CARTESIAN_POINT('',(8.189458904367,-10.39865779658));
#5344 = CARTESIAN_POINT('',(8.144692771867,-10.39809619293));
#5345 = CARTESIAN_POINT('',(8.099926711312,-10.39752101875));
#5346 = CARTESIAN_POINT('',(8.05516069709,-10.39693045718));
#5347 = CARTESIAN_POINT('',(8.010394703589,-10.39632269135));
#5348 = CARTESIAN_POINT('',(7.9656287052,-10.39569590438));
#5349 = CARTESIAN_POINT('',(7.837722122849,-10.3938454946));
#5350 = CARTESIAN_POINT('',(7.754582044049,-10.39257084311));
#5351 = CARTESIAN_POINT('',(7.671442467154,-10.39121268829));
#5352 = CARTESIAN_POINT('',(7.588303450737,-10.38975939755));
#5353 = CARTESIAN_POINT('',(7.5051650847,-10.38819934234));
#5354 = CARTESIAN_POINT('',(7.422027490277,-10.38652089817));
#5355 = CARTESIAN_POINT('',(7.338890820029,-10.38471244461));
#5356 = CARTESIAN_POINT('',(7.172603886131,-10.38081191509));
#5357 = CARTESIAN_POINT('',(7.089453594803,-10.37872008051));
#5358 = CARTESIAN_POINT('',(7.006305249642,-10.3764727621));
#5359 = CARTESIAN_POINT('',(6.923156175609,-10.37406817183));
#5360 = CARTESIAN_POINT('',(6.840013714783,-10.37147102848));
#5361 = CARTESIAN_POINT('',(6.756867102598,-10.36870665166));
#5362 = CARTESIAN_POINT('',(6.67372699543,-10.36572970633));
#5363 = CARTESIAN_POINT('',(6.379568384032,-10.35440938777));
#5364 = CARTESIAN_POINT('',(6.168589051265,-10.34484878869));
#5365 = CARTESIAN_POINT('',(5.957692664558,-10.33355420213));
#5366 = CARTESIAN_POINT('',(5.746923623402,-10.32023021056));
#5367 = CARTESIAN_POINT('',(5.536333316818,-10.30458096437));
#5368 = CARTESIAN_POINT('',(5.325980075216,-10.28631075457));
#5369 = CARTESIAN_POINT('',(5.115929122266,-10.26512458541));
#5370 = CARTESIAN_POINT('',(4.779193648304,-10.22594546677));
#5371 = CARTESIAN_POINT('',(4.652273642479,-10.20997936694));
#5372 = CARTESIAN_POINT('',(4.525494443283,-10.19288816708));
#5373 = CARTESIAN_POINT('',(4.398856994707,-10.17472983361));
#5374 = CARTESIAN_POINT('',(4.272361266573,-10.15556242271));
#5375 = CARTESIAN_POINT('',(4.146006270376,-10.1354439232));
#5376 = CARTESIAN_POINT('',(4.019790075122,-10.11443209948));
#5377 = CARTESIAN_POINT('',(3.767583461562,-10.07072857929));
#5378 = CARTESIAN_POINT('',(3.641593416871,-10.04803623483));
#5379 = CARTESIAN_POINT('',(3.515736706183,-10.02456535209));
#5380 = CARTESIAN_POINT('',(3.39000994579,-10.00037280672));
#5381 = CARTESIAN_POINT('',(3.264409076704,-9.975515630883));
#5382 = CARTESIAN_POINT('',(3.138929300416,-9.950051316675));
#5383 = CARTESIAN_POINT('',(3.013565224878,-9.924037091314));
#5384 = CARTESIAN_POINT('',(2.706728404279,-9.859097730019));
#5385 = CARTESIAN_POINT('',(2.525379687164,-9.819615468779));
#5386 = CARTESIAN_POINT('',(2.344298604674,-9.778967256972));
#5387 = CARTESIAN_POINT('',(2.163520643976,-9.73703914372));
#5388 = CARTESIAN_POINT('',(1.983083205496,-9.693717501639));
#5389 = CARTESIAN_POINT('',(1.803025564285,-9.648889178084));
#5390 = CARTESIAN_POINT('',(1.623388831401,-9.602441646394));
#5391 = CARTESIAN_POINT('',(1.400973631328,-9.54263557436));
#5392 = CARTESIAN_POINT('',(1.357758316317,-9.530907157017));
#5393 = CARTESIAN_POINT('',(1.314570482073,-9.5190763099));
#5394 = CARTESIAN_POINT('',(1.271410640423,-9.507141437806));
#5395 = CARTESIAN_POINT('',(1.228279303195,-9.495100945531));
#5396 = CARTESIAN_POINT('',(1.185176982217,-9.482953237872));
#5397 = CARTESIAN_POINT('',(1.142104189317,-9.470696719624));
#5398 = CARTESIAN_POINT('',(1.031423033451,-9.438896117851));
#5399 = CARTESIAN_POINT('',(0.963858248446,-9.419190266905));
#5400 = CARTESIAN_POINT('',(0.896371256493,-9.399202485873));
#5401 = CARTESIAN_POINT('',(0.828957935663,-9.378935723474));
#5402 = CARTESIAN_POINT('',(0.761626512031,-9.35837674314));
#5403 = CARTESIAN_POINT('',(0.694387956855,-9.337509410741));
#5404 = CARTESIAN_POINT('',(0.627244720874,-9.316330384552));
#5405 = CARTESIAN_POINT('',(0.481370453973,-9.269540323159));
#5406 = CARTESIAN_POINT('',(0.414177220898,-9.247493194357));
#5407 = CARTESIAN_POINT('',(0.347015410993,-9.225200298433));
#5408 = CARTESIAN_POINT('',(0.273873192738,-9.20050899166));
#5409 = CARTESIAN_POINT('',(0.194315571834,-9.173196957504));
#5410 = CARTESIAN_POINT('',(0.113801862627,-9.144623319114));
#5411 = CARTESIAN_POINT('',(4.335700232647E-02,-9.119119583585));
#5412 = CARTESIAN_POINT('',(0.,-9.10330693749));
#5413 = ( GEOMETRIC_REPRESENTATION_CONTEXT(2) 
PARAMETRIC_REPRESENTATION_CONTEXT() REPRESENTATION_CONTEXT('2D SPACE',''
  ) );
#5414 = PCURVE('',#518,#5415);
#5415 = DEFINITIONAL_REPRESENTATION('',(#5416),#5643);
#5416 = B_SPLINE_CURVE_WITH_KNOTS('',8,(#5417,#5418,#5419,#5420,#5421,
    #5422,#5423,#5424,#5425,#5426,#5427,#5428,#5429,#5430,#5431,#5432,
    #5433,#5434,#5435,#5436,#5437,#5438,#5439,#5440,#5441,#5442,#5443,
    #5444,#5445,#5446,#5447,#5448,#5449,#5450,#5451,#5452,#5453,#5454,
    #5455,#5456,#5457,#5458,#5459,#5460,#5461,#5462,#5463,#5464,#5465,
    #5466,#5467,#5468,#5469,#5470,#5471,#5472,#5473,#5474,#5475,#5476,
    #5477,#5478,#5479,#5480,#5481,#5482,#5483,#5484,#5485,#5486,#5487,
    #5488,#5489,#5490,#5491,#5492,#5493,#5494,#5495,#5496,#5497,#5498,
    #5499,#5500,#5501,#5502,#5503,#5504,#5505,#5506,#5507,#5508,#5509,
    #5510,#5511,#5512,#5513,#5514,#5515,#5516,#5517,#5518,#5519,#5520,
    #5521,#5522,#5523,#5524,#5525,#5526,#5527,#5528,#5529,#5530,#5531,
    #5532,#5533,#5534,#5535,#5536,#5537,#5538,#5539,#5540,#5541,#5542,
    #5543,#5544,#5545,#5546,#5547,#5548,#5549,#5550,#5551,#5552,#5553,
    #5554,#5555,#5556,#5557,#5558,#5559,#5560,#5561,#5562,#5563,#5564,
    #5565,#5566,#5567,#5568,#5569,#5570,#5571,#5572,#5573,#5574,#5575,
    #5576,#5577,#5578,#5579,#5580,#5581,#5582,#5583,#5584,#5585,#5586,
    #5587,#5588,#5589,#5590,#5591,#5592,#5593,#5594,#5595,#5596,#5597,
    #5598,#5599,#5600,#5601,#5602,#5603,#5604,#5605,#5606,#5607,#5608,
    #5609,#5610,#5611,#5612,#5613,#5614,#5615,#5616,#5617,#5618,#5619,
    #5620,#5621,#5622,#5623,#5624,#5625,#5626,#5627,#5628,#5629,#5630,
    #5631,#5632,#5633,#5634,#5635,#5636,#5637,#5638,#5639,#5640,#5641,
    #5642),.UNSPECIFIED.,.F.,.F.,(9,7,7,7,7,7,7,7,7,7,7,7,7,7,7,7,7,7,7,
    7,7,7,7,7,7,7,7,7,7,7,7,7,9),(0.,1.711415394445E-02,
    3.099290214083E-02,7.389462373562E-02,9.913634204601E-02,
    0.124368832413,0.150864025686,0.163483445214,0.177364760976,
    0.203862168313,0.215217478074,0.301015182081,0.369152442154,
    0.418364390777,0.451172800585,0.499123781194,0.564740857776,
    0.611429418659,0.642975191806,0.73760837536,0.767889630407,
    0.783030132149,0.79060038303,0.799432342674,0.815835272107,
    0.832241320815,0.873886108671,0.899121829546,0.924366779547,
    0.960964804124,0.9697975128,0.983677440694,1.),.UNSPECIFIED.);
#5417 = CARTESIAN_POINT('',(45.828933782794,-12.69));
#5418 = CARTESIAN_POINT('',(45.742155338736,-12.69));
#5419 = CARTESIAN_POINT('',(45.655380316188,-12.69));
#5420 = CARTESIAN_POINT('',(45.568608654925,-12.69));
#5421 = CARTESIAN_POINT('',(45.481839999963,-12.69));
#5422 = CARTESIAN_POINT('',(45.395073701558,-12.69));
#5423 = CARTESIAN_POINT('',(45.308308815206,-12.69));
#5424 = CARTESIAN_POINT('',(45.221544101642,-12.69));
#5425 = CARTESIAN_POINT('',(45.064414951458,-12.69));
#5426 = CARTESIAN_POINT('',(44.99405109081,-12.69));
#5427 = CARTESIAN_POINT('',(44.923689086984,-12.69));
#5428 = CARTESIAN_POINT('',(44.853325713033,-12.69));
#5429 = CARTESIAN_POINT('',(44.782961569547,-12.69));
#5430 = CARTESIAN_POINT('',(44.712598742114,-12.69));
#5431 = CARTESIAN_POINT('',(44.642236189452,-12.69));
#5432 = CARTESIAN_POINT('',(44.354366145654,-12.69));
#5433 = CARTESIAN_POINT('',(44.13684701116,-12.69));
#5434 = CARTESIAN_POINT('',(43.919329211955,-12.69));
#5435 = CARTESIAN_POINT('',(43.701822922792,-12.69));
#5436 = CARTESIAN_POINT('',(43.484334512786,-12.69));
#5437 = CARTESIAN_POINT('',(43.266866548523,-12.69));
#5438 = CARTESIAN_POINT('',(43.049417797166,-12.69));
#5439 = CARTESIAN_POINT('',(42.704053116204,-12.69));
#5440 = CARTESIAN_POINT('',(42.576128472748,-12.69));
#5441 = CARTESIAN_POINT('',(42.44820540845,-12.69));
#5442 = CARTESIAN_POINT('',(42.320280572347,-12.69));
#5443 = CARTESIAN_POINT('',(42.192351243708,-12.69));
#5444 = CARTESIAN_POINT('',(42.064415366303,-12.69));
#5445 = CARTESIAN_POINT('',(41.936471526505,-12.69));
#5446 = CARTESIAN_POINT('',(41.680613001222,-12.69));
#5447 = CARTESIAN_POINT('',(41.552698586226,-12.69));
#5448 = CARTESIAN_POINT('',(41.424774818924,-12.69));
#5449 = CARTESIAN_POINT('',(41.296841850404,-12.69));
#5450 = CARTESIAN_POINT('',(41.168900791484,-12.69));
#5451 = CARTESIAN_POINT('',(41.040953710066,-12.69));
#5452 = CARTESIAN_POINT('',(40.913003628484,-12.69));
#5453 = CARTESIAN_POINT('',(40.650702489542,-12.69));
#5454 = CARTESIAN_POINT('',(40.516351893781,-12.69));
#5455 = CARTESIAN_POINT('',(40.382006823844,-12.69));
#5456 = CARTESIAN_POINT('',(40.247670076114,-12.69));
#5457 = CARTESIAN_POINT('',(40.113343153084,-12.69));
#5458 = CARTESIAN_POINT('',(39.979026263358,-12.69));
#5459 = CARTESIAN_POINT('',(39.844718321651,-12.69));
#5460 = CARTESIAN_POINT('',(39.64645042664,-12.69));
#5461 = CARTESIAN_POINT('',(39.582483904493,-12.69));
#5462 = CARTESIAN_POINT('',(39.518517382346,-12.69));
#5463 = CARTESIAN_POINT('',(39.454550860199,-12.69));
#5464 = CARTESIAN_POINT('',(39.390584338052,-12.69));
#5465 = CARTESIAN_POINT('',(39.326617815906,-12.69));
#5466 = CARTESIAN_POINT('',(39.262651293759,-12.69));
#5467 = CARTESIAN_POINT('',(39.128321828988,-12.69));
#5468 = CARTESIAN_POINT('',(39.057958260259,-12.69));
#5469 = CARTESIAN_POINT('',(38.987594900362,-12.69));
#5470 = CARTESIAN_POINT('',(38.917232323171,-12.69));
#5471 = CARTESIAN_POINT('',(38.846869257192,-12.69));
#5472 = CARTESIAN_POINT('',(38.776505364293,-12.69));
#5473 = CARTESIAN_POINT('',(38.706142600355,-12.69));
#5474 = CARTESIAN_POINT('',(38.501466244592,-12.69));
#5475 = CARTESIAN_POINT('',(38.367145550836,-12.69));
#5476 = CARTESIAN_POINT('',(38.232818976258,-12.69));
#5477 = CARTESIAN_POINT('',(38.0984879886,-12.69));
#5478 = CARTESIAN_POINT('',(37.964153842536,-12.69));
#5479 = CARTESIAN_POINT('',(37.829817579673,-12.69));
#5480 = CARTESIAN_POINT('',(37.695480028553,-12.69));
#5481 = CARTESIAN_POINT('',(37.503571940332,-12.69));
#5482 = CARTESIAN_POINT('',(37.446002058274,-12.69));
#5483 = CARTESIAN_POINT('',(37.388432187036,-12.69));
#5484 = CARTESIAN_POINT('',(37.33086232695,-12.69));
#5485 = CARTESIAN_POINT('',(37.273292464913,-12.69));
#5486 = CARTESIAN_POINT('',(37.21572258918,-12.69));
#5487 = CARTESIAN_POINT('',(37.158152704157,-12.69));
#5488 = CARTESIAN_POINT('',(36.665600284354,-12.69));
#5489 = CARTESIAN_POINT('',(36.230619275479,-12.69));
#5490 = CARTESIAN_POINT('',(35.795640755584,-12.69));
#5491 = CARTESIAN_POINT('',(35.360665458172,-12.69));
#5492 = CARTESIAN_POINT('',(34.925693913232,-12.69));
#5493 = CARTESIAN_POINT('',(34.490726447236,-12.69));
#5494 = CARTESIAN_POINT('',(34.055763183145,-12.69));
#5495 = CARTESIAN_POINT('',(33.275376099492,-12.69));
#5496 = CARTESIAN_POINT('',(32.929950800915,-12.69));
#5497 = CARTESIAN_POINT('',(32.584528116479,-12.69));
#5498 = CARTESIAN_POINT('',(32.239107980332,-12.69));
#5499 = CARTESIAN_POINT('',(31.893690288966,-12.69));
#5500 = CARTESIAN_POINT('',(31.54827490122,-12.69));
#5501 = CARTESIAN_POINT('',(31.202861638275,-12.69));
#5502 = CARTESIAN_POINT('',(30.607977883111,-12.69));
#5503 = CARTESIAN_POINT('',(30.358506488097,-12.69));
#5504 = CARTESIAN_POINT('',(30.109036020979,-12.69));
#5505 = CARTESIAN_POINT('',(29.859566402777,-12.69));
#5506 = CARTESIAN_POINT('',(29.610097553174,-12.69));
#5507 = CARTESIAN_POINT('',(29.360629390512,-12.69));
#5508 = CARTESIAN_POINT('',(29.111161831792,-12.69));
#5509 = CARTESIAN_POINT('',(28.695381182223,-12.69));
#5510 = CARTESIAN_POINT('',(28.529067804405,-12.69));
#5511 = CARTESIAN_POINT('',(28.362754634937,-12.69));
#5512 = CARTESIAN_POINT('',(28.196441650522,-12.69));
#5513 = CARTESIAN_POINT('',(28.03012882885,-12.69));
#5514 = CARTESIAN_POINT('',(27.863816148601,-12.69));
#5515 = CARTESIAN_POINT('',(27.697503589439,-12.69));
#5516 = CARTESIAN_POINT('',(27.288117924041,-12.69));
#5517 = CARTESIAN_POINT('',(27.045044936651,-12.69));
#5518 = CARTESIAN_POINT('',(26.801972107532,-12.69));
#5519 = CARTESIAN_POINT('',(26.558899384421,-12.69));
#5520 = CARTESIAN_POINT('',(26.315826725111,-12.69));
#5521 = CARTESIAN_POINT('',(26.072754097451,-12.69));
#5522 = CARTESIAN_POINT('',(25.829681479345,-12.69));
#5523 = CARTESIAN_POINT('',(25.253983445099,-12.69));
#5524 = CARTESIAN_POINT('',(24.921358043339,-12.69));
#5525 = CARTESIAN_POINT('',(24.58873261463,-12.69));
#5526 = CARTESIAN_POINT('',(24.256107089127,-12.69));
#5527 = CARTESIAN_POINT('',(23.923481365992,-12.69));
#5528 = CARTESIAN_POINT('',(23.590855313388,-12.69));
#5529 = CARTESIAN_POINT('',(23.258228768482,-12.69));
#5530 = CARTESIAN_POINT('',(22.688927068903,-12.69));
#5531 = CARTESIAN_POINT('',(22.452252260979,-12.69));
#5532 = CARTESIAN_POINT('',(22.215577047046,-12.69));
#5533 = CARTESIAN_POINT('',(21.978901359426,-12.69));
#5534 = CARTESIAN_POINT('',(21.742225129397,-12.69));
#5535 = CARTESIAN_POINT('',(21.505548287187,-12.69));
#5536 = CARTESIAN_POINT('',(21.268870761976,-12.69));
#5537 = CARTESIAN_POINT('',(20.872277522189,-12.69));
#5538 = CARTESIAN_POINT('',(20.712362219224,-12.69));
#5539 = CARTESIAN_POINT('',(20.552446551389,-12.69));
#5540 = CARTESIAN_POINT('',(20.392530497874,-12.69));
#5541 = CARTESIAN_POINT('',(20.232614038674,-12.69));
#5542 = CARTESIAN_POINT('',(20.072697154586,-12.69));
#5543 = CARTESIAN_POINT('',(19.912779827212,-12.69));
#5544 = CARTESIAN_POINT('',(19.273129640627,-12.69));
#5545 = CARTESIAN_POINT('',(18.793393171684,-12.69));
#5546 = CARTESIAN_POINT('',(18.313652061663,-12.69));
#5547 = CARTESIAN_POINT('',(17.833905936969,-12.69));
#5548 = CARTESIAN_POINT('',(17.354154620882,-12.69));
#5549 = CARTESIAN_POINT('',(16.874398133553,-12.69));
#5550 = CARTESIAN_POINT('',(16.394636692008,-12.69));
#5551 = CARTESIAN_POINT('',(15.761352509512,-12.69));
#5552 = CARTESIAN_POINT('',(15.60783385185,-12.69));
#5553 = CARTESIAN_POINT('',(15.454314753876,-12.69));
#5554 = CARTESIAN_POINT('',(15.300795235745,-12.69));
#5555 = CARTESIAN_POINT('',(15.147275321043,-12.69));
#5556 = CARTESIAN_POINT('',(14.993755036794,-12.69));
#5557 = CARTESIAN_POINT('',(14.840234413457,-12.69));
#5558 = CARTESIAN_POINT('',(14.60995365835,-12.69));
#5559 = CARTESIAN_POINT('',(14.533193831773,-12.69));
#5560 = CARTESIAN_POINT('',(14.456434005197,-12.69));
#5561 = CARTESIAN_POINT('',(14.379674178621,-12.69));
#5562 = CARTESIAN_POINT('',(14.302914352044,-12.69));
#5563 = CARTESIAN_POINT('',(14.226154525468,-12.69));
#5564 = CARTESIAN_POINT('',(14.149394698892,-12.69));
#5565 = CARTESIAN_POINT('',(14.034254958975,-12.69));
#5566 = CARTESIAN_POINT('',(13.995875046139,-12.69));
#5567 = CARTESIAN_POINT('',(13.95749513315,-12.69));
#5568 = CARTESIAN_POINT('',(13.919115219682,-12.69));
#5569 = CARTESIAN_POINT('',(13.880735305736,-12.69));
#5570 = CARTESIAN_POINT('',(13.842355391646,-12.69));
#5571 = CARTESIAN_POINT('',(13.803975478073,-12.69));
#5572 = CARTESIAN_POINT('',(13.720819000508,-12.69));
#5573 = CARTESIAN_POINT('',(13.676042435005,-12.69));
#5574 = CARTESIAN_POINT('',(13.631265869502,-12.69));
#5575 = CARTESIAN_POINT('',(13.586489303999,-12.69));
#5576 = CARTESIAN_POINT('',(13.541712738497,-12.69));
#5577 = CARTESIAN_POINT('',(13.496936172994,-12.69));
#5578 = CARTESIAN_POINT('',(13.452159607491,-12.69));
#5579 = CARTESIAN_POINT('',(13.324222919676,-12.69));
#5580 = CARTESIAN_POINT('',(13.241063377355,-12.69));
#5581 = CARTESIAN_POINT('',(13.157904606401,-12.69));
#5582 = CARTESIAN_POINT('',(13.074746829498,-12.69));
#5583 = CARTESIAN_POINT('',(12.991590300631,-12.69));
#5584 = CARTESIAN_POINT('',(12.90843530509,-12.69));
#5585 = CARTESIAN_POINT('',(12.825282159467,-12.69));
#5586 = CARTESIAN_POINT('',(12.658964451396,-12.69));
#5587 = CARTESIAN_POINT('',(12.575800029923,-12.69));
#5588 = CARTESIAN_POINT('',(12.492637551837,-12.69));
#5589 = CARTESIAN_POINT('',(12.409480160307,-12.69));
#5590 = CARTESIAN_POINT('',(12.326321728702,-12.69));
#5591 = CARTESIAN_POINT('',(12.243172923044,-12.69));
#5592 = CARTESIAN_POINT('',(12.160025099133,-12.69));
#5593 = CARTESIAN_POINT('',(11.865823944369,-12.69));
#5594 = CARTESIAN_POINT('',(11.654782356886,-12.69));
#5595 = CARTESIAN_POINT('',(11.443734175991,-12.69));
#5596 = CARTESIAN_POINT('',(11.232665883746,-12.69));
#5597 = CARTESIAN_POINT('',(11.021570879679,-12.69));
#5598 = CARTESIAN_POINT('',(10.8104494733,-12.69));
#5599 = CARTESIAN_POINT('',(10.599308876619,-12.69));
#5600 = CARTESIAN_POINT('',(10.260214089025,-12.69));
#5601 = CARTESIAN_POINT('',(10.132264007443,-12.69));
#5602 = CARTESIAN_POINT('',(10.004316926026,-12.69));
#5603 = CARTESIAN_POINT('',(9.876375867106,-12.69));
#5604 = CARTESIAN_POINT('',(9.748442898585,-12.69));
#5605 = CARTESIAN_POINT('',(9.620519131283,-12.69));
#5606 = CARTESIAN_POINT('',(9.492604716287,-12.69));
#5607 = CARTESIAN_POINT('',(9.236746191004,-12.69));
#5608 = CARTESIAN_POINT('',(9.108802351207,-12.69));
#5609 = CARTESIAN_POINT('',(8.980866473802,-12.69));
#5610 = CARTESIAN_POINT('',(8.852937145162,-12.69));
#5611 = CARTESIAN_POINT('',(8.72501230906,-12.69));
#5612 = CARTESIAN_POINT('',(8.597089244762,-12.69));
#5613 = CARTESIAN_POINT('',(8.469164601306,-12.69));
#5614 = CARTESIAN_POINT('',(8.155772071414,-12.69));
#5615 = CARTESIAN_POINT('',(7.970299121992,-12.69));
#5616 = CARTESIAN_POINT('',(7.784812709944,-12.69));
#5617 = CARTESIAN_POINT('',(7.59931183303,-12.69));
#5618 = CARTESIAN_POINT('',(7.413797417937,-12.69));
#5619 = CARTESIAN_POINT('',(7.228272321697,-12.69));
#5620 = CARTESIAN_POINT('',(7.042741333107,-12.69));
#5621 = CARTESIAN_POINT('',(6.812434608644,-12.69));
#5622 = CARTESIAN_POINT('',(6.767658043141,-12.69));
#5623 = CARTESIAN_POINT('',(6.722881477639,-12.69));
#5624 = CARTESIAN_POINT('',(6.678104912136,-12.69));
#5625 = CARTESIAN_POINT('',(6.633328346633,-12.69));
#5626 = CARTESIAN_POINT('',(6.58855178113,-12.69));
#5627 = CARTESIAN_POINT('',(6.543775215627,-12.69));
#5628 = CARTESIAN_POINT('',(6.428635693157,-12.69));
#5629 = CARTESIAN_POINT('',(6.358272746074,-12.69));
#5630 = CARTESIAN_POINT('',(6.287908070051,-12.69));
#5631 = CARTESIAN_POINT('',(6.217545762526,-12.69));
#5632 = CARTESIAN_POINT('',(6.147183813925,-12.69));
#5633 = CARTESIAN_POINT('',(6.076819541901,-12.69));
#5634 = CARTESIAN_POINT('',(6.006456037199,-12.69));
#5635 = CARTESIAN_POINT('',(5.85334781949,-12.69));
#5636 = CARTESIAN_POINT('',(5.782671512743,-12.69));
#5637 = CARTESIAN_POINT('',(5.711946022297,-12.69));
#5638 = CARTESIAN_POINT('',(5.634788682307,-12.69));
#5639 = CARTESIAN_POINT('',(5.550720026248,-12.69));
#5640 = CARTESIAN_POINT('',(5.465320031952,-12.69));
#5641 = CARTESIAN_POINT('',(5.390422309244,-12.69));
#5642 = CARTESIAN_POINT('',(5.344283934714,-12.69));
#5643 = ( GEOMETRIC_REPRESENTATION_CONTEXT(2) 
PARAMETRIC_REPRESENTATION_CONTEXT() REPRESENTATION_CONTEXT('2D SPACE',''
  ) );
#5644 = ORIENTED_EDGE('',*,*,#4876,.F.);
#5645 = ADVANCED_FACE('',(#5646),#4943,.F.);
#5646 = FACE_BOUND('',#5647,.F.);
#5647 = EDGE_LOOP('',(#5648,#5672,#5673,#5765));
#5648 = ORIENTED_EDGE('',*,*,#5649,.F.);
#5649 = EDGE_CURVE('',#4906,#5650,#5652,.T.);
#5650 = VERTEX_POINT('',#5651);
#5651 = CARTESIAN_POINT('',(-11.49,0.,-21.3));
#5652 = SURFACE_CURVE('',#5653,(#5658,#5665),.PCURVE_S1.);
#5653 = CIRCLE('',#5654,1.2);
#5654 = AXIS2_PLACEMENT_3D('',#5655,#5656,#5657);
#5655 = CARTESIAN_POINT('',(-11.49,0.,-20.1));
#5656 = DIRECTION('',(0.,-1.,0.));
#5657 = DIRECTION('',(1.,0.,0.));
#5658 = PCURVE('',#4943,#5659);
#5659 = DEFINITIONAL_REPRESENTATION('',(#5660),#5664);
#5660 = LINE('',#5661,#5662);
#5661 = CARTESIAN_POINT('',(0.,-1.));
#5662 = VECTOR('',#5663,1.);
#5663 = DIRECTION('',(1.,0.));
#5664 = ( GEOMETRIC_REPRESENTATION_CONTEXT(2) 
PARAMETRIC_REPRESENTATION_CONTEXT() REPRESENTATION_CONTEXT('2D SPACE',''
  ) );
#5665 = PCURVE('',#44,#5666);
#5666 = DEFINITIONAL_REPRESENTATION('',(#5667),#5671);
#5667 = CIRCLE('',#5668,1.2);
#5668 = AXIS2_PLACEMENT_2D('',#5669,#5670);
#5669 = CARTESIAN_POINT('',(-11.49,-20.1));
#5670 = DIRECTION('',(1.,0.));
#5671 = ( GEOMETRIC_REPRESENTATION_CONTEXT(2) 
PARAMETRIC_REPRESENTATION_CONTEXT() REPRESENTATION_CONTEXT('2D SPACE',''
  ) );
#5672 = ORIENTED_EDGE('',*,*,#4927,.T.);
#5673 = ORIENTED_EDGE('',*,*,#5674,.T.);
#5674 = EDGE_CURVE('',#4928,#5675,#5677,.T.);
#5675 = VERTEX_POINT('',#5676);
#5676 = CARTESIAN_POINT('',(-11.49,7.596918011038,-21.3));
#5677 = SURFACE_CURVE('',#5678,(#5705,#5735),.PCURVE_S1.);
#5678 = B_SPLINE_CURVE_WITH_KNOTS('',7,(#5679,#5680,#5681,#5682,#5683,
    #5684,#5685,#5686,#5687,#5688,#5689,#5690,#5691,#5692,#5693,#5694,
    #5695,#5696,#5697,#5698,#5699,#5700,#5701,#5702,#5703,#5704),
  .UNSPECIFIED.,.F.,.F.,(8,6,6,6,8),(0.,0.144787905065,0.307044753849,
    0.438789256067,1.),.UNSPECIFIED.);
#5679 = CARTESIAN_POINT('',(-12.69,8.10330693749,-20.1));
#5680 = CARTESIAN_POINT('',(-12.69,8.086772358861,-20.1453364832));
#5681 = CARTESIAN_POINT('',(-12.6880014973,8.070054970076,
    -20.19059646178));
#5682 = CARTESIAN_POINT('',(-12.68401711094,8.053184447675,
    -20.23568688492));
#5683 = CARTESIAN_POINT('',(-12.678062483,8.03619245322,-20.28051669662)
  );
#5684 = CARTESIAN_POINT('',(-12.67015627861,8.019112633287,
    -20.32499683571));
#5685 = CARTESIAN_POINT('',(-12.66032018596,8.00198061947,
    -20.36904023584));
#5686 = CARTESIAN_POINT('',(-12.63542103946,7.965618667565,
    -20.46133437997));
#5687 = CARTESIAN_POINT('',(-12.61987018247,7.946387232477,
    -20.50945154669));
#5688 = CARTESIAN_POINT('',(-12.60196113916,7.927182142361,
    -20.55679244394));
#5689 = CARTESIAN_POINT('',(-12.58172935709,7.908073288878,
    -20.60324657652));
#5690 = CARTESIAN_POINT('',(-12.55921264491,7.889133309737,
    -20.64870317061));
#5691 = CARTESIAN_POINT('',(-12.53445210773,7.870430514376,
    -20.69304800578));
#5692 = CARTESIAN_POINT('',(-12.48560229373,7.837106840398,
    -20.77117882986));
#5693 = CARTESIAN_POINT('',(-12.46372730137,7.823378804462,
    -20.80303972854));
#5694 = CARTESIAN_POINT('',(-12.44192611217,7.810631857208,
    -20.8323836116));
#5695 = CARTESIAN_POINT('',(-12.42017124879,7.798697261482,
    -20.85966483169));
#5696 = CARTESIAN_POINT('',(-12.39842184702,7.787455954449,
    -20.88519935987));
#5697 = CARTESIAN_POINT('',(-12.37667127206,7.776832679097,
    -20.9091936404));
#5698 = CARTESIAN_POINT('',(-12.26252328518,7.724006264052,
    -21.02789892064));
#5699 = CARTESIAN_POINT('',(-12.15638083883,7.684997089158,
    -21.11332707859));
#5700 = CARTESIAN_POINT('',(-12.03785760824,7.651338327693,
    -21.18548881052));
#5701 = CARTESIAN_POINT('',(-11.90890221669,7.6246039469,-21.24195091005
    ));
#5702 = CARTESIAN_POINT('',(-11.77214838493,7.606141162938,
    -21.28066106501));
#5703 = CARTESIAN_POINT('',(-11.63103348356,7.596918011038,-21.3));
#5704 = CARTESIAN_POINT('',(-11.49,7.596918011038,-21.3));
#5705 = PCURVE('',#4943,#5706);
#5706 = DEFINITIONAL_REPRESENTATION('',(#5707),#5734);
#5707 = B_SPLINE_CURVE_WITH_KNOTS('',7,(#5708,#5709,#5710,#5711,#5712,
    #5713,#5714,#5715,#5716,#5717,#5718,#5719,#5720,#5721,#5722,#5723,
    #5724,#5725,#5726,#5727,#5728,#5729,#5730,#5731,#5732,#5733),
  .UNSPECIFIED.,.F.,.F.,(8,6,6,6,8),(0.,0.144787905065,0.307044753849,
    0.438789256067,1.),.UNSPECIFIED.);
#5708 = CARTESIAN_POINT('',(3.14159265359,-9.10330693749));
#5709 = CARTESIAN_POINT('',(3.17937305626,-9.086772358861));
#5710 = CARTESIAN_POINT('',(3.217089798489,-9.070054970076));
#5711 = CARTESIAN_POINT('',(3.254753201843,-9.053184447675));
#5712 = CARTESIAN_POINT('',(3.292374156271,-9.03619245322));
#5713 = CARTESIAN_POINT('',(3.3299641201,-9.019112633287));
#5714 = CARTESIAN_POINT('',(3.367535120041,-9.00198061947));
#5715 = CARTESIAN_POINT('',(3.44719662849,-8.965618667565));
#5716 = CARTESIAN_POINT('',(3.489285611035,-8.946387232477));
#5717 = CARTESIAN_POINT('',(3.531383762452,-8.927182142361));
#5718 = CARTESIAN_POINT('',(3.573516038913,-8.908073288878));
#5719 = CARTESIAN_POINT('',(3.615707152089,-8.889133309737));
#5720 = CARTESIAN_POINT('',(3.657979629283,-8.870430514376));
#5721 = CARTESIAN_POINT('',(3.734767260298,-8.837106840398));
#5722 = CARTESIAN_POINT('',(3.76694408088,-8.823378804462));
#5723 = CARTESIAN_POINT('',(3.797375541076,-8.810631857208));
#5724 = CARTESIAN_POINT('',(3.826425052997,-8.798697261482));
#5725 = CARTESIAN_POINT('',(3.854354150191,-8.787455954449));
#5726 = CARTESIAN_POINT('',(3.881330440105,-8.776832679097));
#5727 = CARTESIAN_POINT('',(4.018566819888,-8.724006264052));
#5728 = CARTESIAN_POINT('',(4.131191664481,-8.684997089158));
#5729 = CARTESIAN_POINT('',(4.245234064082,-8.651338327693));
#5730 = CARTESIAN_POINT('',(4.360647844853,-8.6246039469));
#5731 = CARTESIAN_POINT('',(4.477266233117,-8.606141162938));
#5732 = CARTESIAN_POINT('',(4.594861077416,-8.596918011038));
#5733 = CARTESIAN_POINT('',(4.712388980385,-8.596918011038));
#5734 = ( GEOMETRIC_REPRESENTATION_CONTEXT(2) 
PARAMETRIC_REPRESENTATION_CONTEXT() REPRESENTATION_CONTEXT('2D SPACE',''
  ) );
#5735 = PCURVE('',#518,#5736);
#5736 = DEFINITIONAL_REPRESENTATION('',(#5737),#5764);
#5737 = B_SPLINE_CURVE_WITH_KNOTS('',7,(#5738,#5739,#5740,#5741,#5742,
    #5743,#5744,#5745,#5746,#5747,#5748,#5749,#5750,#5751,#5752,#5753,
    #5754,#5755,#5756,#5757,#5758,#5759,#5760,#5761,#5762,#5763),
  .UNSPECIFIED.,.F.,.F.,(8,6,6,6,8),(0.,0.144787905065,0.307044753849,
    0.438789256067,1.),.UNSPECIFIED.);
#5738 = CARTESIAN_POINT('',(5.344283934714,-12.69));
#5739 = CARTESIAN_POINT('',(5.296039094671,-12.69));
#5740 = CARTESIAN_POINT('',(5.247801366331,-12.6880014973));
#5741 = CARTESIAN_POINT('',(5.199667274473,-12.68401711094));
#5742 = CARTESIAN_POINT('',(5.151732246202,-12.678062483));
#5743 = CARTESIAN_POINT('',(5.104090610945,-12.67015627861));
#5744 = CARTESIAN_POINT('',(5.056835600455,-12.66032018596));
#5745 = CARTESIAN_POINT('',(4.957639450978,-12.63542103946));
#5746 = CARTESIAN_POINT('',(4.905821801717,-12.61987018247));
#5747 = CARTESIAN_POINT('',(4.854732903241,-12.60196113916));
#5748 = CARTESIAN_POINT('',(4.804500908393,-12.58172935709));
#5749 = CARTESIAN_POINT('',(4.755255361524,-12.55921264491));
#5750 = CARTESIAN_POINT('',(4.707127260909,-12.53445210773));
#5751 = CARTESIAN_POINT('',(4.62218698265,-12.48560229373));
#5752 = CARTESIAN_POINT('',(4.587495453042,-12.46372730137));
#5753 = CARTESIAN_POINT('',(4.555504232603,-12.44192611217));
#5754 = CARTESIAN_POINT('',(4.525728985196,-12.42017124879));
#5755 = CARTESIAN_POINT('',(4.497832257373,-12.39842184702));
#5756 = CARTESIAN_POINT('',(4.471594547116,-12.37667127206));
#5757 = CARTESIAN_POINT('',(4.341683273579,-12.26252328518));
#5758 = CARTESIAN_POINT('',(4.247797508209,-12.15638083883));
#5759 = CARTESIAN_POINT('',(4.168204571532,-12.03785760824));
#5760 = CARTESIAN_POINT('',(4.105761392405,-11.90890221669));
#5761 = CARTESIAN_POINT('',(4.062894611122,-11.77214838493));
#5762 = CARTESIAN_POINT('',(4.041479345784,-11.63103348356));
#5763 = CARTESIAN_POINT('',(4.041479345784,-11.49));
#5764 = ( GEOMETRIC_REPRESENTATION_CONTEXT(2) 
PARAMETRIC_REPRESENTATION_CONTEXT() REPRESENTATION_CONTEXT('2D SPACE',''
  ) );
#5765 = ORIENTED_EDGE('',*,*,#5766,.F.);
#5766 = EDGE_CURVE('',#5650,#5675,#5767,.T.);
#5767 = SURFACE_CURVE('',#5768,(#5772,#5779),.PCURVE_S1.);
#5768 = LINE('',#5769,#5770);
#5769 = CARTESIAN_POINT('',(-11.49,-1.,-21.3));
#5770 = VECTOR('',#5771,1.);
#5771 = DIRECTION('',(-0.,1.,-0.));
#5772 = PCURVE('',#4943,#5773);
#5773 = DEFINITIONAL_REPRESENTATION('',(#5774),#5778);
#5774 = LINE('',#5775,#5776);
#5775 = CARTESIAN_POINT('',(4.712388980385,0.));
#5776 = VECTOR('',#5777,1.);
#5777 = DIRECTION('',(0.,-1.));
#5778 = ( GEOMETRIC_REPRESENTATION_CONTEXT(2) 
PARAMETRIC_REPRESENTATION_CONTEXT() REPRESENTATION_CONTEXT('2D SPACE',''
  ) );
#5779 = PCURVE('',#3489,#5780);
#5780 = DEFINITIONAL_REPRESENTATION('',(#5781),#5785);
#5781 = LINE('',#5782,#5783);
#5782 = CARTESIAN_POINT('',(0.,0.));
#5783 = VECTOR('',#5784,1.);
#5784 = DIRECTION('',(0.,-1.));
#5785 = ( GEOMETRIC_REPRESENTATION_CONTEXT(2) 
PARAMETRIC_REPRESENTATION_CONTEXT() REPRESENTATION_CONTEXT('2D SPACE',''
  ) );
#5786 = ADVANCED_FACE('',(#5787),#4482,.F.);
#5787 = FACE_BOUND('',#5788,.F.);
#5788 = EDGE_LOOP('',(#5789,#5819,#5839,#5840,#5861,#5887));
#5789 = ORIENTED_EDGE('',*,*,#5790,.F.);
#5790 = EDGE_CURVE('',#5791,#5793,#5795,.T.);
#5791 = VERTEX_POINT('',#5792);
#5792 = CARTESIAN_POINT('',(7.35,0.,23.8));
#5793 = VERTEX_POINT('',#5794);
#5794 = CARTESIAN_POINT('',(7.35,5.3,23.8));
#5795 = SURFACE_CURVE('',#5796,(#5800,#5807),.PCURVE_S1.);
#5796 = LINE('',#5797,#5798);
#5797 = CARTESIAN_POINT('',(7.35,-1.,23.8));
#5798 = VECTOR('',#5799,1.);
#5799 = DIRECTION('',(0.,1.,0.));
#5800 = PCURVE('',#4482,#5801);
#5801 = DEFINITIONAL_REPRESENTATION('',(#5802),#5806);
#5802 = LINE('',#5803,#5804);
#5803 = CARTESIAN_POINT('',(2.5,0.));
#5804 = VECTOR('',#5805,1.);
#5805 = DIRECTION('',(0.,-1.));
#5806 = ( GEOMETRIC_REPRESENTATION_CONTEXT(2) 
PARAMETRIC_REPRESENTATION_CONTEXT() REPRESENTATION_CONTEXT('2D SPACE',''
  ) );
#5807 = PCURVE('',#5808,#5813);
#5808 = PLANE('',#5809);
#5809 = AXIS2_PLACEMENT_3D('',#5810,#5811,#5812);
#5810 = CARTESIAN_POINT('',(-7.35,-1.,23.8));
#5811 = DIRECTION('',(0.,0.,1.));
#5812 = DIRECTION('',(1.,0.,0.));
#5813 = DEFINITIONAL_REPRESENTATION('',(#5814),#5818);
#5814 = LINE('',#5815,#5816);
#5815 = CARTESIAN_POINT('',(14.7,0.));
#5816 = VECTOR('',#5817,1.);
#5817 = DIRECTION('',(0.,1.));
#5818 = ( GEOMETRIC_REPRESENTATION_CONTEXT(2) 
PARAMETRIC_REPRESENTATION_CONTEXT() REPRESENTATION_CONTEXT('2D SPACE',''
  ) );
#5819 = ORIENTED_EDGE('',*,*,#5820,.F.);
#5820 = EDGE_CURVE('',#4445,#5791,#5821,.T.);
#5821 = SURFACE_CURVE('',#5822,(#5826,#5832),.PCURVE_S1.);
#5822 = LINE('',#5823,#5824);
#5823 = CARTESIAN_POINT('',(7.35,0.,10.65));
#5824 = VECTOR('',#5825,1.);
#5825 = DIRECTION('',(-0.,0.,1.));
#5826 = PCURVE('',#4482,#5827);
#5827 = DEFINITIONAL_REPRESENTATION('',(#5828),#5831);
#5828 = B_SPLINE_CURVE_WITH_KNOTS('',1,(#5829,#5830),.UNSPECIFIED.,.F.,
  .F.,(2,2),(10.65,13.15),.PIECEWISE_BEZIER_KNOTS.);
#5829 = CARTESIAN_POINT('',(0.,-1.));
#5830 = CARTESIAN_POINT('',(2.5,-1.));
#5831 = ( GEOMETRIC_REPRESENTATION_CONTEXT(2) 
PARAMETRIC_REPRESENTATION_CONTEXT() REPRESENTATION_CONTEXT('2D SPACE',''
  ) );
#5832 = PCURVE('',#44,#5833);
#5833 = DEFINITIONAL_REPRESENTATION('',(#5834),#5838);
#5834 = LINE('',#5835,#5836);
#5835 = CARTESIAN_POINT('',(7.35,10.65));
#5836 = VECTOR('',#5837,1.);
#5837 = DIRECTION('',(0.,1.));
#5838 = ( GEOMETRIC_REPRESENTATION_CONTEXT(2) 
PARAMETRIC_REPRESENTATION_CONTEXT() REPRESENTATION_CONTEXT('2D SPACE',''
  ) );
#5839 = ORIENTED_EDGE('',*,*,#4466,.T.);
#5840 = ORIENTED_EDGE('',*,*,#5841,.T.);
#5841 = EDGE_CURVE('',#4467,#5842,#5844,.T.);
#5842 = VERTEX_POINT('',#5843);
#5843 = CARTESIAN_POINT('',(7.35,4.62,21.8));
#5844 = SURFACE_CURVE('',#5845,(#5849,#5855),.PCURVE_S1.);
#5845 = LINE('',#5846,#5847);
#5846 = CARTESIAN_POINT('',(7.35,4.62,21.2));
#5847 = VECTOR('',#5848,1.);
#5848 = DIRECTION('',(0.,0.,1.));
#5849 = PCURVE('',#4482,#5850);
#5850 = DEFINITIONAL_REPRESENTATION('',(#5851),#5854);
#5851 = B_SPLINE_CURVE_WITH_KNOTS('',1,(#5852,#5853),.UNSPECIFIED.,.F.,
  .F.,(2,2),(0.1,0.6),.PIECEWISE_BEZIER_KNOTS.);
#5852 = CARTESIAN_POINT('',(0.,-5.62));
#5853 = CARTESIAN_POINT('',(0.5,-5.62));
#5854 = ( GEOMETRIC_REPRESENTATION_CONTEXT(2) 
PARAMETRIC_REPRESENTATION_CONTEXT() REPRESENTATION_CONTEXT('2D SPACE',''
  ) );
#5855 = PCURVE('',#4509,#5856);
#5856 = DEFINITIONAL_REPRESENTATION('',(#5857),#5860);
#5857 = B_SPLINE_CURVE_WITH_KNOTS('',1,(#5858,#5859),.UNSPECIFIED.,.F.,
  .F.,(2,2),(0.1,0.6),.PIECEWISE_BEZIER_KNOTS.);
#5858 = CARTESIAN_POINT('',(0.2,0.85));
#5859 = CARTESIAN_POINT('',(0.7,0.85));
#5860 = ( GEOMETRIC_REPRESENTATION_CONTEXT(2) 
PARAMETRIC_REPRESENTATION_CONTEXT() REPRESENTATION_CONTEXT('2D SPACE',''
  ) );
#5861 = ORIENTED_EDGE('',*,*,#5862,.F.);
#5862 = EDGE_CURVE('',#5863,#5842,#5865,.T.);
#5863 = VERTEX_POINT('',#5864);
#5864 = CARTESIAN_POINT('',(7.35,5.3,21.8));
#5865 = SURFACE_CURVE('',#5866,(#5870,#5876),.PCURVE_S1.);
#5866 = LINE('',#5867,#5868);
#5867 = CARTESIAN_POINT('',(7.35,1.81,21.8));
#5868 = VECTOR('',#5869,1.);
#5869 = DIRECTION('',(0.,-1.,0.));
#5870 = PCURVE('',#4482,#5871);
#5871 = DEFINITIONAL_REPRESENTATION('',(#5872),#5875);
#5872 = B_SPLINE_CURVE_WITH_KNOTS('',1,(#5873,#5874),.UNSPECIFIED.,.F.,
  .F.,(2,2),(-3.49,-2.81),.PIECEWISE_BEZIER_KNOTS.);
#5873 = CARTESIAN_POINT('',(0.5,-6.3));
#5874 = CARTESIAN_POINT('',(0.5,-5.62));
#5875 = ( GEOMETRIC_REPRESENTATION_CONTEXT(2) 
PARAMETRIC_REPRESENTATION_CONTEXT() REPRESENTATION_CONTEXT('2D SPACE',''
  ) );
#5876 = PCURVE('',#5877,#5882);
#5877 = PLANE('',#5878);
#5878 = AXIS2_PLACEMENT_3D('',#5879,#5880,#5881);
#5879 = CARTESIAN_POINT('',(6.5,4.62,21.8));
#5880 = DIRECTION('',(0.,0.,1.));
#5881 = DIRECTION('',(1.,0.,0.));
#5882 = DEFINITIONAL_REPRESENTATION('',(#5883),#5886);
#5883 = B_SPLINE_CURVE_WITH_KNOTS('',1,(#5884,#5885),.UNSPECIFIED.,.F.,
  .F.,(2,2),(-3.49,-2.81),.PIECEWISE_BEZIER_KNOTS.);
#5884 = CARTESIAN_POINT('',(0.85,0.68));
#5885 = CARTESIAN_POINT('',(0.85,0.));
#5886 = ( GEOMETRIC_REPRESENTATION_CONTEXT(2) 
PARAMETRIC_REPRESENTATION_CONTEXT() REPRESENTATION_CONTEXT('2D SPACE',''
  ) );
#5887 = ORIENTED_EDGE('',*,*,#5888,.T.);
#5888 = EDGE_CURVE('',#5863,#5793,#5889,.T.);
#5889 = SURFACE_CURVE('',#5890,(#5894,#5901),.PCURVE_S1.);
#5890 = LINE('',#5891,#5892);
#5891 = CARTESIAN_POINT('',(7.35,5.3,21.3));
#5892 = VECTOR('',#5893,1.);
#5893 = DIRECTION('',(0.,0.,1.));
#5894 = PCURVE('',#4482,#5895);
#5895 = DEFINITIONAL_REPRESENTATION('',(#5896),#5900);
#5896 = LINE('',#5897,#5898);
#5897 = CARTESIAN_POINT('',(0.,-6.3));
#5898 = VECTOR('',#5899,1.);
#5899 = DIRECTION('',(1.,0.));
#5900 = ( GEOMETRIC_REPRESENTATION_CONTEXT(2) 
PARAMETRIC_REPRESENTATION_CONTEXT() REPRESENTATION_CONTEXT('2D SPACE',''
  ) );
#5901 = PCURVE('',#4614,#5902);
#5902 = DEFINITIONAL_REPRESENTATION('',(#5903),#5907);
#5903 = LINE('',#5904,#5905);
#5904 = CARTESIAN_POINT('',(0.,14.7));
#5905 = VECTOR('',#5906,1.);
#5906 = DIRECTION('',(1.,0.));
#5907 = ( GEOMETRIC_REPRESENTATION_CONTEXT(2) 
PARAMETRIC_REPRESENTATION_CONTEXT() REPRESENTATION_CONTEXT('2D SPACE',''
  ) );
#5908 = ADVANCED_FACE('',(#5909),#5877,.F.);
#5909 = FACE_BOUND('',#5910,.F.);
#5910 = EDGE_LOOP('',(#5911,#5936,#5955,#5956,#5979,#6002));
#5911 = ORIENTED_EDGE('',*,*,#5912,.F.);
#5912 = EDGE_CURVE('',#5913,#5915,#5917,.T.);
#5913 = VERTEX_POINT('',#5914);
#5914 = CARTESIAN_POINT('',(6.5,5.3,21.8));
#5915 = VERTEX_POINT('',#5916);
#5916 = CARTESIAN_POINT('',(6.5,6.62,21.8));
#5917 = SURFACE_CURVE('',#5918,(#5922,#5929),.PCURVE_S1.);
#5918 = LINE('',#5919,#5920);
#5919 = CARTESIAN_POINT('',(6.5,4.62,21.8));
#5920 = VECTOR('',#5921,1.);
#5921 = DIRECTION('',(0.,1.,0.));
#5922 = PCURVE('',#5877,#5923);
#5923 = DEFINITIONAL_REPRESENTATION('',(#5924),#5928);
#5924 = LINE('',#5925,#5926);
#5925 = CARTESIAN_POINT('',(0.,0.));
#5926 = VECTOR('',#5927,1.);
#5927 = DIRECTION('',(0.,1.));
#5928 = ( GEOMETRIC_REPRESENTATION_CONTEXT(2) 
PARAMETRIC_REPRESENTATION_CONTEXT() REPRESENTATION_CONTEXT('2D SPACE',''
  ) );
#5929 = PCURVE('',#4587,#5930);
#5930 = DEFINITIONAL_REPRESENTATION('',(#5931),#5935);
#5931 = LINE('',#5932,#5933);
#5932 = CARTESIAN_POINT('',(0.7,0.));
#5933 = VECTOR('',#5934,1.);
#5934 = DIRECTION('',(0.,-1.));
#5935 = ( GEOMETRIC_REPRESENTATION_CONTEXT(2) 
PARAMETRIC_REPRESENTATION_CONTEXT() REPRESENTATION_CONTEXT('2D SPACE',''
  ) );
#5936 = ORIENTED_EDGE('',*,*,#5937,.T.);
#5937 = EDGE_CURVE('',#5913,#5863,#5938,.T.);
#5938 = SURFACE_CURVE('',#5939,(#5943,#5949),.PCURVE_S1.);
#5939 = LINE('',#5940,#5941);
#5940 = CARTESIAN_POINT('',(-0.425,5.3,21.8));
#5941 = VECTOR('',#5942,1.);
#5942 = DIRECTION('',(1.,0.,0.));
#5943 = PCURVE('',#5877,#5944);
#5944 = DEFINITIONAL_REPRESENTATION('',(#5945),#5948);
#5945 = B_SPLINE_CURVE_WITH_KNOTS('',1,(#5946,#5947),.UNSPECIFIED.,.F.,
  .F.,(2,2),(6.925,7.775),.PIECEWISE_BEZIER_KNOTS.);
#5946 = CARTESIAN_POINT('',(0.,0.68));
#5947 = CARTESIAN_POINT('',(0.85,0.68));
#5948 = ( GEOMETRIC_REPRESENTATION_CONTEXT(2) 
PARAMETRIC_REPRESENTATION_CONTEXT() REPRESENTATION_CONTEXT('2D SPACE',''
  ) );
#5949 = PCURVE('',#4614,#5950);
#5950 = DEFINITIONAL_REPRESENTATION('',(#5951),#5954);
#5951 = B_SPLINE_CURVE_WITH_KNOTS('',1,(#5952,#5953),.UNSPECIFIED.,.F.,
  .F.,(2,2),(6.925,7.775),.PIECEWISE_BEZIER_KNOTS.);
#5952 = CARTESIAN_POINT('',(0.5,13.85));
#5953 = CARTESIAN_POINT('',(0.5,14.7));
#5954 = ( GEOMETRIC_REPRESENTATION_CONTEXT(2) 
PARAMETRIC_REPRESENTATION_CONTEXT() REPRESENTATION_CONTEXT('2D SPACE',''
  ) );
#5955 = ORIENTED_EDGE('',*,*,#5862,.T.);
#5956 = ORIENTED_EDGE('',*,*,#5957,.T.);
#5957 = EDGE_CURVE('',#5842,#5958,#5960,.T.);
#5958 = VERTEX_POINT('',#5959);
#5959 = CARTESIAN_POINT('',(8.5,4.62,21.8));
#5960 = SURFACE_CURVE('',#5961,(#5965,#5972),.PCURVE_S1.);
#5961 = LINE('',#5962,#5963);
#5962 = CARTESIAN_POINT('',(6.5,4.62,21.8));
#5963 = VECTOR('',#5964,1.);
#5964 = DIRECTION('',(1.,0.,0.));
#5965 = PCURVE('',#5877,#5966);
#5966 = DEFINITIONAL_REPRESENTATION('',(#5967),#5971);
#5967 = LINE('',#5968,#5969);
#5968 = CARTESIAN_POINT('',(0.,0.));
#5969 = VECTOR('',#5970,1.);
#5970 = DIRECTION('',(1.,0.));
#5971 = ( GEOMETRIC_REPRESENTATION_CONTEXT(2) 
PARAMETRIC_REPRESENTATION_CONTEXT() REPRESENTATION_CONTEXT('2D SPACE',''
  ) );
#5972 = PCURVE('',#4509,#5973);
#5973 = DEFINITIONAL_REPRESENTATION('',(#5974),#5978);
#5974 = LINE('',#5975,#5976);
#5975 = CARTESIAN_POINT('',(0.7,0.));
#5976 = VECTOR('',#5977,1.);
#5977 = DIRECTION('',(0.,1.));
#5978 = ( GEOMETRIC_REPRESENTATION_CONTEXT(2) 
PARAMETRIC_REPRESENTATION_CONTEXT() REPRESENTATION_CONTEXT('2D SPACE',''
  ) );
#5979 = ORIENTED_EDGE('',*,*,#5980,.T.);
#5980 = EDGE_CURVE('',#5958,#5981,#5983,.T.);
#5981 = VERTEX_POINT('',#5982);
#5982 = CARTESIAN_POINT('',(8.5,6.62,21.8));
#5983 = SURFACE_CURVE('',#5984,(#5988,#5995),.PCURVE_S1.);
#5984 = LINE('',#5985,#5986);
#5985 = CARTESIAN_POINT('',(8.5,4.62,21.8));
#5986 = VECTOR('',#5987,1.);
#5987 = DIRECTION('',(0.,1.,0.));
#5988 = PCURVE('',#5877,#5989);
#5989 = DEFINITIONAL_REPRESENTATION('',(#5990),#5994);
#5990 = LINE('',#5991,#5992);
#5991 = CARTESIAN_POINT('',(2.,0.));
#5992 = VECTOR('',#5993,1.);
#5993 = DIRECTION('',(0.,1.));
#5994 = ( GEOMETRIC_REPRESENTATION_CONTEXT(2) 
PARAMETRIC_REPRESENTATION_CONTEXT() REPRESENTATION_CONTEXT('2D SPACE',''
  ) );
#5995 = PCURVE('',#4535,#5996);
#5996 = DEFINITIONAL_REPRESENTATION('',(#5997),#6001);
#5997 = LINE('',#5998,#5999);
#5998 = CARTESIAN_POINT('',(0.7,0.));
#5999 = VECTOR('',#6000,1.);
#6000 = DIRECTION('',(0.,-1.));
#6001 = ( GEOMETRIC_REPRESENTATION_CONTEXT(2) 
PARAMETRIC_REPRESENTATION_CONTEXT() REPRESENTATION_CONTEXT('2D SPACE',''
  ) );
#6002 = ORIENTED_EDGE('',*,*,#6003,.F.);
#6003 = EDGE_CURVE('',#5915,#5981,#6004,.T.);
#6004 = SURFACE_CURVE('',#6005,(#6009,#6016),.PCURVE_S1.);
#6005 = LINE('',#6006,#6007);
#6006 = CARTESIAN_POINT('',(6.5,6.62,21.8));
#6007 = VECTOR('',#6008,1.);
#6008 = DIRECTION('',(1.,0.,0.));
#6009 = PCURVE('',#5877,#6010);
#6010 = DEFINITIONAL_REPRESENTATION('',(#6011),#6015);
#6011 = LINE('',#6012,#6013);
#6012 = CARTESIAN_POINT('',(0.,2.));
#6013 = VECTOR('',#6014,1.);
#6014 = DIRECTION('',(1.,0.));
#6015 = ( GEOMETRIC_REPRESENTATION_CONTEXT(2) 
PARAMETRIC_REPRESENTATION_CONTEXT() REPRESENTATION_CONTEXT('2D SPACE',''
  ) );
#6016 = PCURVE('',#4561,#6017);
#6017 = DEFINITIONAL_REPRESENTATION('',(#6018),#6022);
#6018 = LINE('',#6019,#6020);
#6019 = CARTESIAN_POINT('',(0.7,0.));
#6020 = VECTOR('',#6021,1.);
#6021 = DIRECTION('',(0.,1.));
#6022 = ( GEOMETRIC_REPRESENTATION_CONTEXT(2) 
PARAMETRIC_REPRESENTATION_CONTEXT() REPRESENTATION_CONTEXT('2D SPACE',''
  ) );
#6023 = ADVANCED_FACE('',(#6024),#5808,.F.);
#6024 = FACE_BOUND('',#6025,.F.);
#6025 = EDGE_LOOP('',(#6026,#6051,#6071,#6072));
#6026 = ORIENTED_EDGE('',*,*,#6027,.F.);
#6027 = EDGE_CURVE('',#6028,#6030,#6032,.T.);
#6028 = VERTEX_POINT('',#6029);
#6029 = CARTESIAN_POINT('',(-7.35,0.,23.8));
#6030 = VERTEX_POINT('',#6031);
#6031 = CARTESIAN_POINT('',(-7.35,5.3,23.8));
#6032 = SURFACE_CURVE('',#6033,(#6037,#6044),.PCURVE_S1.);
#6033 = LINE('',#6034,#6035);
#6034 = CARTESIAN_POINT('',(-7.35,-1.,23.8));
#6035 = VECTOR('',#6036,1.);
#6036 = DIRECTION('',(0.,1.,0.));
#6037 = PCURVE('',#5808,#6038);
#6038 = DEFINITIONAL_REPRESENTATION('',(#6039),#6043);
#6039 = LINE('',#6040,#6041);
#6040 = CARTESIAN_POINT('',(0.,0.));
#6041 = VECTOR('',#6042,1.);
#6042 = DIRECTION('',(0.,1.));
#6043 = ( GEOMETRIC_REPRESENTATION_CONTEXT(2) 
PARAMETRIC_REPRESENTATION_CONTEXT() REPRESENTATION_CONTEXT('2D SPACE',''
  ) );
#6044 = PCURVE('',#4744,#6045);
#6045 = DEFINITIONAL_REPRESENTATION('',(#6046),#6050);
#6046 = LINE('',#6047,#6048);
#6047 = CARTESIAN_POINT('',(2.5,0.));
#6048 = VECTOR('',#6049,1.);
#6049 = DIRECTION('',(0.,-1.));
#6050 = ( GEOMETRIC_REPRESENTATION_CONTEXT(2) 
PARAMETRIC_REPRESENTATION_CONTEXT() REPRESENTATION_CONTEXT('2D SPACE',''
  ) );
#6051 = ORIENTED_EDGE('',*,*,#6052,.F.);
#6052 = EDGE_CURVE('',#5791,#6028,#6053,.T.);
#6053 = SURFACE_CURVE('',#6054,(#6058,#6064),.PCURVE_S1.);
#6054 = LINE('',#6055,#6056);
#6055 = CARTESIAN_POINT('',(-3.675,0.,23.8));
#6056 = VECTOR('',#6057,1.);
#6057 = DIRECTION('',(-1.,0.,0.));
#6058 = PCURVE('',#5808,#6059);
#6059 = DEFINITIONAL_REPRESENTATION('',(#6060),#6063);
#6060 = B_SPLINE_CURVE_WITH_KNOTS('',1,(#6061,#6062),.UNSPECIFIED.,.F.,
  .F.,(2,2),(-11.025,3.675),.PIECEWISE_BEZIER_KNOTS.);
#6061 = CARTESIAN_POINT('',(14.7,1.));
#6062 = CARTESIAN_POINT('',(0.,1.));
#6063 = ( GEOMETRIC_REPRESENTATION_CONTEXT(2) 
PARAMETRIC_REPRESENTATION_CONTEXT() REPRESENTATION_CONTEXT('2D SPACE',''
  ) );
#6064 = PCURVE('',#44,#6065);
#6065 = DEFINITIONAL_REPRESENTATION('',(#6066),#6070);
#6066 = LINE('',#6067,#6068);
#6067 = CARTESIAN_POINT('',(-3.675,23.8));
#6068 = VECTOR('',#6069,1.);
#6069 = DIRECTION('',(-1.,0.));
#6070 = ( GEOMETRIC_REPRESENTATION_CONTEXT(2) 
PARAMETRIC_REPRESENTATION_CONTEXT() REPRESENTATION_CONTEXT('2D SPACE',''
  ) );
#6071 = ORIENTED_EDGE('',*,*,#5790,.T.);
#6072 = ORIENTED_EDGE('',*,*,#6073,.F.);
#6073 = EDGE_CURVE('',#6030,#5793,#6074,.T.);
#6074 = SURFACE_CURVE('',#6075,(#6079,#6086),.PCURVE_S1.);
#6075 = LINE('',#6076,#6077);
#6076 = CARTESIAN_POINT('',(-7.35,5.3,23.8));
#6077 = VECTOR('',#6078,1.);
#6078 = DIRECTION('',(1.,0.,0.));
#6079 = PCURVE('',#5808,#6080);
#6080 = DEFINITIONAL_REPRESENTATION('',(#6081),#6085);
#6081 = LINE('',#6082,#6083);
#6082 = CARTESIAN_POINT('',(0.,6.3));
#6083 = VECTOR('',#6084,1.);
#6084 = DIRECTION('',(1.,0.));
#6085 = ( GEOMETRIC_REPRESENTATION_CONTEXT(2) 
PARAMETRIC_REPRESENTATION_CONTEXT() REPRESENTATION_CONTEXT('2D SPACE',''
  ) );
#6086 = PCURVE('',#4614,#6087);
#6087 = DEFINITIONAL_REPRESENTATION('',(#6088),#6092);
#6088 = LINE('',#6089,#6090);
#6089 = CARTESIAN_POINT('',(2.5,0.));
#6090 = VECTOR('',#6091,1.);
#6091 = DIRECTION('',(0.,1.));
#6092 = ( GEOMETRIC_REPRESENTATION_CONTEXT(2) 
PARAMETRIC_REPRESENTATION_CONTEXT() REPRESENTATION_CONTEXT('2D SPACE',''
  ) );
#6093 = ADVANCED_FACE('',(#6094),#4509,.T.);
#6094 = FACE_BOUND('',#6095,.T.);
#6095 = EDGE_LOOP('',(#6096,#6117,#6118,#6119));
#6096 = ORIENTED_EDGE('',*,*,#6097,.F.);
#6097 = EDGE_CURVE('',#4495,#5958,#6098,.T.);
#6098 = SURFACE_CURVE('',#6099,(#6103,#6110),.PCURVE_S1.);
#6099 = LINE('',#6100,#6101);
#6100 = CARTESIAN_POINT('',(8.5,4.62,21.1));
#6101 = VECTOR('',#6102,1.);
#6102 = DIRECTION('',(0.,0.,1.));
#6103 = PCURVE('',#4509,#6104);
#6104 = DEFINITIONAL_REPRESENTATION('',(#6105),#6109);
#6105 = LINE('',#6106,#6107);
#6106 = CARTESIAN_POINT('',(0.,2.));
#6107 = VECTOR('',#6108,1.);
#6108 = DIRECTION('',(1.,0.));
#6109 = ( GEOMETRIC_REPRESENTATION_CONTEXT(2) 
PARAMETRIC_REPRESENTATION_CONTEXT() REPRESENTATION_CONTEXT('2D SPACE',''
  ) );
#6110 = PCURVE('',#4535,#6111);
#6111 = DEFINITIONAL_REPRESENTATION('',(#6112),#6116);
#6112 = LINE('',#6113,#6114);
#6113 = CARTESIAN_POINT('',(0.,0.));
#6114 = VECTOR('',#6115,1.);
#6115 = DIRECTION('',(1.,0.));
#6116 = ( GEOMETRIC_REPRESENTATION_CONTEXT(2) 
PARAMETRIC_REPRESENTATION_CONTEXT() REPRESENTATION_CONTEXT('2D SPACE',''
  ) );
#6117 = ORIENTED_EDGE('',*,*,#4494,.F.);
#6118 = ORIENTED_EDGE('',*,*,#5841,.T.);
#6119 = ORIENTED_EDGE('',*,*,#5957,.T.);
#6120 = ADVANCED_FACE('',(#6121),#4535,.F.);
#6121 = FACE_BOUND('',#6122,.F.);
#6122 = EDGE_LOOP('',(#6123,#6124,#6125,#6146));
#6123 = ORIENTED_EDGE('',*,*,#6097,.F.);
#6124 = ORIENTED_EDGE('',*,*,#4520,.F.);
#6125 = ORIENTED_EDGE('',*,*,#6126,.T.);
#6126 = EDGE_CURVE('',#4521,#5981,#6127,.T.);
#6127 = SURFACE_CURVE('',#6128,(#6132,#6139),.PCURVE_S1.);
#6128 = LINE('',#6129,#6130);
#6129 = CARTESIAN_POINT('',(8.5,6.62,21.1));
#6130 = VECTOR('',#6131,1.);
#6131 = DIRECTION('',(0.,0.,1.));
#6132 = PCURVE('',#4535,#6133);
#6133 = DEFINITIONAL_REPRESENTATION('',(#6134),#6138);
#6134 = LINE('',#6135,#6136);
#6135 = CARTESIAN_POINT('',(0.,-2.));
#6136 = VECTOR('',#6137,1.);
#6137 = DIRECTION('',(1.,0.));
#6138 = ( GEOMETRIC_REPRESENTATION_CONTEXT(2) 
PARAMETRIC_REPRESENTATION_CONTEXT() REPRESENTATION_CONTEXT('2D SPACE',''
  ) );
#6139 = PCURVE('',#4561,#6140);
#6140 = DEFINITIONAL_REPRESENTATION('',(#6141),#6145);
#6141 = LINE('',#6142,#6143);
#6142 = CARTESIAN_POINT('',(0.,2.));
#6143 = VECTOR('',#6144,1.);
#6144 = DIRECTION('',(1.,0.));
#6145 = ( GEOMETRIC_REPRESENTATION_CONTEXT(2) 
PARAMETRIC_REPRESENTATION_CONTEXT() REPRESENTATION_CONTEXT('2D SPACE',''
  ) );
#6146 = ORIENTED_EDGE('',*,*,#5980,.F.);
#6147 = ADVANCED_FACE('',(#6148),#4561,.F.);
#6148 = FACE_BOUND('',#6149,.F.);
#6149 = EDGE_LOOP('',(#6150,#6151,#6152,#6173));
#6150 = ORIENTED_EDGE('',*,*,#6126,.F.);
#6151 = ORIENTED_EDGE('',*,*,#4546,.F.);
#6152 = ORIENTED_EDGE('',*,*,#6153,.T.);
#6153 = EDGE_CURVE('',#4547,#5915,#6154,.T.);
#6154 = SURFACE_CURVE('',#6155,(#6159,#6166),.PCURVE_S1.);
#6155 = LINE('',#6156,#6157);
#6156 = CARTESIAN_POINT('',(6.5,6.62,21.1));
#6157 = VECTOR('',#6158,1.);
#6158 = DIRECTION('',(0.,0.,1.));
#6159 = PCURVE('',#4561,#6160);
#6160 = DEFINITIONAL_REPRESENTATION('',(#6161),#6165);
#6161 = LINE('',#6162,#6163);
#6162 = CARTESIAN_POINT('',(0.,0.));
#6163 = VECTOR('',#6164,1.);
#6164 = DIRECTION('',(1.,0.));
#6165 = ( GEOMETRIC_REPRESENTATION_CONTEXT(2) 
PARAMETRIC_REPRESENTATION_CONTEXT() REPRESENTATION_CONTEXT('2D SPACE',''
  ) );
#6166 = PCURVE('',#4587,#6167);
#6167 = DEFINITIONAL_REPRESENTATION('',(#6168),#6172);
#6168 = LINE('',#6169,#6170);
#6169 = CARTESIAN_POINT('',(0.,-2.));
#6170 = VECTOR('',#6171,1.);
#6171 = DIRECTION('',(1.,0.));
#6172 = ( GEOMETRIC_REPRESENTATION_CONTEXT(2) 
PARAMETRIC_REPRESENTATION_CONTEXT() REPRESENTATION_CONTEXT('2D SPACE',''
  ) );
#6173 = ORIENTED_EDGE('',*,*,#6003,.T.);
#6174 = ADVANCED_FACE('',(#6175),#4587,.T.);
#6175 = FACE_BOUND('',#6176,.T.);
#6176 = EDGE_LOOP('',(#6177,#6178,#6197,#6198));
#6177 = ORIENTED_EDGE('',*,*,#5912,.F.);
#6178 = ORIENTED_EDGE('',*,*,#6179,.T.);
#6179 = EDGE_CURVE('',#5913,#4573,#6180,.T.);
#6180 = SURFACE_CURVE('',#6181,(#6185,#6191),.PCURVE_S1.);
#6181 = LINE('',#6182,#6183);
#6182 = CARTESIAN_POINT('',(6.5,5.3,21.2));
#6183 = VECTOR('',#6184,1.);
#6184 = DIRECTION('',(0.,0.,-1.));
#6185 = PCURVE('',#4587,#6186);
#6186 = DEFINITIONAL_REPRESENTATION('',(#6187),#6190);
#6187 = B_SPLINE_CURVE_WITH_KNOTS('',1,(#6188,#6189),.UNSPECIFIED.,.F.,
  .F.,(2,2),(-0.6,-0.1),.PIECEWISE_BEZIER_KNOTS.);
#6188 = CARTESIAN_POINT('',(0.7,-0.68));
#6189 = CARTESIAN_POINT('',(0.2,-0.68));
#6190 = ( GEOMETRIC_REPRESENTATION_CONTEXT(2) 
PARAMETRIC_REPRESENTATION_CONTEXT() REPRESENTATION_CONTEXT('2D SPACE',''
  ) );
#6191 = PCURVE('',#4614,#6192);
#6192 = DEFINITIONAL_REPRESENTATION('',(#6193),#6196);
#6193 = B_SPLINE_CURVE_WITH_KNOTS('',1,(#6194,#6195),.UNSPECIFIED.,.F.,
  .F.,(2,2),(-0.6,-0.1),.PIECEWISE_BEZIER_KNOTS.);
#6194 = CARTESIAN_POINT('',(0.5,13.85));
#6195 = CARTESIAN_POINT('',(0.,13.85));
#6196 = ( GEOMETRIC_REPRESENTATION_CONTEXT(2) 
PARAMETRIC_REPRESENTATION_CONTEXT() REPRESENTATION_CONTEXT('2D SPACE',''
  ) );
#6197 = ORIENTED_EDGE('',*,*,#4572,.F.);
#6198 = ORIENTED_EDGE('',*,*,#6153,.T.);
#6199 = ADVANCED_FACE('',(#6200),#4614,.F.);
#6200 = FACE_BOUND('',#6201,.F.);
#6201 = EDGE_LOOP('',(#6202,#6203,#6224,#6250,#6271,#6272,#6273,#6274));
#6202 = ORIENTED_EDGE('',*,*,#4598,.F.);
#6203 = ORIENTED_EDGE('',*,*,#6204,.F.);
#6204 = EDGE_CURVE('',#6205,#4599,#6207,.T.);
#6205 = VERTEX_POINT('',#6206);
#6206 = CARTESIAN_POINT('',(-6.5,5.3,21.8));
#6207 = SURFACE_CURVE('',#6208,(#6212,#6218),.PCURVE_S1.);
#6208 = LINE('',#6209,#6210);
#6209 = CARTESIAN_POINT('',(-6.5,5.3,21.2));
#6210 = VECTOR('',#6211,1.);
#6211 = DIRECTION('',(0.,0.,-1.));
#6212 = PCURVE('',#4614,#6213);
#6213 = DEFINITIONAL_REPRESENTATION('',(#6214),#6217);
#6214 = B_SPLINE_CURVE_WITH_KNOTS('',1,(#6215,#6216),.UNSPECIFIED.,.F.,
  .F.,(2,2),(-0.6,-0.1),.PIECEWISE_BEZIER_KNOTS.);
#6215 = CARTESIAN_POINT('',(0.5,0.85));
#6216 = CARTESIAN_POINT('',(0.,0.85));
#6217 = ( GEOMETRIC_REPRESENTATION_CONTEXT(2) 
PARAMETRIC_REPRESENTATION_CONTEXT() REPRESENTATION_CONTEXT('2D SPACE',''
  ) );
#6218 = PCURVE('',#4641,#6219);
#6219 = DEFINITIONAL_REPRESENTATION('',(#6220),#6223);
#6220 = B_SPLINE_CURVE_WITH_KNOTS('',1,(#6221,#6222),.UNSPECIFIED.,.F.,
  .F.,(2,2),(-0.6,-0.1),.PIECEWISE_BEZIER_KNOTS.);
#6221 = CARTESIAN_POINT('',(0.7,-0.68));
#6222 = CARTESIAN_POINT('',(0.2,-0.68));
#6223 = ( GEOMETRIC_REPRESENTATION_CONTEXT(2) 
PARAMETRIC_REPRESENTATION_CONTEXT() REPRESENTATION_CONTEXT('2D SPACE',''
  ) );
#6224 = ORIENTED_EDGE('',*,*,#6225,.F.);
#6225 = EDGE_CURVE('',#6226,#6205,#6228,.T.);
#6226 = VERTEX_POINT('',#6227);
#6227 = CARTESIAN_POINT('',(-7.35,5.3,21.8));
#6228 = SURFACE_CURVE('',#6229,(#6233,#6239),.PCURVE_S1.);
#6229 = LINE('',#6230,#6231);
#6230 = CARTESIAN_POINT('',(-7.925,5.3,21.8));
#6231 = VECTOR('',#6232,1.);
#6232 = DIRECTION('',(1.,0.,0.));
#6233 = PCURVE('',#4614,#6234);
#6234 = DEFINITIONAL_REPRESENTATION('',(#6235),#6238);
#6235 = B_SPLINE_CURVE_WITH_KNOTS('',1,(#6236,#6237),.UNSPECIFIED.,.F.,
  .F.,(2,2),(0.575,1.425),.PIECEWISE_BEZIER_KNOTS.);
#6236 = CARTESIAN_POINT('',(0.5,0.));
#6237 = CARTESIAN_POINT('',(0.5,0.85));
#6238 = ( GEOMETRIC_REPRESENTATION_CONTEXT(2) 
PARAMETRIC_REPRESENTATION_CONTEXT() REPRESENTATION_CONTEXT('2D SPACE',''
  ) );
#6239 = PCURVE('',#6240,#6245);
#6240 = PLANE('',#6241);
#6241 = AXIS2_PLACEMENT_3D('',#6242,#6243,#6244);
#6242 = CARTESIAN_POINT('',(-8.5,4.62,21.8));
#6243 = DIRECTION('',(0.,0.,1.));
#6244 = DIRECTION('',(1.,0.,0.));
#6245 = DEFINITIONAL_REPRESENTATION('',(#6246),#6249);
#6246 = B_SPLINE_CURVE_WITH_KNOTS('',1,(#6247,#6248),.UNSPECIFIED.,.F.,
  .F.,(2,2),(0.575,1.425),.PIECEWISE_BEZIER_KNOTS.);
#6247 = CARTESIAN_POINT('',(1.15,0.68));
#6248 = CARTESIAN_POINT('',(2.,0.68));
#6249 = ( GEOMETRIC_REPRESENTATION_CONTEXT(2) 
PARAMETRIC_REPRESENTATION_CONTEXT() REPRESENTATION_CONTEXT('2D SPACE',''
  ) );
#6250 = ORIENTED_EDGE('',*,*,#6251,.T.);
#6251 = EDGE_CURVE('',#6226,#6030,#6252,.T.);
#6252 = SURFACE_CURVE('',#6253,(#6257,#6264),.PCURVE_S1.);
#6253 = LINE('',#6254,#6255);
#6254 = CARTESIAN_POINT('',(-7.35,5.3,21.3));
#6255 = VECTOR('',#6256,1.);
#6256 = DIRECTION('',(0.,0.,1.));
#6257 = PCURVE('',#4614,#6258);
#6258 = DEFINITIONAL_REPRESENTATION('',(#6259),#6263);
#6259 = LINE('',#6260,#6261);
#6260 = CARTESIAN_POINT('',(0.,0.));
#6261 = VECTOR('',#6262,1.);
#6262 = DIRECTION('',(1.,0.));
#6263 = ( GEOMETRIC_REPRESENTATION_CONTEXT(2) 
PARAMETRIC_REPRESENTATION_CONTEXT() REPRESENTATION_CONTEXT('2D SPACE',''
  ) );
#6264 = PCURVE('',#4744,#6265);
#6265 = DEFINITIONAL_REPRESENTATION('',(#6266),#6270);
#6266 = LINE('',#6267,#6268);
#6267 = CARTESIAN_POINT('',(0.,-6.3));
#6268 = VECTOR('',#6269,1.);
#6269 = DIRECTION('',(1.,0.));
#6270 = ( GEOMETRIC_REPRESENTATION_CONTEXT(2) 
PARAMETRIC_REPRESENTATION_CONTEXT() REPRESENTATION_CONTEXT('2D SPACE',''
  ) );
#6271 = ORIENTED_EDGE('',*,*,#6073,.T.);
#6272 = ORIENTED_EDGE('',*,*,#5888,.F.);
#6273 = ORIENTED_EDGE('',*,*,#5937,.F.);
#6274 = ORIENTED_EDGE('',*,*,#6179,.T.);
#6275 = ADVANCED_FACE('',(#6276),#6240,.F.);
#6276 = FACE_BOUND('',#6277,.F.);
#6277 = EDGE_LOOP('',(#6278,#6303,#6326,#6349,#6368,#6369));
#6278 = ORIENTED_EDGE('',*,*,#6279,.F.);
#6279 = EDGE_CURVE('',#6280,#6282,#6284,.T.);
#6280 = VERTEX_POINT('',#6281);
#6281 = CARTESIAN_POINT('',(-8.5,6.62,21.8));
#6282 = VERTEX_POINT('',#6283);
#6283 = CARTESIAN_POINT('',(-6.5,6.62,21.8));
#6284 = SURFACE_CURVE('',#6285,(#6289,#6296),.PCURVE_S1.);
#6285 = LINE('',#6286,#6287);
#6286 = CARTESIAN_POINT('',(-8.5,6.62,21.8));
#6287 = VECTOR('',#6288,1.);
#6288 = DIRECTION('',(1.,0.,0.));
#6289 = PCURVE('',#6240,#6290);
#6290 = DEFINITIONAL_REPRESENTATION('',(#6291),#6295);
#6291 = LINE('',#6292,#6293);
#6292 = CARTESIAN_POINT('',(0.,2.));
#6293 = VECTOR('',#6294,1.);
#6294 = DIRECTION('',(1.,0.));
#6295 = ( GEOMETRIC_REPRESENTATION_CONTEXT(2) 
PARAMETRIC_REPRESENTATION_CONTEXT() REPRESENTATION_CONTEXT('2D SPACE',''
  ) );
#6296 = PCURVE('',#4667,#6297);
#6297 = DEFINITIONAL_REPRESENTATION('',(#6298),#6302);
#6298 = LINE('',#6299,#6300);
#6299 = CARTESIAN_POINT('',(0.7,0.));
#6300 = VECTOR('',#6301,1.);
#6301 = DIRECTION('',(0.,1.));
#6302 = ( GEOMETRIC_REPRESENTATION_CONTEXT(2) 
PARAMETRIC_REPRESENTATION_CONTEXT() REPRESENTATION_CONTEXT('2D SPACE',''
  ) );
#6303 = ORIENTED_EDGE('',*,*,#6304,.F.);
#6304 = EDGE_CURVE('',#6305,#6280,#6307,.T.);
#6305 = VERTEX_POINT('',#6306);
#6306 = CARTESIAN_POINT('',(-8.5,4.62,21.8));
#6307 = SURFACE_CURVE('',#6308,(#6312,#6319),.PCURVE_S1.);
#6308 = LINE('',#6309,#6310);
#6309 = CARTESIAN_POINT('',(-8.5,4.62,21.8));
#6310 = VECTOR('',#6311,1.);
#6311 = DIRECTION('',(0.,1.,0.));
#6312 = PCURVE('',#6240,#6313);
#6313 = DEFINITIONAL_REPRESENTATION('',(#6314),#6318);
#6314 = LINE('',#6315,#6316);
#6315 = CARTESIAN_POINT('',(0.,0.));
#6316 = VECTOR('',#6317,1.);
#6317 = DIRECTION('',(0.,1.));
#6318 = ( GEOMETRIC_REPRESENTATION_CONTEXT(2) 
PARAMETRIC_REPRESENTATION_CONTEXT() REPRESENTATION_CONTEXT('2D SPACE',''
  ) );
#6319 = PCURVE('',#4693,#6320);
#6320 = DEFINITIONAL_REPRESENTATION('',(#6321),#6325);
#6321 = LINE('',#6322,#6323);
#6322 = CARTESIAN_POINT('',(0.7,0.));
#6323 = VECTOR('',#6324,1.);
#6324 = DIRECTION('',(0.,-1.));
#6325 = ( GEOMETRIC_REPRESENTATION_CONTEXT(2) 
PARAMETRIC_REPRESENTATION_CONTEXT() REPRESENTATION_CONTEXT('2D SPACE',''
  ) );
#6326 = ORIENTED_EDGE('',*,*,#6327,.T.);
#6327 = EDGE_CURVE('',#6305,#6328,#6330,.T.);
#6328 = VERTEX_POINT('',#6329);
#6329 = CARTESIAN_POINT('',(-7.35,4.62,21.8));
#6330 = SURFACE_CURVE('',#6331,(#6335,#6342),.PCURVE_S1.);
#6331 = LINE('',#6332,#6333);
#6332 = CARTESIAN_POINT('',(-8.5,4.62,21.8));
#6333 = VECTOR('',#6334,1.);
#6334 = DIRECTION('',(1.,0.,0.));
#6335 = PCURVE('',#6240,#6336);
#6336 = DEFINITIONAL_REPRESENTATION('',(#6337),#6341);
#6337 = LINE('',#6338,#6339);
#6338 = CARTESIAN_POINT('',(0.,0.));
#6339 = VECTOR('',#6340,1.);
#6340 = DIRECTION('',(1.,0.));
#6341 = ( GEOMETRIC_REPRESENTATION_CONTEXT(2) 
PARAMETRIC_REPRESENTATION_CONTEXT() REPRESENTATION_CONTEXT('2D SPACE',''
  ) );
#6342 = PCURVE('',#4719,#6343);
#6343 = DEFINITIONAL_REPRESENTATION('',(#6344),#6348);
#6344 = LINE('',#6345,#6346);
#6345 = CARTESIAN_POINT('',(0.7,0.));
#6346 = VECTOR('',#6347,1.);
#6347 = DIRECTION('',(0.,1.));
#6348 = ( GEOMETRIC_REPRESENTATION_CONTEXT(2) 
PARAMETRIC_REPRESENTATION_CONTEXT() REPRESENTATION_CONTEXT('2D SPACE',''
  ) );
#6349 = ORIENTED_EDGE('',*,*,#6350,.F.);
#6350 = EDGE_CURVE('',#6226,#6328,#6351,.T.);
#6351 = SURFACE_CURVE('',#6352,(#6356,#6362),.PCURVE_S1.);
#6352 = LINE('',#6353,#6354);
#6353 = CARTESIAN_POINT('',(-7.35,1.81,21.8));
#6354 = VECTOR('',#6355,1.);
#6355 = DIRECTION('',(0.,-1.,0.));
#6356 = PCURVE('',#6240,#6357);
#6357 = DEFINITIONAL_REPRESENTATION('',(#6358),#6361);
#6358 = B_SPLINE_CURVE_WITH_KNOTS('',1,(#6359,#6360),.UNSPECIFIED.,.F.,
  .F.,(2,2),(-3.49,-2.81),.PIECEWISE_BEZIER_KNOTS.);
#6359 = CARTESIAN_POINT('',(1.15,0.68));
#6360 = CARTESIAN_POINT('',(1.15,0.));
#6361 = ( GEOMETRIC_REPRESENTATION_CONTEXT(2) 
PARAMETRIC_REPRESENTATION_CONTEXT() REPRESENTATION_CONTEXT('2D SPACE',''
  ) );
#6362 = PCURVE('',#4744,#6363);
#6363 = DEFINITIONAL_REPRESENTATION('',(#6364),#6367);
#6364 = B_SPLINE_CURVE_WITH_KNOTS('',1,(#6365,#6366),.UNSPECIFIED.,.F.,
  .F.,(2,2),(-3.49,-2.81),.PIECEWISE_BEZIER_KNOTS.);
#6365 = CARTESIAN_POINT('',(0.5,-6.3));
#6366 = CARTESIAN_POINT('',(0.5,-5.62));
#6367 = ( GEOMETRIC_REPRESENTATION_CONTEXT(2) 
PARAMETRIC_REPRESENTATION_CONTEXT() REPRESENTATION_CONTEXT('2D SPACE',''
  ) );
#6368 = ORIENTED_EDGE('',*,*,#6225,.T.);
#6369 = ORIENTED_EDGE('',*,*,#6370,.T.);
#6370 = EDGE_CURVE('',#6205,#6282,#6371,.T.);
#6371 = SURFACE_CURVE('',#6372,(#6376,#6383),.PCURVE_S1.);
#6372 = LINE('',#6373,#6374);
#6373 = CARTESIAN_POINT('',(-6.5,4.62,21.8));
#6374 = VECTOR('',#6375,1.);
#6375 = DIRECTION('',(0.,1.,0.));
#6376 = PCURVE('',#6240,#6377);
#6377 = DEFINITIONAL_REPRESENTATION('',(#6378),#6382);
#6378 = LINE('',#6379,#6380);
#6379 = CARTESIAN_POINT('',(2.,0.));
#6380 = VECTOR('',#6381,1.);
#6381 = DIRECTION('',(0.,1.));
#6382 = ( GEOMETRIC_REPRESENTATION_CONTEXT(2) 
PARAMETRIC_REPRESENTATION_CONTEXT() REPRESENTATION_CONTEXT('2D SPACE',''
  ) );
#6383 = PCURVE('',#4641,#6384);
#6384 = DEFINITIONAL_REPRESENTATION('',(#6385),#6389);
#6385 = LINE('',#6386,#6387);
#6386 = CARTESIAN_POINT('',(0.7,0.));
#6387 = VECTOR('',#6388,1.);
#6388 = DIRECTION('',(0.,-1.));
#6389 = ( GEOMETRIC_REPRESENTATION_CONTEXT(2) 
PARAMETRIC_REPRESENTATION_CONTEXT() REPRESENTATION_CONTEXT('2D SPACE',''
  ) );
#6390 = ADVANCED_FACE('',(#6391),#4641,.F.);
#6391 = FACE_BOUND('',#6392,.F.);
#6392 = EDGE_LOOP('',(#6393,#6394,#6395,#6396));
#6393 = ORIENTED_EDGE('',*,*,#6370,.F.);
#6394 = ORIENTED_EDGE('',*,*,#6204,.T.);
#6395 = ORIENTED_EDGE('',*,*,#4626,.F.);
#6396 = ORIENTED_EDGE('',*,*,#6397,.T.);
#6397 = EDGE_CURVE('',#4627,#6282,#6398,.T.);
#6398 = SURFACE_CURVE('',#6399,(#6403,#6410),.PCURVE_S1.);
#6399 = LINE('',#6400,#6401);
#6400 = CARTESIAN_POINT('',(-6.5,6.62,21.1));
#6401 = VECTOR('',#6402,1.);
#6402 = DIRECTION('',(0.,0.,1.));
#6403 = PCURVE('',#4641,#6404);
#6404 = DEFINITIONAL_REPRESENTATION('',(#6405),#6409);
#6405 = LINE('',#6406,#6407);
#6406 = CARTESIAN_POINT('',(0.,-2.));
#6407 = VECTOR('',#6408,1.);
#6408 = DIRECTION('',(1.,0.));
#6409 = ( GEOMETRIC_REPRESENTATION_CONTEXT(2) 
PARAMETRIC_REPRESENTATION_CONTEXT() REPRESENTATION_CONTEXT('2D SPACE',''
  ) );
#6410 = PCURVE('',#4667,#6411);
#6411 = DEFINITIONAL_REPRESENTATION('',(#6412),#6416);
#6412 = LINE('',#6413,#6414);
#6413 = CARTESIAN_POINT('',(0.,2.));
#6414 = VECTOR('',#6415,1.);
#6415 = DIRECTION('',(1.,0.));
#6416 = ( GEOMETRIC_REPRESENTATION_CONTEXT(2) 
PARAMETRIC_REPRESENTATION_CONTEXT() REPRESENTATION_CONTEXT('2D SPACE',''
  ) );
#6417 = ADVANCED_FACE('',(#6418),#4667,.F.);
#6418 = FACE_BOUND('',#6419,.F.);
#6419 = EDGE_LOOP('',(#6420,#6421,#6422,#6443));
#6420 = ORIENTED_EDGE('',*,*,#6397,.F.);
#6421 = ORIENTED_EDGE('',*,*,#4652,.F.);
#6422 = ORIENTED_EDGE('',*,*,#6423,.T.);
#6423 = EDGE_CURVE('',#4653,#6280,#6424,.T.);
#6424 = SURFACE_CURVE('',#6425,(#6429,#6436),.PCURVE_S1.);
#6425 = LINE('',#6426,#6427);
#6426 = CARTESIAN_POINT('',(-8.5,6.62,21.1));
#6427 = VECTOR('',#6428,1.);
#6428 = DIRECTION('',(0.,0.,1.));
#6429 = PCURVE('',#4667,#6430);
#6430 = DEFINITIONAL_REPRESENTATION('',(#6431),#6435);
#6431 = LINE('',#6432,#6433);
#6432 = CARTESIAN_POINT('',(0.,0.));
#6433 = VECTOR('',#6434,1.);
#6434 = DIRECTION('',(1.,0.));
#6435 = ( GEOMETRIC_REPRESENTATION_CONTEXT(2) 
PARAMETRIC_REPRESENTATION_CONTEXT() REPRESENTATION_CONTEXT('2D SPACE',''
  ) );
#6436 = PCURVE('',#4693,#6437);
#6437 = DEFINITIONAL_REPRESENTATION('',(#6438),#6442);
#6438 = LINE('',#6439,#6440);
#6439 = CARTESIAN_POINT('',(0.,-2.));
#6440 = VECTOR('',#6441,1.);
#6441 = DIRECTION('',(1.,0.));
#6442 = ( GEOMETRIC_REPRESENTATION_CONTEXT(2) 
PARAMETRIC_REPRESENTATION_CONTEXT() REPRESENTATION_CONTEXT('2D SPACE',''
  ) );
#6443 = ORIENTED_EDGE('',*,*,#6279,.T.);
#6444 = ADVANCED_FACE('',(#6445),#4693,.T.);
#6445 = FACE_BOUND('',#6446,.T.);
#6446 = EDGE_LOOP('',(#6447,#6468,#6469,#6470));
#6447 = ORIENTED_EDGE('',*,*,#6448,.F.);
#6448 = EDGE_CURVE('',#4679,#6305,#6449,.T.);
#6449 = SURFACE_CURVE('',#6450,(#6454,#6461),.PCURVE_S1.);
#6450 = LINE('',#6451,#6452);
#6451 = CARTESIAN_POINT('',(-8.5,4.62,21.1));
#6452 = VECTOR('',#6453,1.);
#6453 = DIRECTION('',(0.,0.,1.));
#6454 = PCURVE('',#4693,#6455);
#6455 = DEFINITIONAL_REPRESENTATION('',(#6456),#6460);
#6456 = LINE('',#6457,#6458);
#6457 = CARTESIAN_POINT('',(0.,0.));
#6458 = VECTOR('',#6459,1.);
#6459 = DIRECTION('',(1.,0.));
#6460 = ( GEOMETRIC_REPRESENTATION_CONTEXT(2) 
PARAMETRIC_REPRESENTATION_CONTEXT() REPRESENTATION_CONTEXT('2D SPACE',''
  ) );
#6461 = PCURVE('',#4719,#6462);
#6462 = DEFINITIONAL_REPRESENTATION('',(#6463),#6467);
#6463 = LINE('',#6464,#6465);
#6464 = CARTESIAN_POINT('',(0.,0.));
#6465 = VECTOR('',#6466,1.);
#6466 = DIRECTION('',(1.,0.));
#6467 = ( GEOMETRIC_REPRESENTATION_CONTEXT(2) 
PARAMETRIC_REPRESENTATION_CONTEXT() REPRESENTATION_CONTEXT('2D SPACE',''
  ) );
#6468 = ORIENTED_EDGE('',*,*,#4678,.F.);
#6469 = ORIENTED_EDGE('',*,*,#6423,.T.);
#6470 = ORIENTED_EDGE('',*,*,#6304,.F.);
#6471 = ADVANCED_FACE('',(#6472),#4719,.T.);
#6472 = FACE_BOUND('',#6473,.T.);
#6473 = EDGE_LOOP('',(#6474,#6475,#6476,#6477));
#6474 = ORIENTED_EDGE('',*,*,#4704,.F.);
#6475 = ORIENTED_EDGE('',*,*,#6448,.T.);
#6476 = ORIENTED_EDGE('',*,*,#6327,.T.);
#6477 = ORIENTED_EDGE('',*,*,#6478,.F.);
#6478 = EDGE_CURVE('',#4705,#6328,#6479,.T.);
#6479 = SURFACE_CURVE('',#6480,(#6484,#6490),.PCURVE_S1.);
#6480 = LINE('',#6481,#6482);
#6481 = CARTESIAN_POINT('',(-7.35,4.62,21.2));
#6482 = VECTOR('',#6483,1.);
#6483 = DIRECTION('',(0.,0.,1.));
#6484 = PCURVE('',#4719,#6485);
#6485 = DEFINITIONAL_REPRESENTATION('',(#6486),#6489);
#6486 = B_SPLINE_CURVE_WITH_KNOTS('',1,(#6487,#6488),.UNSPECIFIED.,.F.,
  .F.,(2,2),(0.1,0.6),.PIECEWISE_BEZIER_KNOTS.);
#6487 = CARTESIAN_POINT('',(0.2,1.15));
#6488 = CARTESIAN_POINT('',(0.7,1.15));
#6489 = ( GEOMETRIC_REPRESENTATION_CONTEXT(2) 
PARAMETRIC_REPRESENTATION_CONTEXT() REPRESENTATION_CONTEXT('2D SPACE',''
  ) );
#6490 = PCURVE('',#4744,#6491);
#6491 = DEFINITIONAL_REPRESENTATION('',(#6492),#6495);
#6492 = B_SPLINE_CURVE_WITH_KNOTS('',1,(#6493,#6494),.UNSPECIFIED.,.F.,
  .F.,(2,2),(0.1,0.6),.PIECEWISE_BEZIER_KNOTS.);
#6493 = CARTESIAN_POINT('',(0.,-5.62));
#6494 = CARTESIAN_POINT('',(0.5,-5.62));
#6495 = ( GEOMETRIC_REPRESENTATION_CONTEXT(2) 
PARAMETRIC_REPRESENTATION_CONTEXT() REPRESENTATION_CONTEXT('2D SPACE',''
  ) );
#6496 = ADVANCED_FACE('',(#6497),#4744,.T.);
#6497 = FACE_BOUND('',#6498,.T.);
#6498 = EDGE_LOOP('',(#6499,#6500,#6520,#6521,#6522,#6523));
#6499 = ORIENTED_EDGE('',*,*,#6027,.F.);
#6500 = ORIENTED_EDGE('',*,*,#6501,.F.);
#6501 = EDGE_CURVE('',#4344,#6028,#6502,.T.);
#6502 = SURFACE_CURVE('',#6503,(#6507,#6513),.PCURVE_S1.);
#6503 = LINE('',#6504,#6505);
#6504 = CARTESIAN_POINT('',(-7.35,0.,10.65));
#6505 = VECTOR('',#6506,1.);
#6506 = DIRECTION('',(-0.,0.,1.));
#6507 = PCURVE('',#4744,#6508);
#6508 = DEFINITIONAL_REPRESENTATION('',(#6509),#6512);
#6509 = B_SPLINE_CURVE_WITH_KNOTS('',1,(#6510,#6511),.UNSPECIFIED.,.F.,
  .F.,(2,2),(10.65,13.15),.PIECEWISE_BEZIER_KNOTS.);
#6510 = CARTESIAN_POINT('',(0.,-1.));
#6511 = CARTESIAN_POINT('',(2.5,-1.));
#6512 = ( GEOMETRIC_REPRESENTATION_CONTEXT(2) 
PARAMETRIC_REPRESENTATION_CONTEXT() REPRESENTATION_CONTEXT('2D SPACE',''
  ) );
#6513 = PCURVE('',#44,#6514);
#6514 = DEFINITIONAL_REPRESENTATION('',(#6515),#6519);
#6515 = LINE('',#6516,#6517);
#6516 = CARTESIAN_POINT('',(-7.35,10.65));
#6517 = VECTOR('',#6518,1.);
#6518 = DIRECTION('',(0.,1.));
#6519 = ( GEOMETRIC_REPRESENTATION_CONTEXT(2) 
PARAMETRIC_REPRESENTATION_CONTEXT() REPRESENTATION_CONTEXT('2D SPACE',''
  ) );
#6520 = ORIENTED_EDGE('',*,*,#4730,.T.);
#6521 = ORIENTED_EDGE('',*,*,#6478,.T.);
#6522 = ORIENTED_EDGE('',*,*,#6350,.F.);
#6523 = ORIENTED_EDGE('',*,*,#6251,.T.);
#6524 = ADVANCED_FACE('',(#6525),#2642,.F.);
#6525 = FACE_BOUND('',#6526,.F.);
#6526 = EDGE_LOOP('',(#6527,#6551,#6572,#6573));
#6527 = ORIENTED_EDGE('',*,*,#6528,.F.);
#6528 = EDGE_CURVE('',#6529,#4422,#6531,.T.);
#6529 = VERTEX_POINT('',#6530);
#6530 = CARTESIAN_POINT('',(12.69,0.,20.1));
#6531 = SURFACE_CURVE('',#6532,(#6537,#6544),.PCURVE_S1.);
#6532 = CIRCLE('',#6533,1.2);
#6533 = AXIS2_PLACEMENT_3D('',#6534,#6535,#6536);
#6534 = CARTESIAN_POINT('',(11.49,0.,20.1));
#6535 = DIRECTION('',(0.,-1.,0.));
#6536 = DIRECTION('',(1.,0.,0.));
#6537 = PCURVE('',#2642,#6538);
#6538 = DEFINITIONAL_REPRESENTATION('',(#6539),#6543);
#6539 = LINE('',#6540,#6541);
#6540 = CARTESIAN_POINT('',(0.,-1.));
#6541 = VECTOR('',#6542,1.);
#6542 = DIRECTION('',(1.,0.));
#6543 = ( GEOMETRIC_REPRESENTATION_CONTEXT(2) 
PARAMETRIC_REPRESENTATION_CONTEXT() REPRESENTATION_CONTEXT('2D SPACE',''
  ) );
#6544 = PCURVE('',#44,#6545);
#6545 = DEFINITIONAL_REPRESENTATION('',(#6546),#6550);
#6546 = CIRCLE('',#6547,1.2);
#6547 = AXIS2_PLACEMENT_2D('',#6548,#6549);
#6548 = CARTESIAN_POINT('',(11.49,20.1));
#6549 = DIRECTION('',(1.,0.));
#6550 = ( GEOMETRIC_REPRESENTATION_CONTEXT(2) 
PARAMETRIC_REPRESENTATION_CONTEXT() REPRESENTATION_CONTEXT('2D SPACE',''
  ) );
#6551 = ORIENTED_EDGE('',*,*,#6552,.T.);
#6552 = EDGE_CURVE('',#6529,#2581,#6553,.T.);
#6553 = SURFACE_CURVE('',#6554,(#6558,#6565),.PCURVE_S1.);
#6554 = LINE('',#6555,#6556);
#6555 = CARTESIAN_POINT('',(12.69,-1.,20.1));
#6556 = VECTOR('',#6557,1.);
#6557 = DIRECTION('',(-0.,1.,-0.));
#6558 = PCURVE('',#2642,#6559);
#6559 = DEFINITIONAL_REPRESENTATION('',(#6560),#6564);
#6560 = LINE('',#6561,#6562);
#6561 = CARTESIAN_POINT('',(0.,0.));
#6562 = VECTOR('',#6563,1.);
#6563 = DIRECTION('',(0.,-1.));
#6564 = ( GEOMETRIC_REPRESENTATION_CONTEXT(2) 
PARAMETRIC_REPRESENTATION_CONTEXT() REPRESENTATION_CONTEXT('2D SPACE',''
  ) );
#6565 = PCURVE('',#3139,#6566);
#6566 = DEFINITIONAL_REPRESENTATION('',(#6567),#6571);
#6567 = LINE('',#6568,#6569);
#6568 = CARTESIAN_POINT('',(40.2,0.));
#6569 = VECTOR('',#6570,1.);
#6570 = DIRECTION('',(0.,-1.));
#6571 = ( GEOMETRIC_REPRESENTATION_CONTEXT(2) 
PARAMETRIC_REPRESENTATION_CONTEXT() REPRESENTATION_CONTEXT('2D SPACE',''
  ) );
#6572 = ORIENTED_EDGE('',*,*,#2580,.F.);
#6573 = ORIENTED_EDGE('',*,*,#4421,.F.);
#6574 = ADVANCED_FACE('',(#6575,#6622),#3139,.F.);
#6575 = FACE_BOUND('',#6576,.F.);
#6576 = EDGE_LOOP('',(#6577,#6599,#6620,#6621));
#6577 = ORIENTED_EDGE('',*,*,#6578,.F.);
#6578 = EDGE_CURVE('',#6579,#6529,#6581,.T.);
#6579 = VERTEX_POINT('',#6580);
#6580 = CARTESIAN_POINT('',(12.69,0.,-20.1));
#6581 = SURFACE_CURVE('',#6582,(#6586,#6592),.PCURVE_S1.);
#6582 = LINE('',#6583,#6584);
#6583 = CARTESIAN_POINT('',(12.69,0.,-10.05));
#6584 = VECTOR('',#6585,1.);
#6585 = DIRECTION('',(0.,0.,1.));
#6586 = PCURVE('',#3139,#6587);
#6587 = DEFINITIONAL_REPRESENTATION('',(#6588),#6591);
#6588 = B_SPLINE_CURVE_WITH_KNOTS('',1,(#6589,#6590),.UNSPECIFIED.,.F.,
  .F.,(2,2),(-10.05,30.15),.PIECEWISE_BEZIER_KNOTS.);
#6589 = CARTESIAN_POINT('',(0.,-1.));
#6590 = CARTESIAN_POINT('',(40.2,-1.));
#6591 = ( GEOMETRIC_REPRESENTATION_CONTEXT(2) 
PARAMETRIC_REPRESENTATION_CONTEXT() REPRESENTATION_CONTEXT('2D SPACE',''
  ) );
#6592 = PCURVE('',#44,#6593);
#6593 = DEFINITIONAL_REPRESENTATION('',(#6594),#6598);
#6594 = LINE('',#6595,#6596);
#6595 = CARTESIAN_POINT('',(12.69,-10.05));
#6596 = VECTOR('',#6597,1.);
#6597 = DIRECTION('',(0.,1.));
#6598 = ( GEOMETRIC_REPRESENTATION_CONTEXT(2) 
PARAMETRIC_REPRESENTATION_CONTEXT() REPRESENTATION_CONTEXT('2D SPACE',''
  ) );
#6599 = ORIENTED_EDGE('',*,*,#6600,.T.);
#6600 = EDGE_CURVE('',#6579,#2678,#6601,.T.);
#6601 = SURFACE_CURVE('',#6602,(#6606,#6613),.PCURVE_S1.);
#6602 = LINE('',#6603,#6604);
#6603 = CARTESIAN_POINT('',(12.69,-1.,-20.1));
#6604 = VECTOR('',#6605,1.);
#6605 = DIRECTION('',(-0.,1.,-0.));
#6606 = PCURVE('',#3139,#6607);
#6607 = DEFINITIONAL_REPRESENTATION('',(#6608),#6612);
#6608 = LINE('',#6609,#6610);
#6609 = CARTESIAN_POINT('',(0.,0.));
#6610 = VECTOR('',#6611,1.);
#6611 = DIRECTION('',(0.,-1.));
#6612 = ( GEOMETRIC_REPRESENTATION_CONTEXT(2) 
PARAMETRIC_REPRESENTATION_CONTEXT() REPRESENTATION_CONTEXT('2D SPACE',''
  ) );
#6613 = PCURVE('',#3436,#6614);
#6614 = DEFINITIONAL_REPRESENTATION('',(#6615),#6619);
#6615 = LINE('',#6616,#6617);
#6616 = CARTESIAN_POINT('',(6.28318530718,0.));
#6617 = VECTOR('',#6618,1.);
#6618 = DIRECTION('',(0.,-1.));
#6619 = ( GEOMETRIC_REPRESENTATION_CONTEXT(2) 
PARAMETRIC_REPRESENTATION_CONTEXT() REPRESENTATION_CONTEXT('2D SPACE',''
  ) );
#6620 = ORIENTED_EDGE('',*,*,#2677,.F.);
#6621 = ORIENTED_EDGE('',*,*,#6552,.F.);
#6622 = FACE_BOUND('',#6623,.F.);
#6623 = EDGE_LOOP('',(#6624,#6625,#6626,#6627,#6628,#6629,#6630,#6631));
#6624 = ORIENTED_EDGE('',*,*,#4197,.F.);
#6625 = ORIENTED_EDGE('',*,*,#3862,.T.);
#6626 = ORIENTED_EDGE('',*,*,#3916,.F.);
#6627 = ORIENTED_EDGE('',*,*,#3963,.T.);
#6628 = ORIENTED_EDGE('',*,*,#4017,.T.);
#6629 = ORIENTED_EDGE('',*,*,#4064,.T.);
#6630 = ORIENTED_EDGE('',*,*,#4118,.T.);
#6631 = ORIENTED_EDGE('',*,*,#4165,.T.);
#6632 = ADVANCED_FACE('',(#6633),#3436,.F.);
#6633 = FACE_BOUND('',#6634,.F.);
#6634 = EDGE_LOOP('',(#6635,#6659,#6680,#6681));
#6635 = ORIENTED_EDGE('',*,*,#6636,.F.);
#6636 = EDGE_CURVE('',#6637,#6579,#6639,.T.);
#6637 = VERTEX_POINT('',#6638);
#6638 = CARTESIAN_POINT('',(11.49,0.,-21.3));
#6639 = SURFACE_CURVE('',#6640,(#6645,#6652),.PCURVE_S1.);
#6640 = CIRCLE('',#6641,1.2);
#6641 = AXIS2_PLACEMENT_3D('',#6642,#6643,#6644);
#6642 = CARTESIAN_POINT('',(11.49,0.,-20.1));
#6643 = DIRECTION('',(0.,-1.,0.));
#6644 = DIRECTION('',(1.,0.,0.));
#6645 = PCURVE('',#3436,#6646);
#6646 = DEFINITIONAL_REPRESENTATION('',(#6647),#6651);
#6647 = LINE('',#6648,#6649);
#6648 = CARTESIAN_POINT('',(0.,-1.));
#6649 = VECTOR('',#6650,1.);
#6650 = DIRECTION('',(1.,0.));
#6651 = ( GEOMETRIC_REPRESENTATION_CONTEXT(2) 
PARAMETRIC_REPRESENTATION_CONTEXT() REPRESENTATION_CONTEXT('2D SPACE',''
  ) );
#6652 = PCURVE('',#44,#6653);
#6653 = DEFINITIONAL_REPRESENTATION('',(#6654),#6658);
#6654 = CIRCLE('',#6655,1.2);
#6655 = AXIS2_PLACEMENT_2D('',#6656,#6657);
#6656 = CARTESIAN_POINT('',(11.49,-20.1));
#6657 = DIRECTION('',(1.,0.));
#6658 = ( GEOMETRIC_REPRESENTATION_CONTEXT(2) 
PARAMETRIC_REPRESENTATION_CONTEXT() REPRESENTATION_CONTEXT('2D SPACE',''
  ) );
#6659 = ORIENTED_EDGE('',*,*,#6660,.T.);
#6660 = EDGE_CURVE('',#6637,#3375,#6661,.T.);
#6661 = SURFACE_CURVE('',#6662,(#6666,#6673),.PCURVE_S1.);
#6662 = LINE('',#6663,#6664);
#6663 = CARTESIAN_POINT('',(11.49,-1.,-21.3));
#6664 = VECTOR('',#6665,1.);
#6665 = DIRECTION('',(-0.,1.,-0.));
#6666 = PCURVE('',#3436,#6667);
#6667 = DEFINITIONAL_REPRESENTATION('',(#6668),#6672);
#6668 = LINE('',#6669,#6670);
#6669 = CARTESIAN_POINT('',(4.712388980385,0.));
#6670 = VECTOR('',#6671,1.);
#6671 = DIRECTION('',(0.,-1.));
#6672 = ( GEOMETRIC_REPRESENTATION_CONTEXT(2) 
PARAMETRIC_REPRESENTATION_CONTEXT() REPRESENTATION_CONTEXT('2D SPACE',''
  ) );
#6673 = PCURVE('',#3489,#6674);
#6674 = DEFINITIONAL_REPRESENTATION('',(#6675),#6679);
#6675 = LINE('',#6676,#6677);
#6676 = CARTESIAN_POINT('',(22.98,0.));
#6677 = VECTOR('',#6678,1.);
#6678 = DIRECTION('',(0.,-1.));
#6679 = ( GEOMETRIC_REPRESENTATION_CONTEXT(2) 
PARAMETRIC_REPRESENTATION_CONTEXT() REPRESENTATION_CONTEXT('2D SPACE',''
  ) );
#6680 = ORIENTED_EDGE('',*,*,#3374,.F.);
#6681 = ORIENTED_EDGE('',*,*,#6600,.F.);
#6682 = ADVANCED_FACE('',(#6683),#3489,.F.);
#6683 = FACE_BOUND('',#6684,.F.);
#6684 = EDGE_LOOP('',(#6685,#6707,#6708,#6735,#6736,#6737,#6759,#6787,
    #6813,#6839,#6865,#6891,#6919,#6945,#6971,#6997,#7023));
#6685 = ORIENTED_EDGE('',*,*,#6686,.F.);
#6686 = EDGE_CURVE('',#5650,#6687,#6689,.T.);
#6687 = VERTEX_POINT('',#6688);
#6688 = CARTESIAN_POINT('',(-7.35,0.,-21.3));
#6689 = SURFACE_CURVE('',#6690,(#6694,#6700),.PCURVE_S1.);
#6690 = LINE('',#6691,#6692);
#6691 = CARTESIAN_POINT('',(-5.745,0.,-21.3));
#6692 = VECTOR('',#6693,1.);
#6693 = DIRECTION('',(1.,0.,0.));
#6694 = PCURVE('',#3489,#6695);
#6695 = DEFINITIONAL_REPRESENTATION('',(#6696),#6699);
#6696 = B_SPLINE_CURVE_WITH_KNOTS('',1,(#6697,#6698),.UNSPECIFIED.,.F.,
  .F.,(2,2),(-5.745,17.235),.PIECEWISE_BEZIER_KNOTS.);
#6697 = CARTESIAN_POINT('',(0.,-1.));
#6698 = CARTESIAN_POINT('',(22.98,-1.));
#6699 = ( GEOMETRIC_REPRESENTATION_CONTEXT(2) 
PARAMETRIC_REPRESENTATION_CONTEXT() REPRESENTATION_CONTEXT('2D SPACE',''
  ) );
#6700 = PCURVE('',#44,#6701);
#6701 = DEFINITIONAL_REPRESENTATION('',(#6702),#6706);
#6702 = LINE('',#6703,#6704);
#6703 = CARTESIAN_POINT('',(-5.745,-21.3));
#6704 = VECTOR('',#6705,1.);
#6705 = DIRECTION('',(1.,0.));
#6706 = ( GEOMETRIC_REPRESENTATION_CONTEXT(2) 
PARAMETRIC_REPRESENTATION_CONTEXT() REPRESENTATION_CONTEXT('2D SPACE',''
  ) );
#6707 = ORIENTED_EDGE('',*,*,#5766,.T.);
#6708 = ORIENTED_EDGE('',*,*,#6709,.T.);
#6709 = EDGE_CURVE('',#5675,#1323,#6710,.T.);
#6710 = SURFACE_CURVE('',#6711,(#6717,#6726),.PCURVE_S1.);
#6711 = B_SPLINE_CURVE_WITH_KNOTS('',4,(#6712,#6713,#6714,#6715,#6716),
  .UNSPECIFIED.,.F.,.F.,(5,5),(0.,1.),.PIECEWISE_BEZIER_KNOTS.);
#6712 = CARTESIAN_POINT('',(-11.49,7.596918011038,-21.3));
#6713 = CARTESIAN_POINT('',(-8.61749985,7.596918011038,-21.3));
#6714 = CARTESIAN_POINT('',(-5.7449997,7.596918011038,-21.3));
#6715 = CARTESIAN_POINT('',(-2.87249955,7.596918011038,-21.3));
#6716 = CARTESIAN_POINT('',(5.999999999062E-07,7.596918011038,-21.3));
#6717 = PCURVE('',#3489,#6718);
#6718 = DEFINITIONAL_REPRESENTATION('',(#6719),#6725);
#6719 = B_SPLINE_CURVE_WITH_KNOTS('',4,(#6720,#6721,#6722,#6723,#6724),
  .UNSPECIFIED.,.F.,.F.,(5,5),(0.,1.),.PIECEWISE_BEZIER_KNOTS.);
#6720 = CARTESIAN_POINT('',(0.,-8.596918011038));
#6721 = CARTESIAN_POINT('',(2.87250015,-8.596918011038));
#6722 = CARTESIAN_POINT('',(5.7450003,-8.596918011038));
#6723 = CARTESIAN_POINT('',(8.61750045,-8.596918011038));
#6724 = CARTESIAN_POINT('',(11.4900006,-8.596918011038));
#6725 = ( GEOMETRIC_REPRESENTATION_CONTEXT(2) 
PARAMETRIC_REPRESENTATION_CONTEXT() REPRESENTATION_CONTEXT('2D SPACE',''
  ) );
#6726 = PCURVE('',#518,#6727);
#6727 = DEFINITIONAL_REPRESENTATION('',(#6728),#6734);
#6728 = B_SPLINE_CURVE_WITH_KNOTS('',4,(#6729,#6730,#6731,#6732,#6733),
  .UNSPECIFIED.,.F.,.F.,(5,5),(0.,1.),.PIECEWISE_BEZIER_KNOTS.);
#6729 = CARTESIAN_POINT('',(4.041479345784,-11.49));
#6730 = CARTESIAN_POINT('',(4.041479345784,-8.61749985));
#6731 = CARTESIAN_POINT('',(4.041479345784,-5.7449997));
#6732 = CARTESIAN_POINT('',(4.041479345784,-2.87249955));
#6733 = CARTESIAN_POINT('',(4.041479345784,5.999999999062E-07));
#6734 = ( GEOMETRIC_REPRESENTATION_CONTEXT(2) 
PARAMETRIC_REPRESENTATION_CONTEXT() REPRESENTATION_CONTEXT('2D SPACE',''
  ) );
#6735 = ORIENTED_EDGE('',*,*,#3471,.F.);
#6736 = ORIENTED_EDGE('',*,*,#6660,.F.);
#6737 = ORIENTED_EDGE('',*,*,#6738,.F.);
#6738 = EDGE_CURVE('',#6739,#6637,#6741,.T.);
#6739 = VERTEX_POINT('',#6740);
#6740 = CARTESIAN_POINT('',(7.35,0.,-21.3));
#6741 = SURFACE_CURVE('',#6742,(#6746,#6752),.PCURVE_S1.);
#6742 = LINE('',#6743,#6744);
#6743 = CARTESIAN_POINT('',(-5.745,0.,-21.3));
#6744 = VECTOR('',#6745,1.);
#6745 = DIRECTION('',(1.,0.,0.));
#6746 = PCURVE('',#3489,#6747);
#6747 = DEFINITIONAL_REPRESENTATION('',(#6748),#6751);
#6748 = B_SPLINE_CURVE_WITH_KNOTS('',1,(#6749,#6750),.UNSPECIFIED.,.F.,
  .F.,(2,2),(-5.745,17.235),.PIECEWISE_BEZIER_KNOTS.);
#6749 = CARTESIAN_POINT('',(0.,-1.));
#6750 = CARTESIAN_POINT('',(22.98,-1.));
#6751 = ( GEOMETRIC_REPRESENTATION_CONTEXT(2) 
PARAMETRIC_REPRESENTATION_CONTEXT() REPRESENTATION_CONTEXT('2D SPACE',''
  ) );
#6752 = PCURVE('',#44,#6753);
#6753 = DEFINITIONAL_REPRESENTATION('',(#6754),#6758);
#6754 = LINE('',#6755,#6756);
#6755 = CARTESIAN_POINT('',(-5.745,-21.3));
#6756 = VECTOR('',#6757,1.);
#6757 = DIRECTION('',(1.,0.));
#6758 = ( GEOMETRIC_REPRESENTATION_CONTEXT(2) 
PARAMETRIC_REPRESENTATION_CONTEXT() REPRESENTATION_CONTEXT('2D SPACE',''
  ) );
#6759 = ORIENTED_EDGE('',*,*,#6760,.T.);
#6760 = EDGE_CURVE('',#6739,#6761,#6763,.T.);
#6761 = VERTEX_POINT('',#6762);
#6762 = CARTESIAN_POINT('',(7.35,4.62,-21.3));
#6763 = SURFACE_CURVE('',#6764,(#6768,#6775),.PCURVE_S1.);
#6764 = LINE('',#6765,#6766);
#6765 = CARTESIAN_POINT('',(7.35,-1.,-21.3));
#6766 = VECTOR('',#6767,1.);
#6767 = DIRECTION('',(0.,1.,0.));
#6768 = PCURVE('',#3489,#6769);
#6769 = DEFINITIONAL_REPRESENTATION('',(#6770),#6774);
#6770 = LINE('',#6771,#6772);
#6771 = CARTESIAN_POINT('',(18.84,0.));
#6772 = VECTOR('',#6773,1.);
#6773 = DIRECTION('',(0.,-1.));
#6774 = ( GEOMETRIC_REPRESENTATION_CONTEXT(2) 
PARAMETRIC_REPRESENTATION_CONTEXT() REPRESENTATION_CONTEXT('2D SPACE',''
  ) );
#6775 = PCURVE('',#6776,#6781);
#6776 = PLANE('',#6777);
#6777 = AXIS2_PLACEMENT_3D('',#6778,#6779,#6780);
#6778 = CARTESIAN_POINT('',(7.35,-1.,-23.8));
#6779 = DIRECTION('',(1.,0.,0.));
#6780 = DIRECTION('',(0.,0.,1.));
#6781 = DEFINITIONAL_REPRESENTATION('',(#6782),#6786);
#6782 = LINE('',#6783,#6784);
#6783 = CARTESIAN_POINT('',(2.5,0.));
#6784 = VECTOR('',#6785,1.);
#6785 = DIRECTION('',(0.,-1.));
#6786 = ( GEOMETRIC_REPRESENTATION_CONTEXT(2) 
PARAMETRIC_REPRESENTATION_CONTEXT() REPRESENTATION_CONTEXT('2D SPACE',''
  ) );
#6787 = ORIENTED_EDGE('',*,*,#6788,.T.);
#6788 = EDGE_CURVE('',#6761,#6789,#6791,.T.);
#6789 = VERTEX_POINT('',#6790);
#6790 = CARTESIAN_POINT('',(8.5,4.62,-21.3));
#6791 = SURFACE_CURVE('',#6792,(#6796,#6802),.PCURVE_S1.);
#6792 = LINE('',#6793,#6794);
#6793 = CARTESIAN_POINT('',(-2.495,4.62,-21.3));
#6794 = VECTOR('',#6795,1.);
#6795 = DIRECTION('',(1.,-0.,0.));
#6796 = PCURVE('',#3489,#6797);
#6797 = DEFINITIONAL_REPRESENTATION('',(#6798),#6801);
#6798 = B_SPLINE_CURVE_WITH_KNOTS('',1,(#6799,#6800),.UNSPECIFIED.,.F.,
  .F.,(2,2),(8.995,10.995),.PIECEWISE_BEZIER_KNOTS.);
#6799 = CARTESIAN_POINT('',(17.99,-5.62));
#6800 = CARTESIAN_POINT('',(19.99,-5.62));
#6801 = ( GEOMETRIC_REPRESENTATION_CONTEXT(2) 
PARAMETRIC_REPRESENTATION_CONTEXT() REPRESENTATION_CONTEXT('2D SPACE',''
  ) );
#6802 = PCURVE('',#6803,#6808);
#6803 = PLANE('',#6804);
#6804 = AXIS2_PLACEMENT_3D('',#6805,#6806,#6807);
#6805 = CARTESIAN_POINT('',(6.5,4.62,-21.8));
#6806 = DIRECTION('',(0.,1.,0.));
#6807 = DIRECTION('',(0.,0.,1.));
#6808 = DEFINITIONAL_REPRESENTATION('',(#6809),#6812);
#6809 = B_SPLINE_CURVE_WITH_KNOTS('',1,(#6810,#6811),.UNSPECIFIED.,.F.,
  .F.,(2,2),(8.995,10.995),.PIECEWISE_BEZIER_KNOTS.);
#6810 = CARTESIAN_POINT('',(0.5,0.));
#6811 = CARTESIAN_POINT('',(0.5,2.));
#6812 = ( GEOMETRIC_REPRESENTATION_CONTEXT(2) 
PARAMETRIC_REPRESENTATION_CONTEXT() REPRESENTATION_CONTEXT('2D SPACE',''
  ) );
#6813 = ORIENTED_EDGE('',*,*,#6814,.F.);
#6814 = EDGE_CURVE('',#6815,#6789,#6817,.T.);
#6815 = VERTEX_POINT('',#6816);
#6816 = CARTESIAN_POINT('',(8.5,6.62,-21.3));
#6817 = SURFACE_CURVE('',#6818,(#6822,#6828),.PCURVE_S1.);
#6818 = LINE('',#6819,#6820);
#6819 = CARTESIAN_POINT('',(8.5,1.81,-21.3));
#6820 = VECTOR('',#6821,1.);
#6821 = DIRECTION('',(0.,-1.,0.));
#6822 = PCURVE('',#3489,#6823);
#6823 = DEFINITIONAL_REPRESENTATION('',(#6824),#6827);
#6824 = B_SPLINE_CURVE_WITH_KNOTS('',1,(#6825,#6826),.UNSPECIFIED.,.F.,
  .F.,(2,2),(-4.81,-2.81),.PIECEWISE_BEZIER_KNOTS.);
#6825 = CARTESIAN_POINT('',(19.99,-7.62));
#6826 = CARTESIAN_POINT('',(19.99,-5.62));
#6827 = ( GEOMETRIC_REPRESENTATION_CONTEXT(2) 
PARAMETRIC_REPRESENTATION_CONTEXT() REPRESENTATION_CONTEXT('2D SPACE',''
  ) );
#6828 = PCURVE('',#6829,#6834);
#6829 = PLANE('',#6830);
#6830 = AXIS2_PLACEMENT_3D('',#6831,#6832,#6833);
#6831 = CARTESIAN_POINT('',(8.5,4.62,-21.8));
#6832 = DIRECTION('',(1.,0.,0.));
#6833 = DIRECTION('',(0.,0.,1.));
#6834 = DEFINITIONAL_REPRESENTATION('',(#6835),#6838);
#6835 = B_SPLINE_CURVE_WITH_KNOTS('',1,(#6836,#6837),.UNSPECIFIED.,.F.,
  .F.,(2,2),(-4.81,-2.81),.PIECEWISE_BEZIER_KNOTS.);
#6836 = CARTESIAN_POINT('',(0.5,-2.));
#6837 = CARTESIAN_POINT('',(0.5,0.));
#6838 = ( GEOMETRIC_REPRESENTATION_CONTEXT(2) 
PARAMETRIC_REPRESENTATION_CONTEXT() REPRESENTATION_CONTEXT('2D SPACE',''
  ) );
#6839 = ORIENTED_EDGE('',*,*,#6840,.F.);
#6840 = EDGE_CURVE('',#6841,#6815,#6843,.T.);
#6841 = VERTEX_POINT('',#6842);
#6842 = CARTESIAN_POINT('',(6.5,6.62,-21.3));
#6843 = SURFACE_CURVE('',#6844,(#6848,#6854),.PCURVE_S1.);
#6844 = LINE('',#6845,#6846);
#6845 = CARTESIAN_POINT('',(-2.495,6.62,-21.3));
#6846 = VECTOR('',#6847,1.);
#6847 = DIRECTION('',(1.,-0.,0.));
#6848 = PCURVE('',#3489,#6849);
#6849 = DEFINITIONAL_REPRESENTATION('',(#6850),#6853);
#6850 = B_SPLINE_CURVE_WITH_KNOTS('',1,(#6851,#6852),.UNSPECIFIED.,.F.,
  .F.,(2,2),(8.995,10.995),.PIECEWISE_BEZIER_KNOTS.);
#6851 = CARTESIAN_POINT('',(17.99,-7.62));
#6852 = CARTESIAN_POINT('',(19.99,-7.62));
#6853 = ( GEOMETRIC_REPRESENTATION_CONTEXT(2) 
PARAMETRIC_REPRESENTATION_CONTEXT() REPRESENTATION_CONTEXT('2D SPACE',''
  ) );
#6854 = PCURVE('',#6855,#6860);
#6855 = PLANE('',#6856);
#6856 = AXIS2_PLACEMENT_3D('',#6857,#6858,#6859);
#6857 = CARTESIAN_POINT('',(6.5,6.62,-21.8));
#6858 = DIRECTION('',(0.,1.,0.));
#6859 = DIRECTION('',(0.,0.,1.));
#6860 = DEFINITIONAL_REPRESENTATION('',(#6861),#6864);
#6861 = B_SPLINE_CURVE_WITH_KNOTS('',1,(#6862,#6863),.UNSPECIFIED.,.F.,
  .F.,(2,2),(8.995,10.995),.PIECEWISE_BEZIER_KNOTS.);
#6862 = CARTESIAN_POINT('',(0.5,0.));
#6863 = CARTESIAN_POINT('',(0.5,2.));
#6864 = ( GEOMETRIC_REPRESENTATION_CONTEXT(2) 
PARAMETRIC_REPRESENTATION_CONTEXT() REPRESENTATION_CONTEXT('2D SPACE',''
  ) );
#6865 = ORIENTED_EDGE('',*,*,#6866,.T.);
#6866 = EDGE_CURVE('',#6841,#6867,#6869,.T.);
#6867 = VERTEX_POINT('',#6868);
#6868 = CARTESIAN_POINT('',(6.5,5.3,-21.3));
#6869 = SURFACE_CURVE('',#6870,(#6874,#6880),.PCURVE_S1.);
#6870 = LINE('',#6871,#6872);
#6871 = CARTESIAN_POINT('',(6.5,1.81,-21.3));
#6872 = VECTOR('',#6873,1.);
#6873 = DIRECTION('',(0.,-1.,0.));
#6874 = PCURVE('',#3489,#6875);
#6875 = DEFINITIONAL_REPRESENTATION('',(#6876),#6879);
#6876 = B_SPLINE_CURVE_WITH_KNOTS('',1,(#6877,#6878),.UNSPECIFIED.,.F.,
  .F.,(2,2),(-4.81,-2.81),.PIECEWISE_BEZIER_KNOTS.);
#6877 = CARTESIAN_POINT('',(17.99,-7.62));
#6878 = CARTESIAN_POINT('',(17.99,-5.62));
#6879 = ( GEOMETRIC_REPRESENTATION_CONTEXT(2) 
PARAMETRIC_REPRESENTATION_CONTEXT() REPRESENTATION_CONTEXT('2D SPACE',''
  ) );
#6880 = PCURVE('',#6881,#6886);
#6881 = PLANE('',#6882);
#6882 = AXIS2_PLACEMENT_3D('',#6883,#6884,#6885);
#6883 = CARTESIAN_POINT('',(6.5,4.62,-21.8));
#6884 = DIRECTION('',(1.,0.,0.));
#6885 = DIRECTION('',(0.,0.,1.));
#6886 = DEFINITIONAL_REPRESENTATION('',(#6887),#6890);
#6887 = B_SPLINE_CURVE_WITH_KNOTS('',1,(#6888,#6889),.UNSPECIFIED.,.F.,
  .F.,(2,2),(-4.81,-2.81),.PIECEWISE_BEZIER_KNOTS.);
#6888 = CARTESIAN_POINT('',(0.5,-2.));
#6889 = CARTESIAN_POINT('',(0.5,0.));
#6890 = ( GEOMETRIC_REPRESENTATION_CONTEXT(2) 
PARAMETRIC_REPRESENTATION_CONTEXT() REPRESENTATION_CONTEXT('2D SPACE',''
  ) );
#6891 = ORIENTED_EDGE('',*,*,#6892,.F.);
#6892 = EDGE_CURVE('',#6893,#6867,#6895,.T.);
#6893 = VERTEX_POINT('',#6894);
#6894 = CARTESIAN_POINT('',(-6.5,5.3,-21.3));
#6895 = SURFACE_CURVE('',#6896,(#6900,#6907),.PCURVE_S1.);
#6896 = LINE('',#6897,#6898);
#6897 = CARTESIAN_POINT('',(-7.35,5.3,-21.3));
#6898 = VECTOR('',#6899,1.);
#6899 = DIRECTION('',(1.,0.,0.));
#6900 = PCURVE('',#3489,#6901);
#6901 = DEFINITIONAL_REPRESENTATION('',(#6902),#6906);
#6902 = LINE('',#6903,#6904);
#6903 = CARTESIAN_POINT('',(4.14,-6.3));
#6904 = VECTOR('',#6905,1.);
#6905 = DIRECTION('',(1.,0.));
#6906 = ( GEOMETRIC_REPRESENTATION_CONTEXT(2) 
PARAMETRIC_REPRESENTATION_CONTEXT() REPRESENTATION_CONTEXT('2D SPACE',''
  ) );
#6907 = PCURVE('',#6908,#6913);
#6908 = PLANE('',#6909);
#6909 = AXIS2_PLACEMENT_3D('',#6910,#6911,#6912);
#6910 = CARTESIAN_POINT('',(-7.35,5.3,-23.8));
#6911 = DIRECTION('',(0.,1.,0.));
#6912 = DIRECTION('',(0.,0.,1.));
#6913 = DEFINITIONAL_REPRESENTATION('',(#6914),#6918);
#6914 = LINE('',#6915,#6916);
#6915 = CARTESIAN_POINT('',(2.5,0.));
#6916 = VECTOR('',#6917,1.);
#6917 = DIRECTION('',(0.,1.));
#6918 = ( GEOMETRIC_REPRESENTATION_CONTEXT(2) 
PARAMETRIC_REPRESENTATION_CONTEXT() REPRESENTATION_CONTEXT('2D SPACE',''
  ) );
#6919 = ORIENTED_EDGE('',*,*,#6920,.F.);
#6920 = EDGE_CURVE('',#6921,#6893,#6923,.T.);
#6921 = VERTEX_POINT('',#6922);
#6922 = CARTESIAN_POINT('',(-6.5,6.62,-21.3));
#6923 = SURFACE_CURVE('',#6924,(#6928,#6934),.PCURVE_S1.);
#6924 = LINE('',#6925,#6926);
#6925 = CARTESIAN_POINT('',(-6.5,1.81,-21.3));
#6926 = VECTOR('',#6927,1.);
#6927 = DIRECTION('',(0.,-1.,0.));
#6928 = PCURVE('',#3489,#6929);
#6929 = DEFINITIONAL_REPRESENTATION('',(#6930),#6933);
#6930 = B_SPLINE_CURVE_WITH_KNOTS('',1,(#6931,#6932),.UNSPECIFIED.,.F.,
  .F.,(2,2),(-4.81,-2.81),.PIECEWISE_BEZIER_KNOTS.);
#6931 = CARTESIAN_POINT('',(4.99,-7.62));
#6932 = CARTESIAN_POINT('',(4.99,-5.62));
#6933 = ( GEOMETRIC_REPRESENTATION_CONTEXT(2) 
PARAMETRIC_REPRESENTATION_CONTEXT() REPRESENTATION_CONTEXT('2D SPACE',''
  ) );
#6934 = PCURVE('',#6935,#6940);
#6935 = PLANE('',#6936);
#6936 = AXIS2_PLACEMENT_3D('',#6937,#6938,#6939);
#6937 = CARTESIAN_POINT('',(-6.5,4.62,-21.8));
#6938 = DIRECTION('',(1.,0.,0.));
#6939 = DIRECTION('',(0.,0.,1.));
#6940 = DEFINITIONAL_REPRESENTATION('',(#6941),#6944);
#6941 = B_SPLINE_CURVE_WITH_KNOTS('',1,(#6942,#6943),.UNSPECIFIED.,.F.,
  .F.,(2,2),(-4.81,-2.81),.PIECEWISE_BEZIER_KNOTS.);
#6942 = CARTESIAN_POINT('',(0.5,-2.));
#6943 = CARTESIAN_POINT('',(0.5,0.));
#6944 = ( GEOMETRIC_REPRESENTATION_CONTEXT(2) 
PARAMETRIC_REPRESENTATION_CONTEXT() REPRESENTATION_CONTEXT('2D SPACE',''
  ) );
#6945 = ORIENTED_EDGE('',*,*,#6946,.F.);
#6946 = EDGE_CURVE('',#6947,#6921,#6949,.T.);
#6947 = VERTEX_POINT('',#6948);
#6948 = CARTESIAN_POINT('',(-8.5,6.62,-21.3));
#6949 = SURFACE_CURVE('',#6950,(#6954,#6960),.PCURVE_S1.);
#6950 = LINE('',#6951,#6952);
#6951 = CARTESIAN_POINT('',(-9.995,6.62,-21.3));
#6952 = VECTOR('',#6953,1.);
#6953 = DIRECTION('',(1.,-0.,0.));
#6954 = PCURVE('',#3489,#6955);
#6955 = DEFINITIONAL_REPRESENTATION('',(#6956),#6959);
#6956 = B_SPLINE_CURVE_WITH_KNOTS('',1,(#6957,#6958),.UNSPECIFIED.,.F.,
  .F.,(2,2),(1.495,3.495),.PIECEWISE_BEZIER_KNOTS.);
#6957 = CARTESIAN_POINT('',(2.99,-7.62));
#6958 = CARTESIAN_POINT('',(4.99,-7.62));
#6959 = ( GEOMETRIC_REPRESENTATION_CONTEXT(2) 
PARAMETRIC_REPRESENTATION_CONTEXT() REPRESENTATION_CONTEXT('2D SPACE',''
  ) );
#6960 = PCURVE('',#6961,#6966);
#6961 = PLANE('',#6962);
#6962 = AXIS2_PLACEMENT_3D('',#6963,#6964,#6965);
#6963 = CARTESIAN_POINT('',(-8.5,6.62,-21.8));
#6964 = DIRECTION('',(0.,1.,0.));
#6965 = DIRECTION('',(0.,0.,1.));
#6966 = DEFINITIONAL_REPRESENTATION('',(#6967),#6970);
#6967 = B_SPLINE_CURVE_WITH_KNOTS('',1,(#6968,#6969),.UNSPECIFIED.,.F.,
  .F.,(2,2),(1.495,3.495),.PIECEWISE_BEZIER_KNOTS.);
#6968 = CARTESIAN_POINT('',(0.5,0.));
#6969 = CARTESIAN_POINT('',(0.5,2.));
#6970 = ( GEOMETRIC_REPRESENTATION_CONTEXT(2) 
PARAMETRIC_REPRESENTATION_CONTEXT() REPRESENTATION_CONTEXT('2D SPACE',''
  ) );
#6971 = ORIENTED_EDGE('',*,*,#6972,.T.);
#6972 = EDGE_CURVE('',#6947,#6973,#6975,.T.);
#6973 = VERTEX_POINT('',#6974);
#6974 = CARTESIAN_POINT('',(-8.5,4.62,-21.3));
#6975 = SURFACE_CURVE('',#6976,(#6980,#6986),.PCURVE_S1.);
#6976 = LINE('',#6977,#6978);
#6977 = CARTESIAN_POINT('',(-8.5,1.81,-21.3));
#6978 = VECTOR('',#6979,1.);
#6979 = DIRECTION('',(0.,-1.,0.));
#6980 = PCURVE('',#3489,#6981);
#6981 = DEFINITIONAL_REPRESENTATION('',(#6982),#6985);
#6982 = B_SPLINE_CURVE_WITH_KNOTS('',1,(#6983,#6984),.UNSPECIFIED.,.F.,
  .F.,(2,2),(-4.81,-2.81),.PIECEWISE_BEZIER_KNOTS.);
#6983 = CARTESIAN_POINT('',(2.99,-7.62));
#6984 = CARTESIAN_POINT('',(2.99,-5.62));
#6985 = ( GEOMETRIC_REPRESENTATION_CONTEXT(2) 
PARAMETRIC_REPRESENTATION_CONTEXT() REPRESENTATION_CONTEXT('2D SPACE',''
  ) );
#6986 = PCURVE('',#6987,#6992);
#6987 = PLANE('',#6988);
#6988 = AXIS2_PLACEMENT_3D('',#6989,#6990,#6991);
#6989 = CARTESIAN_POINT('',(-8.5,4.62,-21.8));
#6990 = DIRECTION('',(1.,0.,0.));
#6991 = DIRECTION('',(0.,0.,1.));
#6992 = DEFINITIONAL_REPRESENTATION('',(#6993),#6996);
#6993 = B_SPLINE_CURVE_WITH_KNOTS('',1,(#6994,#6995),.UNSPECIFIED.,.F.,
  .F.,(2,2),(-4.81,-2.81),.PIECEWISE_BEZIER_KNOTS.);
#6994 = CARTESIAN_POINT('',(0.5,-2.));
#6995 = CARTESIAN_POINT('',(0.5,0.));
#6996 = ( GEOMETRIC_REPRESENTATION_CONTEXT(2) 
PARAMETRIC_REPRESENTATION_CONTEXT() REPRESENTATION_CONTEXT('2D SPACE',''
  ) );
#6997 = ORIENTED_EDGE('',*,*,#6998,.T.);
#6998 = EDGE_CURVE('',#6973,#6999,#7001,.T.);
#6999 = VERTEX_POINT('',#7000);
#7000 = CARTESIAN_POINT('',(-7.35,4.62,-21.3));
#7001 = SURFACE_CURVE('',#7002,(#7006,#7012),.PCURVE_S1.);
#7002 = LINE('',#7003,#7004);
#7003 = CARTESIAN_POINT('',(-9.995,4.62,-21.3));
#7004 = VECTOR('',#7005,1.);
#7005 = DIRECTION('',(1.,-0.,0.));
#7006 = PCURVE('',#3489,#7007);
#7007 = DEFINITIONAL_REPRESENTATION('',(#7008),#7011);
#7008 = B_SPLINE_CURVE_WITH_KNOTS('',1,(#7009,#7010),.UNSPECIFIED.,.F.,
  .F.,(2,2),(1.495,3.495),.PIECEWISE_BEZIER_KNOTS.);
#7009 = CARTESIAN_POINT('',(2.99,-5.62));
#7010 = CARTESIAN_POINT('',(4.99,-5.62));
#7011 = ( GEOMETRIC_REPRESENTATION_CONTEXT(2) 
PARAMETRIC_REPRESENTATION_CONTEXT() REPRESENTATION_CONTEXT('2D SPACE',''
  ) );
#7012 = PCURVE('',#7013,#7018);
#7013 = PLANE('',#7014);
#7014 = AXIS2_PLACEMENT_3D('',#7015,#7016,#7017);
#7015 = CARTESIAN_POINT('',(-8.5,4.62,-21.8));
#7016 = DIRECTION('',(0.,1.,0.));
#7017 = DIRECTION('',(0.,0.,1.));
#7018 = DEFINITIONAL_REPRESENTATION('',(#7019),#7022);
#7019 = B_SPLINE_CURVE_WITH_KNOTS('',1,(#7020,#7021),.UNSPECIFIED.,.F.,
  .F.,(2,2),(1.495,3.495),.PIECEWISE_BEZIER_KNOTS.);
#7020 = CARTESIAN_POINT('',(0.5,0.));
#7021 = CARTESIAN_POINT('',(0.5,2.));
#7022 = ( GEOMETRIC_REPRESENTATION_CONTEXT(2) 
PARAMETRIC_REPRESENTATION_CONTEXT() REPRESENTATION_CONTEXT('2D SPACE',''
  ) );
#7023 = ORIENTED_EDGE('',*,*,#7024,.F.);
#7024 = EDGE_CURVE('',#6687,#6999,#7025,.T.);
#7025 = SURFACE_CURVE('',#7026,(#7030,#7037),.PCURVE_S1.);
#7026 = LINE('',#7027,#7028);
#7027 = CARTESIAN_POINT('',(-7.35,-1.,-21.3));
#7028 = VECTOR('',#7029,1.);
#7029 = DIRECTION('',(0.,1.,0.));
#7030 = PCURVE('',#3489,#7031);
#7031 = DEFINITIONAL_REPRESENTATION('',(#7032),#7036);
#7032 = LINE('',#7033,#7034);
#7033 = CARTESIAN_POINT('',(4.14,0.));
#7034 = VECTOR('',#7035,1.);
#7035 = DIRECTION('',(0.,-1.));
#7036 = ( GEOMETRIC_REPRESENTATION_CONTEXT(2) 
PARAMETRIC_REPRESENTATION_CONTEXT() REPRESENTATION_CONTEXT('2D SPACE',''
  ) );
#7037 = PCURVE('',#7038,#7043);
#7038 = PLANE('',#7039);
#7039 = AXIS2_PLACEMENT_3D('',#7040,#7041,#7042);
#7040 = CARTESIAN_POINT('',(-7.35,-1.,-23.8));
#7041 = DIRECTION('',(1.,0.,0.));
#7042 = DIRECTION('',(0.,0.,1.));
#7043 = DEFINITIONAL_REPRESENTATION('',(#7044),#7048);
#7044 = LINE('',#7045,#7046);
#7045 = CARTESIAN_POINT('',(2.5,0.));
#7046 = VECTOR('',#7047,1.);
#7047 = DIRECTION('',(0.,-1.));
#7048 = ( GEOMETRIC_REPRESENTATION_CONTEXT(2) 
PARAMETRIC_REPRESENTATION_CONTEXT() REPRESENTATION_CONTEXT('2D SPACE',''
  ) );
#7049 = ADVANCED_FACE('',(#7050),#6776,.F.);
#7050 = FACE_BOUND('',#7051,.F.);
#7051 = EDGE_LOOP('',(#7052,#7053,#7075,#7103,#7126,#7152));
#7052 = ORIENTED_EDGE('',*,*,#6760,.F.);
#7053 = ORIENTED_EDGE('',*,*,#7054,.F.);
#7054 = EDGE_CURVE('',#7055,#6739,#7057,.T.);
#7055 = VERTEX_POINT('',#7056);
#7056 = CARTESIAN_POINT('',(7.35,0.,-23.8));
#7057 = SURFACE_CURVE('',#7058,(#7062,#7068),.PCURVE_S1.);
#7058 = LINE('',#7059,#7060);
#7059 = CARTESIAN_POINT('',(7.35,0.,-11.9));
#7060 = VECTOR('',#7061,1.);
#7061 = DIRECTION('',(-0.,0.,1.));
#7062 = PCURVE('',#6776,#7063);
#7063 = DEFINITIONAL_REPRESENTATION('',(#7064),#7067);
#7064 = B_SPLINE_CURVE_WITH_KNOTS('',1,(#7065,#7066),.UNSPECIFIED.,.F.,
  .F.,(2,2),(-11.9,-9.4),.PIECEWISE_BEZIER_KNOTS.);
#7065 = CARTESIAN_POINT('',(0.,-1.));
#7066 = CARTESIAN_POINT('',(2.5,-1.));
#7067 = ( GEOMETRIC_REPRESENTATION_CONTEXT(2) 
PARAMETRIC_REPRESENTATION_CONTEXT() REPRESENTATION_CONTEXT('2D SPACE',''
  ) );
#7068 = PCURVE('',#44,#7069);
#7069 = DEFINITIONAL_REPRESENTATION('',(#7070),#7074);
#7070 = LINE('',#7071,#7072);
#7071 = CARTESIAN_POINT('',(7.35,-11.9));
#7072 = VECTOR('',#7073,1.);
#7073 = DIRECTION('',(0.,1.));
#7074 = ( GEOMETRIC_REPRESENTATION_CONTEXT(2) 
PARAMETRIC_REPRESENTATION_CONTEXT() REPRESENTATION_CONTEXT('2D SPACE',''
  ) );
#7075 = ORIENTED_EDGE('',*,*,#7076,.T.);
#7076 = EDGE_CURVE('',#7055,#7077,#7079,.T.);
#7077 = VERTEX_POINT('',#7078);
#7078 = CARTESIAN_POINT('',(7.35,5.3,-23.8));
#7079 = SURFACE_CURVE('',#7080,(#7084,#7091),.PCURVE_S1.);
#7080 = LINE('',#7081,#7082);
#7081 = CARTESIAN_POINT('',(7.35,-1.,-23.8));
#7082 = VECTOR('',#7083,1.);
#7083 = DIRECTION('',(0.,1.,0.));
#7084 = PCURVE('',#6776,#7085);
#7085 = DEFINITIONAL_REPRESENTATION('',(#7086),#7090);
#7086 = LINE('',#7087,#7088);
#7087 = CARTESIAN_POINT('',(0.,0.));
#7088 = VECTOR('',#7089,1.);
#7089 = DIRECTION('',(0.,-1.));
#7090 = ( GEOMETRIC_REPRESENTATION_CONTEXT(2) 
PARAMETRIC_REPRESENTATION_CONTEXT() REPRESENTATION_CONTEXT('2D SPACE',''
  ) );
#7091 = PCURVE('',#7092,#7097);
#7092 = PLANE('',#7093);
#7093 = AXIS2_PLACEMENT_3D('',#7094,#7095,#7096);
#7094 = CARTESIAN_POINT('',(-7.35,-1.,-23.8));
#7095 = DIRECTION('',(0.,0.,1.));
#7096 = DIRECTION('',(1.,0.,0.));
#7097 = DEFINITIONAL_REPRESENTATION('',(#7098),#7102);
#7098 = LINE('',#7099,#7100);
#7099 = CARTESIAN_POINT('',(14.7,0.));
#7100 = VECTOR('',#7101,1.);
#7101 = DIRECTION('',(0.,1.));
#7102 = ( GEOMETRIC_REPRESENTATION_CONTEXT(2) 
PARAMETRIC_REPRESENTATION_CONTEXT() REPRESENTATION_CONTEXT('2D SPACE',''
  ) );
#7103 = ORIENTED_EDGE('',*,*,#7104,.T.);
#7104 = EDGE_CURVE('',#7077,#7105,#7107,.T.);
#7105 = VERTEX_POINT('',#7106);
#7106 = CARTESIAN_POINT('',(7.35,5.3,-21.8));
#7107 = SURFACE_CURVE('',#7108,(#7112,#7119),.PCURVE_S1.);
#7108 = LINE('',#7109,#7110);
#7109 = CARTESIAN_POINT('',(7.35,5.3,-23.8));
#7110 = VECTOR('',#7111,1.);
#7111 = DIRECTION('',(0.,0.,1.));
#7112 = PCURVE('',#6776,#7113);
#7113 = DEFINITIONAL_REPRESENTATION('',(#7114),#7118);
#7114 = LINE('',#7115,#7116);
#7115 = CARTESIAN_POINT('',(0.,-6.3));
#7116 = VECTOR('',#7117,1.);
#7117 = DIRECTION('',(1.,0.));
#7118 = ( GEOMETRIC_REPRESENTATION_CONTEXT(2) 
PARAMETRIC_REPRESENTATION_CONTEXT() REPRESENTATION_CONTEXT('2D SPACE',''
  ) );
#7119 = PCURVE('',#6908,#7120);
#7120 = DEFINITIONAL_REPRESENTATION('',(#7121),#7125);
#7121 = LINE('',#7122,#7123);
#7122 = CARTESIAN_POINT('',(0.,14.7));
#7123 = VECTOR('',#7124,1.);
#7124 = DIRECTION('',(1.,0.));
#7125 = ( GEOMETRIC_REPRESENTATION_CONTEXT(2) 
PARAMETRIC_REPRESENTATION_CONTEXT() REPRESENTATION_CONTEXT('2D SPACE',''
  ) );
#7126 = ORIENTED_EDGE('',*,*,#7127,.T.);
#7127 = EDGE_CURVE('',#7105,#7128,#7130,.T.);
#7128 = VERTEX_POINT('',#7129);
#7129 = CARTESIAN_POINT('',(7.35,4.62,-21.8));
#7130 = SURFACE_CURVE('',#7131,(#7135,#7141),.PCURVE_S1.);
#7131 = LINE('',#7132,#7133);
#7132 = CARTESIAN_POINT('',(7.35,1.81,-21.8));
#7133 = VECTOR('',#7134,1.);
#7134 = DIRECTION('',(0.,-1.,0.));
#7135 = PCURVE('',#6776,#7136);
#7136 = DEFINITIONAL_REPRESENTATION('',(#7137),#7140);
#7137 = B_SPLINE_CURVE_WITH_KNOTS('',1,(#7138,#7139),.UNSPECIFIED.,.F.,
  .F.,(2,2),(-3.49,-2.81),.PIECEWISE_BEZIER_KNOTS.);
#7138 = CARTESIAN_POINT('',(2.,-6.3));
#7139 = CARTESIAN_POINT('',(2.,-5.62));
#7140 = ( GEOMETRIC_REPRESENTATION_CONTEXT(2) 
PARAMETRIC_REPRESENTATION_CONTEXT() REPRESENTATION_CONTEXT('2D SPACE',''
  ) );
#7141 = PCURVE('',#7142,#7147);
#7142 = PLANE('',#7143);
#7143 = AXIS2_PLACEMENT_3D('',#7144,#7145,#7146);
#7144 = CARTESIAN_POINT('',(6.5,4.62,-21.8));
#7145 = DIRECTION('',(0.,0.,1.));
#7146 = DIRECTION('',(1.,0.,0.));
#7147 = DEFINITIONAL_REPRESENTATION('',(#7148),#7151);
#7148 = B_SPLINE_CURVE_WITH_KNOTS('',1,(#7149,#7150),.UNSPECIFIED.,.F.,
  .F.,(2,2),(-3.49,-2.81),.PIECEWISE_BEZIER_KNOTS.);
#7149 = CARTESIAN_POINT('',(0.85,0.68));
#7150 = CARTESIAN_POINT('',(0.85,0.));
#7151 = ( GEOMETRIC_REPRESENTATION_CONTEXT(2) 
PARAMETRIC_REPRESENTATION_CONTEXT() REPRESENTATION_CONTEXT('2D SPACE',''
  ) );
#7152 = ORIENTED_EDGE('',*,*,#7153,.T.);
#7153 = EDGE_CURVE('',#7128,#6761,#7154,.T.);
#7154 = SURFACE_CURVE('',#7155,(#7159,#7165),.PCURVE_S1.);
#7155 = LINE('',#7156,#7157);
#7156 = CARTESIAN_POINT('',(7.35,4.62,-22.8));
#7157 = VECTOR('',#7158,1.);
#7158 = DIRECTION('',(0.,0.,1.));
#7159 = PCURVE('',#6776,#7160);
#7160 = DEFINITIONAL_REPRESENTATION('',(#7161),#7164);
#7161 = B_SPLINE_CURVE_WITH_KNOTS('',1,(#7162,#7163),.UNSPECIFIED.,.F.,
  .F.,(2,2),(1.,1.5),.PIECEWISE_BEZIER_KNOTS.);
#7162 = CARTESIAN_POINT('',(2.,-5.62));
#7163 = CARTESIAN_POINT('',(2.5,-5.62));
#7164 = ( GEOMETRIC_REPRESENTATION_CONTEXT(2) 
PARAMETRIC_REPRESENTATION_CONTEXT() REPRESENTATION_CONTEXT('2D SPACE',''
  ) );
#7165 = PCURVE('',#6803,#7166);
#7166 = DEFINITIONAL_REPRESENTATION('',(#7167),#7170);
#7167 = B_SPLINE_CURVE_WITH_KNOTS('',1,(#7168,#7169),.UNSPECIFIED.,.F.,
  .F.,(2,2),(1.,1.5),.PIECEWISE_BEZIER_KNOTS.);
#7168 = CARTESIAN_POINT('',(0.,0.85));
#7169 = CARTESIAN_POINT('',(0.5,0.85));
#7170 = ( GEOMETRIC_REPRESENTATION_CONTEXT(2) 
PARAMETRIC_REPRESENTATION_CONTEXT() REPRESENTATION_CONTEXT('2D SPACE',''
  ) );
#7171 = ADVANCED_FACE('',(#7172),#7092,.T.);
#7172 = FACE_BOUND('',#7173,.T.);
#7173 = EDGE_LOOP('',(#7174,#7199,#7220,#7221));
#7174 = ORIENTED_EDGE('',*,*,#7175,.F.);
#7175 = EDGE_CURVE('',#7176,#7178,#7180,.T.);
#7176 = VERTEX_POINT('',#7177);
#7177 = CARTESIAN_POINT('',(-7.35,0.,-23.8));
#7178 = VERTEX_POINT('',#7179);
#7179 = CARTESIAN_POINT('',(-7.35,5.3,-23.8));
#7180 = SURFACE_CURVE('',#7181,(#7185,#7192),.PCURVE_S1.);
#7181 = LINE('',#7182,#7183);
#7182 = CARTESIAN_POINT('',(-7.35,-1.,-23.8));
#7183 = VECTOR('',#7184,1.);
#7184 = DIRECTION('',(0.,1.,0.));
#7185 = PCURVE('',#7092,#7186);
#7186 = DEFINITIONAL_REPRESENTATION('',(#7187),#7191);
#7187 = LINE('',#7188,#7189);
#7188 = CARTESIAN_POINT('',(0.,0.));
#7189 = VECTOR('',#7190,1.);
#7190 = DIRECTION('',(0.,1.));
#7191 = ( GEOMETRIC_REPRESENTATION_CONTEXT(2) 
PARAMETRIC_REPRESENTATION_CONTEXT() REPRESENTATION_CONTEXT('2D SPACE',''
  ) );
#7192 = PCURVE('',#7038,#7193);
#7193 = DEFINITIONAL_REPRESENTATION('',(#7194),#7198);
#7194 = LINE('',#7195,#7196);
#7195 = CARTESIAN_POINT('',(0.,0.));
#7196 = VECTOR('',#7197,1.);
#7197 = DIRECTION('',(0.,-1.));
#7198 = ( GEOMETRIC_REPRESENTATION_CONTEXT(2) 
PARAMETRIC_REPRESENTATION_CONTEXT() REPRESENTATION_CONTEXT('2D SPACE',''
  ) );
#7199 = ORIENTED_EDGE('',*,*,#7200,.F.);
#7200 = EDGE_CURVE('',#7055,#7176,#7201,.T.);
#7201 = SURFACE_CURVE('',#7202,(#7206,#7213),.PCURVE_S1.);
#7202 = LINE('',#7203,#7204);
#7203 = CARTESIAN_POINT('',(7.35,0.,-23.8));
#7204 = VECTOR('',#7205,1.);
#7205 = DIRECTION('',(-1.,0.,0.));
#7206 = PCURVE('',#7092,#7207);
#7207 = DEFINITIONAL_REPRESENTATION('',(#7208),#7212);
#7208 = LINE('',#7209,#7210);
#7209 = CARTESIAN_POINT('',(14.7,1.));
#7210 = VECTOR('',#7211,1.);
#7211 = DIRECTION('',(-1.,0.));
#7212 = ( GEOMETRIC_REPRESENTATION_CONTEXT(2) 
PARAMETRIC_REPRESENTATION_CONTEXT() REPRESENTATION_CONTEXT('2D SPACE',''
  ) );
#7213 = PCURVE('',#44,#7214);
#7214 = DEFINITIONAL_REPRESENTATION('',(#7215),#7219);
#7215 = LINE('',#7216,#7217);
#7216 = CARTESIAN_POINT('',(7.35,-23.8));
#7217 = VECTOR('',#7218,1.);
#7218 = DIRECTION('',(-1.,0.));
#7219 = ( GEOMETRIC_REPRESENTATION_CONTEXT(2) 
PARAMETRIC_REPRESENTATION_CONTEXT() REPRESENTATION_CONTEXT('2D SPACE',''
  ) );
#7220 = ORIENTED_EDGE('',*,*,#7076,.T.);
#7221 = ORIENTED_EDGE('',*,*,#7222,.F.);
#7222 = EDGE_CURVE('',#7178,#7077,#7223,.T.);
#7223 = SURFACE_CURVE('',#7224,(#7228,#7235),.PCURVE_S1.);
#7224 = LINE('',#7225,#7226);
#7225 = CARTESIAN_POINT('',(-7.35,5.3,-23.8));
#7226 = VECTOR('',#7227,1.);
#7227 = DIRECTION('',(1.,0.,0.));
#7228 = PCURVE('',#7092,#7229);
#7229 = DEFINITIONAL_REPRESENTATION('',(#7230),#7234);
#7230 = LINE('',#7231,#7232);
#7231 = CARTESIAN_POINT('',(0.,6.3));
#7232 = VECTOR('',#7233,1.);
#7233 = DIRECTION('',(1.,0.));
#7234 = ( GEOMETRIC_REPRESENTATION_CONTEXT(2) 
PARAMETRIC_REPRESENTATION_CONTEXT() REPRESENTATION_CONTEXT('2D SPACE',''
  ) );
#7235 = PCURVE('',#6908,#7236);
#7236 = DEFINITIONAL_REPRESENTATION('',(#7237),#7241);
#7237 = LINE('',#7238,#7239);
#7238 = CARTESIAN_POINT('',(0.,0.));
#7239 = VECTOR('',#7240,1.);
#7240 = DIRECTION('',(0.,1.));
#7241 = ( GEOMETRIC_REPRESENTATION_CONTEXT(2) 
PARAMETRIC_REPRESENTATION_CONTEXT() REPRESENTATION_CONTEXT('2D SPACE',''
  ) );
#7242 = ADVANCED_FACE('',(#7243),#7142,.T.);
#7243 = FACE_BOUND('',#7244,.T.);
#7244 = EDGE_LOOP('',(#7245,#7270,#7289,#7290,#7313,#7336));
#7245 = ORIENTED_EDGE('',*,*,#7246,.F.);
#7246 = EDGE_CURVE('',#7247,#7249,#7251,.T.);
#7247 = VERTEX_POINT('',#7248);
#7248 = CARTESIAN_POINT('',(6.5,5.3,-21.8));
#7249 = VERTEX_POINT('',#7250);
#7250 = CARTESIAN_POINT('',(6.5,6.62,-21.8));
#7251 = SURFACE_CURVE('',#7252,(#7256,#7263),.PCURVE_S1.);
#7252 = LINE('',#7253,#7254);
#7253 = CARTESIAN_POINT('',(6.5,4.62,-21.8));
#7254 = VECTOR('',#7255,1.);
#7255 = DIRECTION('',(0.,1.,0.));
#7256 = PCURVE('',#7142,#7257);
#7257 = DEFINITIONAL_REPRESENTATION('',(#7258),#7262);
#7258 = LINE('',#7259,#7260);
#7259 = CARTESIAN_POINT('',(0.,0.));
#7260 = VECTOR('',#7261,1.);
#7261 = DIRECTION('',(0.,1.));
#7262 = ( GEOMETRIC_REPRESENTATION_CONTEXT(2) 
PARAMETRIC_REPRESENTATION_CONTEXT() REPRESENTATION_CONTEXT('2D SPACE',''
  ) );
#7263 = PCURVE('',#6881,#7264);
#7264 = DEFINITIONAL_REPRESENTATION('',(#7265),#7269);
#7265 = LINE('',#7266,#7267);
#7266 = CARTESIAN_POINT('',(0.,0.));
#7267 = VECTOR('',#7268,1.);
#7268 = DIRECTION('',(0.,-1.));
#7269 = ( GEOMETRIC_REPRESENTATION_CONTEXT(2) 
PARAMETRIC_REPRESENTATION_CONTEXT() REPRESENTATION_CONTEXT('2D SPACE',''
  ) );
#7270 = ORIENTED_EDGE('',*,*,#7271,.T.);
#7271 = EDGE_CURVE('',#7247,#7105,#7272,.T.);
#7272 = SURFACE_CURVE('',#7273,(#7277,#7283),.PCURVE_S1.);
#7273 = LINE('',#7274,#7275);
#7274 = CARTESIAN_POINT('',(-0.425,5.3,-21.8));
#7275 = VECTOR('',#7276,1.);
#7276 = DIRECTION('',(1.,0.,0.));
#7277 = PCURVE('',#7142,#7278);
#7278 = DEFINITIONAL_REPRESENTATION('',(#7279),#7282);
#7279 = B_SPLINE_CURVE_WITH_KNOTS('',1,(#7280,#7281),.UNSPECIFIED.,.F.,
  .F.,(2,2),(6.925,7.775),.PIECEWISE_BEZIER_KNOTS.);
#7280 = CARTESIAN_POINT('',(0.,0.68));
#7281 = CARTESIAN_POINT('',(0.85,0.68));
#7282 = ( GEOMETRIC_REPRESENTATION_CONTEXT(2) 
PARAMETRIC_REPRESENTATION_CONTEXT() REPRESENTATION_CONTEXT('2D SPACE',''
  ) );
#7283 = PCURVE('',#6908,#7284);
#7284 = DEFINITIONAL_REPRESENTATION('',(#7285),#7288);
#7285 = B_SPLINE_CURVE_WITH_KNOTS('',1,(#7286,#7287),.UNSPECIFIED.,.F.,
  .F.,(2,2),(6.925,7.775),.PIECEWISE_BEZIER_KNOTS.);
#7286 = CARTESIAN_POINT('',(2.,13.85));
#7287 = CARTESIAN_POINT('',(2.,14.7));
#7288 = ( GEOMETRIC_REPRESENTATION_CONTEXT(2) 
PARAMETRIC_REPRESENTATION_CONTEXT() REPRESENTATION_CONTEXT('2D SPACE',''
  ) );
#7289 = ORIENTED_EDGE('',*,*,#7127,.T.);
#7290 = ORIENTED_EDGE('',*,*,#7291,.T.);
#7291 = EDGE_CURVE('',#7128,#7292,#7294,.T.);
#7292 = VERTEX_POINT('',#7293);
#7293 = CARTESIAN_POINT('',(8.5,4.62,-21.8));
#7294 = SURFACE_CURVE('',#7295,(#7299,#7306),.PCURVE_S1.);
#7295 = LINE('',#7296,#7297);
#7296 = CARTESIAN_POINT('',(6.5,4.62,-21.8));
#7297 = VECTOR('',#7298,1.);
#7298 = DIRECTION('',(1.,0.,0.));
#7299 = PCURVE('',#7142,#7300);
#7300 = DEFINITIONAL_REPRESENTATION('',(#7301),#7305);
#7301 = LINE('',#7302,#7303);
#7302 = CARTESIAN_POINT('',(0.,0.));
#7303 = VECTOR('',#7304,1.);
#7304 = DIRECTION('',(1.,0.));
#7305 = ( GEOMETRIC_REPRESENTATION_CONTEXT(2) 
PARAMETRIC_REPRESENTATION_CONTEXT() REPRESENTATION_CONTEXT('2D SPACE',''
  ) );
#7306 = PCURVE('',#6803,#7307);
#7307 = DEFINITIONAL_REPRESENTATION('',(#7308),#7312);
#7308 = LINE('',#7309,#7310);
#7309 = CARTESIAN_POINT('',(0.,0.));
#7310 = VECTOR('',#7311,1.);
#7311 = DIRECTION('',(0.,1.));
#7312 = ( GEOMETRIC_REPRESENTATION_CONTEXT(2) 
PARAMETRIC_REPRESENTATION_CONTEXT() REPRESENTATION_CONTEXT('2D SPACE',''
  ) );
#7313 = ORIENTED_EDGE('',*,*,#7314,.T.);
#7314 = EDGE_CURVE('',#7292,#7315,#7317,.T.);
#7315 = VERTEX_POINT('',#7316);
#7316 = CARTESIAN_POINT('',(8.5,6.62,-21.8));
#7317 = SURFACE_CURVE('',#7318,(#7322,#7329),.PCURVE_S1.);
#7318 = LINE('',#7319,#7320);
#7319 = CARTESIAN_POINT('',(8.5,4.62,-21.8));
#7320 = VECTOR('',#7321,1.);
#7321 = DIRECTION('',(0.,1.,0.));
#7322 = PCURVE('',#7142,#7323);
#7323 = DEFINITIONAL_REPRESENTATION('',(#7324),#7328);
#7324 = LINE('',#7325,#7326);
#7325 = CARTESIAN_POINT('',(2.,0.));
#7326 = VECTOR('',#7327,1.);
#7327 = DIRECTION('',(0.,1.));
#7328 = ( GEOMETRIC_REPRESENTATION_CONTEXT(2) 
PARAMETRIC_REPRESENTATION_CONTEXT() REPRESENTATION_CONTEXT('2D SPACE',''
  ) );
#7329 = PCURVE('',#6829,#7330);
#7330 = DEFINITIONAL_REPRESENTATION('',(#7331),#7335);
#7331 = LINE('',#7332,#7333);
#7332 = CARTESIAN_POINT('',(0.,0.));
#7333 = VECTOR('',#7334,1.);
#7334 = DIRECTION('',(0.,-1.));
#7335 = ( GEOMETRIC_REPRESENTATION_CONTEXT(2) 
PARAMETRIC_REPRESENTATION_CONTEXT() REPRESENTATION_CONTEXT('2D SPACE',''
  ) );
#7336 = ORIENTED_EDGE('',*,*,#7337,.F.);
#7337 = EDGE_CURVE('',#7249,#7315,#7338,.T.);
#7338 = SURFACE_CURVE('',#7339,(#7343,#7350),.PCURVE_S1.);
#7339 = LINE('',#7340,#7341);
#7340 = CARTESIAN_POINT('',(6.5,6.62,-21.8));
#7341 = VECTOR('',#7342,1.);
#7342 = DIRECTION('',(1.,0.,0.));
#7343 = PCURVE('',#7142,#7344);
#7344 = DEFINITIONAL_REPRESENTATION('',(#7345),#7349);
#7345 = LINE('',#7346,#7347);
#7346 = CARTESIAN_POINT('',(0.,2.));
#7347 = VECTOR('',#7348,1.);
#7348 = DIRECTION('',(1.,0.));
#7349 = ( GEOMETRIC_REPRESENTATION_CONTEXT(2) 
PARAMETRIC_REPRESENTATION_CONTEXT() REPRESENTATION_CONTEXT('2D SPACE',''
  ) );
#7350 = PCURVE('',#6855,#7351);
#7351 = DEFINITIONAL_REPRESENTATION('',(#7352),#7356);
#7352 = LINE('',#7353,#7354);
#7353 = CARTESIAN_POINT('',(0.,0.));
#7354 = VECTOR('',#7355,1.);
#7355 = DIRECTION('',(0.,1.));
#7356 = ( GEOMETRIC_REPRESENTATION_CONTEXT(2) 
PARAMETRIC_REPRESENTATION_CONTEXT() REPRESENTATION_CONTEXT('2D SPACE',''
  ) );
#7357 = ADVANCED_FACE('',(#7358),#6803,.T.);
#7358 = FACE_BOUND('',#7359,.T.);
#7359 = EDGE_LOOP('',(#7360,#7361,#7362,#7363));
#7360 = ORIENTED_EDGE('',*,*,#7291,.F.);
#7361 = ORIENTED_EDGE('',*,*,#7153,.T.);
#7362 = ORIENTED_EDGE('',*,*,#6788,.T.);
#7363 = ORIENTED_EDGE('',*,*,#7364,.F.);
#7364 = EDGE_CURVE('',#7292,#6789,#7365,.T.);
#7365 = SURFACE_CURVE('',#7366,(#7370,#7377),.PCURVE_S1.);
#7366 = LINE('',#7367,#7368);
#7367 = CARTESIAN_POINT('',(8.5,4.62,-21.8));
#7368 = VECTOR('',#7369,1.);
#7369 = DIRECTION('',(0.,0.,1.));
#7370 = PCURVE('',#6803,#7371);
#7371 = DEFINITIONAL_REPRESENTATION('',(#7372),#7376);
#7372 = LINE('',#7373,#7374);
#7373 = CARTESIAN_POINT('',(0.,2.));
#7374 = VECTOR('',#7375,1.);
#7375 = DIRECTION('',(1.,0.));
#7376 = ( GEOMETRIC_REPRESENTATION_CONTEXT(2) 
PARAMETRIC_REPRESENTATION_CONTEXT() REPRESENTATION_CONTEXT('2D SPACE',''
  ) );
#7377 = PCURVE('',#6829,#7378);
#7378 = DEFINITIONAL_REPRESENTATION('',(#7379),#7383);
#7379 = LINE('',#7380,#7381);
#7380 = CARTESIAN_POINT('',(0.,0.));
#7381 = VECTOR('',#7382,1.);
#7382 = DIRECTION('',(1.,0.));
#7383 = ( GEOMETRIC_REPRESENTATION_CONTEXT(2) 
PARAMETRIC_REPRESENTATION_CONTEXT() REPRESENTATION_CONTEXT('2D SPACE',''
  ) );
#7384 = ADVANCED_FACE('',(#7385),#6829,.F.);
#7385 = FACE_BOUND('',#7386,.F.);
#7386 = EDGE_LOOP('',(#7387,#7388,#7389,#7410));
#7387 = ORIENTED_EDGE('',*,*,#7364,.F.);
#7388 = ORIENTED_EDGE('',*,*,#7314,.T.);
#7389 = ORIENTED_EDGE('',*,*,#7390,.T.);
#7390 = EDGE_CURVE('',#7315,#6815,#7391,.T.);
#7391 = SURFACE_CURVE('',#7392,(#7396,#7403),.PCURVE_S1.);
#7392 = LINE('',#7393,#7394);
#7393 = CARTESIAN_POINT('',(8.5,6.62,-21.8));
#7394 = VECTOR('',#7395,1.);
#7395 = DIRECTION('',(0.,0.,1.));
#7396 = PCURVE('',#6829,#7397);
#7397 = DEFINITIONAL_REPRESENTATION('',(#7398),#7402);
#7398 = LINE('',#7399,#7400);
#7399 = CARTESIAN_POINT('',(0.,-2.));
#7400 = VECTOR('',#7401,1.);
#7401 = DIRECTION('',(1.,0.));
#7402 = ( GEOMETRIC_REPRESENTATION_CONTEXT(2) 
PARAMETRIC_REPRESENTATION_CONTEXT() REPRESENTATION_CONTEXT('2D SPACE',''
  ) );
#7403 = PCURVE('',#6855,#7404);
#7404 = DEFINITIONAL_REPRESENTATION('',(#7405),#7409);
#7405 = LINE('',#7406,#7407);
#7406 = CARTESIAN_POINT('',(0.,2.));
#7407 = VECTOR('',#7408,1.);
#7408 = DIRECTION('',(1.,0.));
#7409 = ( GEOMETRIC_REPRESENTATION_CONTEXT(2) 
PARAMETRIC_REPRESENTATION_CONTEXT() REPRESENTATION_CONTEXT('2D SPACE',''
  ) );
#7410 = ORIENTED_EDGE('',*,*,#6814,.T.);
#7411 = ADVANCED_FACE('',(#7412),#6855,.F.);
#7412 = FACE_BOUND('',#7413,.F.);
#7413 = EDGE_LOOP('',(#7414,#7415,#7416,#7437));
#7414 = ORIENTED_EDGE('',*,*,#7390,.F.);
#7415 = ORIENTED_EDGE('',*,*,#7337,.F.);
#7416 = ORIENTED_EDGE('',*,*,#7417,.T.);
#7417 = EDGE_CURVE('',#7249,#6841,#7418,.T.);
#7418 = SURFACE_CURVE('',#7419,(#7423,#7430),.PCURVE_S1.);
#7419 = LINE('',#7420,#7421);
#7420 = CARTESIAN_POINT('',(6.5,6.62,-21.8));
#7421 = VECTOR('',#7422,1.);
#7422 = DIRECTION('',(0.,0.,1.));
#7423 = PCURVE('',#6855,#7424);
#7424 = DEFINITIONAL_REPRESENTATION('',(#7425),#7429);
#7425 = LINE('',#7426,#7427);
#7426 = CARTESIAN_POINT('',(0.,0.));
#7427 = VECTOR('',#7428,1.);
#7428 = DIRECTION('',(1.,0.));
#7429 = ( GEOMETRIC_REPRESENTATION_CONTEXT(2) 
PARAMETRIC_REPRESENTATION_CONTEXT() REPRESENTATION_CONTEXT('2D SPACE',''
  ) );
#7430 = PCURVE('',#6881,#7431);
#7431 = DEFINITIONAL_REPRESENTATION('',(#7432),#7436);
#7432 = LINE('',#7433,#7434);
#7433 = CARTESIAN_POINT('',(0.,-2.));
#7434 = VECTOR('',#7435,1.);
#7435 = DIRECTION('',(1.,0.));
#7436 = ( GEOMETRIC_REPRESENTATION_CONTEXT(2) 
PARAMETRIC_REPRESENTATION_CONTEXT() REPRESENTATION_CONTEXT('2D SPACE',''
  ) );
#7437 = ORIENTED_EDGE('',*,*,#6840,.T.);
#7438 = ADVANCED_FACE('',(#7439),#6881,.T.);
#7439 = FACE_BOUND('',#7440,.T.);
#7440 = EDGE_LOOP('',(#7441,#7460,#7461,#7462));
#7441 = ORIENTED_EDGE('',*,*,#7442,.T.);
#7442 = EDGE_CURVE('',#6867,#7247,#7443,.T.);
#7443 = SURFACE_CURVE('',#7444,(#7448,#7454),.PCURVE_S1.);
#7444 = LINE('',#7445,#7446);
#7445 = CARTESIAN_POINT('',(6.5,5.3,-22.8));
#7446 = VECTOR('',#7447,1.);
#7447 = DIRECTION('',(0.,0.,-1.));
#7448 = PCURVE('',#6881,#7449);
#7449 = DEFINITIONAL_REPRESENTATION('',(#7450),#7453);
#7450 = B_SPLINE_CURVE_WITH_KNOTS('',1,(#7451,#7452),.UNSPECIFIED.,.F.,
  .F.,(2,2),(-1.5,-1.),.PIECEWISE_BEZIER_KNOTS.);
#7451 = CARTESIAN_POINT('',(0.5,-0.68));
#7452 = CARTESIAN_POINT('',(0.,-0.68));
#7453 = ( GEOMETRIC_REPRESENTATION_CONTEXT(2) 
PARAMETRIC_REPRESENTATION_CONTEXT() REPRESENTATION_CONTEXT('2D SPACE',''
  ) );
#7454 = PCURVE('',#6908,#7455);
#7455 = DEFINITIONAL_REPRESENTATION('',(#7456),#7459);
#7456 = B_SPLINE_CURVE_WITH_KNOTS('',1,(#7457,#7458),.UNSPECIFIED.,.F.,
  .F.,(2,2),(-1.5,-1.),.PIECEWISE_BEZIER_KNOTS.);
#7457 = CARTESIAN_POINT('',(2.5,13.85));
#7458 = CARTESIAN_POINT('',(2.,13.85));
#7459 = ( GEOMETRIC_REPRESENTATION_CONTEXT(2) 
PARAMETRIC_REPRESENTATION_CONTEXT() REPRESENTATION_CONTEXT('2D SPACE',''
  ) );
#7460 = ORIENTED_EDGE('',*,*,#7246,.T.);
#7461 = ORIENTED_EDGE('',*,*,#7417,.T.);
#7462 = ORIENTED_EDGE('',*,*,#6866,.T.);
#7463 = ADVANCED_FACE('',(#7464),#6908,.F.);
#7464 = FACE_BOUND('',#7465,.F.);
#7465 = EDGE_LOOP('',(#7466,#7467,#7468,#7491,#7517,#7536,#7537,#7538));
#7466 = ORIENTED_EDGE('',*,*,#7104,.F.);
#7467 = ORIENTED_EDGE('',*,*,#7222,.F.);
#7468 = ORIENTED_EDGE('',*,*,#7469,.T.);
#7469 = EDGE_CURVE('',#7178,#7470,#7472,.T.);
#7470 = VERTEX_POINT('',#7471);
#7471 = CARTESIAN_POINT('',(-7.35,5.3,-21.8));
#7472 = SURFACE_CURVE('',#7473,(#7477,#7484),.PCURVE_S1.);
#7473 = LINE('',#7474,#7475);
#7474 = CARTESIAN_POINT('',(-7.35,5.3,-23.8));
#7475 = VECTOR('',#7476,1.);
#7476 = DIRECTION('',(0.,0.,1.));
#7477 = PCURVE('',#6908,#7478);
#7478 = DEFINITIONAL_REPRESENTATION('',(#7479),#7483);
#7479 = LINE('',#7480,#7481);
#7480 = CARTESIAN_POINT('',(0.,0.));
#7481 = VECTOR('',#7482,1.);
#7482 = DIRECTION('',(1.,0.));
#7483 = ( GEOMETRIC_REPRESENTATION_CONTEXT(2) 
PARAMETRIC_REPRESENTATION_CONTEXT() REPRESENTATION_CONTEXT('2D SPACE',''
  ) );
#7484 = PCURVE('',#7038,#7485);
#7485 = DEFINITIONAL_REPRESENTATION('',(#7486),#7490);
#7486 = LINE('',#7487,#7488);
#7487 = CARTESIAN_POINT('',(0.,-6.3));
#7488 = VECTOR('',#7489,1.);
#7489 = DIRECTION('',(1.,0.));
#7490 = ( GEOMETRIC_REPRESENTATION_CONTEXT(2) 
PARAMETRIC_REPRESENTATION_CONTEXT() REPRESENTATION_CONTEXT('2D SPACE',''
  ) );
#7491 = ORIENTED_EDGE('',*,*,#7492,.T.);
#7492 = EDGE_CURVE('',#7470,#7493,#7495,.T.);
#7493 = VERTEX_POINT('',#7494);
#7494 = CARTESIAN_POINT('',(-6.5,5.3,-21.8));
#7495 = SURFACE_CURVE('',#7496,(#7500,#7506),.PCURVE_S1.);
#7496 = LINE('',#7497,#7498);
#7497 = CARTESIAN_POINT('',(-7.925,5.3,-21.8));
#7498 = VECTOR('',#7499,1.);
#7499 = DIRECTION('',(1.,0.,0.));
#7500 = PCURVE('',#6908,#7501);
#7501 = DEFINITIONAL_REPRESENTATION('',(#7502),#7505);
#7502 = B_SPLINE_CURVE_WITH_KNOTS('',1,(#7503,#7504),.UNSPECIFIED.,.F.,
  .F.,(2,2),(0.575,1.425),.PIECEWISE_BEZIER_KNOTS.);
#7503 = CARTESIAN_POINT('',(2.,0.));
#7504 = CARTESIAN_POINT('',(2.,0.85));
#7505 = ( GEOMETRIC_REPRESENTATION_CONTEXT(2) 
PARAMETRIC_REPRESENTATION_CONTEXT() REPRESENTATION_CONTEXT('2D SPACE',''
  ) );
#7506 = PCURVE('',#7507,#7512);
#7507 = PLANE('',#7508);
#7508 = AXIS2_PLACEMENT_3D('',#7509,#7510,#7511);
#7509 = CARTESIAN_POINT('',(-8.5,4.62,-21.8));
#7510 = DIRECTION('',(0.,0.,1.));
#7511 = DIRECTION('',(1.,0.,0.));
#7512 = DEFINITIONAL_REPRESENTATION('',(#7513),#7516);
#7513 = B_SPLINE_CURVE_WITH_KNOTS('',1,(#7514,#7515),.UNSPECIFIED.,.F.,
  .F.,(2,2),(0.575,1.425),.PIECEWISE_BEZIER_KNOTS.);
#7514 = CARTESIAN_POINT('',(1.15,0.68));
#7515 = CARTESIAN_POINT('',(2.,0.68));
#7516 = ( GEOMETRIC_REPRESENTATION_CONTEXT(2) 
PARAMETRIC_REPRESENTATION_CONTEXT() REPRESENTATION_CONTEXT('2D SPACE',''
  ) );
#7517 = ORIENTED_EDGE('',*,*,#7518,.F.);
#7518 = EDGE_CURVE('',#6893,#7493,#7519,.T.);
#7519 = SURFACE_CURVE('',#7520,(#7524,#7530),.PCURVE_S1.);
#7520 = LINE('',#7521,#7522);
#7521 = CARTESIAN_POINT('',(-6.5,5.3,-22.8));
#7522 = VECTOR('',#7523,1.);
#7523 = DIRECTION('',(0.,0.,-1.));
#7524 = PCURVE('',#6908,#7525);
#7525 = DEFINITIONAL_REPRESENTATION('',(#7526),#7529);
#7526 = B_SPLINE_CURVE_WITH_KNOTS('',1,(#7527,#7528),.UNSPECIFIED.,.F.,
  .F.,(2,2),(-1.5,-1.),.PIECEWISE_BEZIER_KNOTS.);
#7527 = CARTESIAN_POINT('',(2.5,0.85));
#7528 = CARTESIAN_POINT('',(2.,0.85));
#7529 = ( GEOMETRIC_REPRESENTATION_CONTEXT(2) 
PARAMETRIC_REPRESENTATION_CONTEXT() REPRESENTATION_CONTEXT('2D SPACE',''
  ) );
#7530 = PCURVE('',#6935,#7531);
#7531 = DEFINITIONAL_REPRESENTATION('',(#7532),#7535);
#7532 = B_SPLINE_CURVE_WITH_KNOTS('',1,(#7533,#7534),.UNSPECIFIED.,.F.,
  .F.,(2,2),(-1.5,-1.),.PIECEWISE_BEZIER_KNOTS.);
#7533 = CARTESIAN_POINT('',(0.5,-0.68));
#7534 = CARTESIAN_POINT('',(0.,-0.68));
#7535 = ( GEOMETRIC_REPRESENTATION_CONTEXT(2) 
PARAMETRIC_REPRESENTATION_CONTEXT() REPRESENTATION_CONTEXT('2D SPACE',''
  ) );
#7536 = ORIENTED_EDGE('',*,*,#6892,.T.);
#7537 = ORIENTED_EDGE('',*,*,#7442,.T.);
#7538 = ORIENTED_EDGE('',*,*,#7271,.T.);
#7539 = ADVANCED_FACE('',(#7540),#7507,.T.);
#7540 = FACE_BOUND('',#7541,.T.);
#7541 = EDGE_LOOP('',(#7542,#7567,#7590,#7613,#7632,#7633));
#7542 = ORIENTED_EDGE('',*,*,#7543,.F.);
#7543 = EDGE_CURVE('',#7544,#7546,#7548,.T.);
#7544 = VERTEX_POINT('',#7545);
#7545 = CARTESIAN_POINT('',(-8.5,6.62,-21.8));
#7546 = VERTEX_POINT('',#7547);
#7547 = CARTESIAN_POINT('',(-6.5,6.62,-21.8));
#7548 = SURFACE_CURVE('',#7549,(#7553,#7560),.PCURVE_S1.);
#7549 = LINE('',#7550,#7551);
#7550 = CARTESIAN_POINT('',(-8.5,6.62,-21.8));
#7551 = VECTOR('',#7552,1.);
#7552 = DIRECTION('',(1.,0.,0.));
#7553 = PCURVE('',#7507,#7554);
#7554 = DEFINITIONAL_REPRESENTATION('',(#7555),#7559);
#7555 = LINE('',#7556,#7557);
#7556 = CARTESIAN_POINT('',(0.,2.));
#7557 = VECTOR('',#7558,1.);
#7558 = DIRECTION('',(1.,0.));
#7559 = ( GEOMETRIC_REPRESENTATION_CONTEXT(2) 
PARAMETRIC_REPRESENTATION_CONTEXT() REPRESENTATION_CONTEXT('2D SPACE',''
  ) );
#7560 = PCURVE('',#6961,#7561);
#7561 = DEFINITIONAL_REPRESENTATION('',(#7562),#7566);
#7562 = LINE('',#7563,#7564);
#7563 = CARTESIAN_POINT('',(0.,0.));
#7564 = VECTOR('',#7565,1.);
#7565 = DIRECTION('',(0.,1.));
#7566 = ( GEOMETRIC_REPRESENTATION_CONTEXT(2) 
PARAMETRIC_REPRESENTATION_CONTEXT() REPRESENTATION_CONTEXT('2D SPACE',''
  ) );
#7567 = ORIENTED_EDGE('',*,*,#7568,.F.);
#7568 = EDGE_CURVE('',#7569,#7544,#7571,.T.);
#7569 = VERTEX_POINT('',#7570);
#7570 = CARTESIAN_POINT('',(-8.5,4.62,-21.8));
#7571 = SURFACE_CURVE('',#7572,(#7576,#7583),.PCURVE_S1.);
#7572 = LINE('',#7573,#7574);
#7573 = CARTESIAN_POINT('',(-8.5,4.62,-21.8));
#7574 = VECTOR('',#7575,1.);
#7575 = DIRECTION('',(0.,1.,0.));
#7576 = PCURVE('',#7507,#7577);
#7577 = DEFINITIONAL_REPRESENTATION('',(#7578),#7582);
#7578 = LINE('',#7579,#7580);
#7579 = CARTESIAN_POINT('',(0.,0.));
#7580 = VECTOR('',#7581,1.);
#7581 = DIRECTION('',(0.,1.));
#7582 = ( GEOMETRIC_REPRESENTATION_CONTEXT(2) 
PARAMETRIC_REPRESENTATION_CONTEXT() REPRESENTATION_CONTEXT('2D SPACE',''
  ) );
#7583 = PCURVE('',#6987,#7584);
#7584 = DEFINITIONAL_REPRESENTATION('',(#7585),#7589);
#7585 = LINE('',#7586,#7587);
#7586 = CARTESIAN_POINT('',(0.,0.));
#7587 = VECTOR('',#7588,1.);
#7588 = DIRECTION('',(0.,-1.));
#7589 = ( GEOMETRIC_REPRESENTATION_CONTEXT(2) 
PARAMETRIC_REPRESENTATION_CONTEXT() REPRESENTATION_CONTEXT('2D SPACE',''
  ) );
#7590 = ORIENTED_EDGE('',*,*,#7591,.T.);
#7591 = EDGE_CURVE('',#7569,#7592,#7594,.T.);
#7592 = VERTEX_POINT('',#7593);
#7593 = CARTESIAN_POINT('',(-7.35,4.62,-21.8));
#7594 = SURFACE_CURVE('',#7595,(#7599,#7606),.PCURVE_S1.);
#7595 = LINE('',#7596,#7597);
#7596 = CARTESIAN_POINT('',(-8.5,4.62,-21.8));
#7597 = VECTOR('',#7598,1.);
#7598 = DIRECTION('',(1.,0.,0.));
#7599 = PCURVE('',#7507,#7600);
#7600 = DEFINITIONAL_REPRESENTATION('',(#7601),#7605);
#7601 = LINE('',#7602,#7603);
#7602 = CARTESIAN_POINT('',(0.,0.));
#7603 = VECTOR('',#7604,1.);
#7604 = DIRECTION('',(1.,0.));
#7605 = ( GEOMETRIC_REPRESENTATION_CONTEXT(2) 
PARAMETRIC_REPRESENTATION_CONTEXT() REPRESENTATION_CONTEXT('2D SPACE',''
  ) );
#7606 = PCURVE('',#7013,#7607);
#7607 = DEFINITIONAL_REPRESENTATION('',(#7608),#7612);
#7608 = LINE('',#7609,#7610);
#7609 = CARTESIAN_POINT('',(0.,0.));
#7610 = VECTOR('',#7611,1.);
#7611 = DIRECTION('',(0.,1.));
#7612 = ( GEOMETRIC_REPRESENTATION_CONTEXT(2) 
PARAMETRIC_REPRESENTATION_CONTEXT() REPRESENTATION_CONTEXT('2D SPACE',''
  ) );
#7613 = ORIENTED_EDGE('',*,*,#7614,.F.);
#7614 = EDGE_CURVE('',#7470,#7592,#7615,.T.);
#7615 = SURFACE_CURVE('',#7616,(#7620,#7626),.PCURVE_S1.);
#7616 = LINE('',#7617,#7618);
#7617 = CARTESIAN_POINT('',(-7.35,1.81,-21.8));
#7618 = VECTOR('',#7619,1.);
#7619 = DIRECTION('',(0.,-1.,0.));
#7620 = PCURVE('',#7507,#7621);
#7621 = DEFINITIONAL_REPRESENTATION('',(#7622),#7625);
#7622 = B_SPLINE_CURVE_WITH_KNOTS('',1,(#7623,#7624),.UNSPECIFIED.,.F.,
  .F.,(2,2),(-3.49,-2.81),.PIECEWISE_BEZIER_KNOTS.);
#7623 = CARTESIAN_POINT('',(1.15,0.68));
#7624 = CARTESIAN_POINT('',(1.15,0.));
#7625 = ( GEOMETRIC_REPRESENTATION_CONTEXT(2) 
PARAMETRIC_REPRESENTATION_CONTEXT() REPRESENTATION_CONTEXT('2D SPACE',''
  ) );
#7626 = PCURVE('',#7038,#7627);
#7627 = DEFINITIONAL_REPRESENTATION('',(#7628),#7631);
#7628 = B_SPLINE_CURVE_WITH_KNOTS('',1,(#7629,#7630),.UNSPECIFIED.,.F.,
  .F.,(2,2),(-3.49,-2.81),.PIECEWISE_BEZIER_KNOTS.);
#7629 = CARTESIAN_POINT('',(2.,-6.3));
#7630 = CARTESIAN_POINT('',(2.,-5.62));
#7631 = ( GEOMETRIC_REPRESENTATION_CONTEXT(2) 
PARAMETRIC_REPRESENTATION_CONTEXT() REPRESENTATION_CONTEXT('2D SPACE',''
  ) );
#7632 = ORIENTED_EDGE('',*,*,#7492,.T.);
#7633 = ORIENTED_EDGE('',*,*,#7634,.T.);
#7634 = EDGE_CURVE('',#7493,#7546,#7635,.T.);
#7635 = SURFACE_CURVE('',#7636,(#7640,#7647),.PCURVE_S1.);
#7636 = LINE('',#7637,#7638);
#7637 = CARTESIAN_POINT('',(-6.5,4.62,-21.8));
#7638 = VECTOR('',#7639,1.);
#7639 = DIRECTION('',(0.,1.,0.));
#7640 = PCURVE('',#7507,#7641);
#7641 = DEFINITIONAL_REPRESENTATION('',(#7642),#7646);
#7642 = LINE('',#7643,#7644);
#7643 = CARTESIAN_POINT('',(2.,0.));
#7644 = VECTOR('',#7645,1.);
#7645 = DIRECTION('',(0.,1.));
#7646 = ( GEOMETRIC_REPRESENTATION_CONTEXT(2) 
PARAMETRIC_REPRESENTATION_CONTEXT() REPRESENTATION_CONTEXT('2D SPACE',''
  ) );
#7647 = PCURVE('',#6935,#7648);
#7648 = DEFINITIONAL_REPRESENTATION('',(#7649),#7653);
#7649 = LINE('',#7650,#7651);
#7650 = CARTESIAN_POINT('',(0.,0.));
#7651 = VECTOR('',#7652,1.);
#7652 = DIRECTION('',(0.,-1.));
#7653 = ( GEOMETRIC_REPRESENTATION_CONTEXT(2) 
PARAMETRIC_REPRESENTATION_CONTEXT() REPRESENTATION_CONTEXT('2D SPACE',''
  ) );
#7654 = ADVANCED_FACE('',(#7655),#6935,.F.);
#7655 = FACE_BOUND('',#7656,.F.);
#7656 = EDGE_LOOP('',(#7657,#7658,#7659,#7680));
#7657 = ORIENTED_EDGE('',*,*,#7518,.T.);
#7658 = ORIENTED_EDGE('',*,*,#7634,.T.);
#7659 = ORIENTED_EDGE('',*,*,#7660,.T.);
#7660 = EDGE_CURVE('',#7546,#6921,#7661,.T.);
#7661 = SURFACE_CURVE('',#7662,(#7666,#7673),.PCURVE_S1.);
#7662 = LINE('',#7663,#7664);
#7663 = CARTESIAN_POINT('',(-6.5,6.62,-21.8));
#7664 = VECTOR('',#7665,1.);
#7665 = DIRECTION('',(0.,0.,1.));
#7666 = PCURVE('',#6935,#7667);
#7667 = DEFINITIONAL_REPRESENTATION('',(#7668),#7672);
#7668 = LINE('',#7669,#7670);
#7669 = CARTESIAN_POINT('',(0.,-2.));
#7670 = VECTOR('',#7671,1.);
#7671 = DIRECTION('',(1.,0.));
#7672 = ( GEOMETRIC_REPRESENTATION_CONTEXT(2) 
PARAMETRIC_REPRESENTATION_CONTEXT() REPRESENTATION_CONTEXT('2D SPACE',''
  ) );
#7673 = PCURVE('',#6961,#7674);
#7674 = DEFINITIONAL_REPRESENTATION('',(#7675),#7679);
#7675 = LINE('',#7676,#7677);
#7676 = CARTESIAN_POINT('',(0.,2.));
#7677 = VECTOR('',#7678,1.);
#7678 = DIRECTION('',(1.,0.));
#7679 = ( GEOMETRIC_REPRESENTATION_CONTEXT(2) 
PARAMETRIC_REPRESENTATION_CONTEXT() REPRESENTATION_CONTEXT('2D SPACE',''
  ) );
#7680 = ORIENTED_EDGE('',*,*,#6920,.T.);
#7681 = ADVANCED_FACE('',(#7682),#6961,.F.);
#7682 = FACE_BOUND('',#7683,.F.);
#7683 = EDGE_LOOP('',(#7684,#7685,#7686,#7707));
#7684 = ORIENTED_EDGE('',*,*,#7660,.F.);
#7685 = ORIENTED_EDGE('',*,*,#7543,.F.);
#7686 = ORIENTED_EDGE('',*,*,#7687,.T.);
#7687 = EDGE_CURVE('',#7544,#6947,#7688,.T.);
#7688 = SURFACE_CURVE('',#7689,(#7693,#7700),.PCURVE_S1.);
#7689 = LINE('',#7690,#7691);
#7690 = CARTESIAN_POINT('',(-8.5,6.62,-21.8));
#7691 = VECTOR('',#7692,1.);
#7692 = DIRECTION('',(0.,0.,1.));
#7693 = PCURVE('',#6961,#7694);
#7694 = DEFINITIONAL_REPRESENTATION('',(#7695),#7699);
#7695 = LINE('',#7696,#7697);
#7696 = CARTESIAN_POINT('',(0.,0.));
#7697 = VECTOR('',#7698,1.);
#7698 = DIRECTION('',(1.,0.));
#7699 = ( GEOMETRIC_REPRESENTATION_CONTEXT(2) 
PARAMETRIC_REPRESENTATION_CONTEXT() REPRESENTATION_CONTEXT('2D SPACE',''
  ) );
#7700 = PCURVE('',#6987,#7701);
#7701 = DEFINITIONAL_REPRESENTATION('',(#7702),#7706);
#7702 = LINE('',#7703,#7704);
#7703 = CARTESIAN_POINT('',(0.,-2.));
#7704 = VECTOR('',#7705,1.);
#7705 = DIRECTION('',(1.,0.));
#7706 = ( GEOMETRIC_REPRESENTATION_CONTEXT(2) 
PARAMETRIC_REPRESENTATION_CONTEXT() REPRESENTATION_CONTEXT('2D SPACE',''
  ) );
#7707 = ORIENTED_EDGE('',*,*,#6946,.T.);
#7708 = ADVANCED_FACE('',(#7709),#6987,.T.);
#7709 = FACE_BOUND('',#7710,.T.);
#7710 = EDGE_LOOP('',(#7711,#7732,#7733,#7734));
#7711 = ORIENTED_EDGE('',*,*,#7712,.F.);
#7712 = EDGE_CURVE('',#7569,#6973,#7713,.T.);
#7713 = SURFACE_CURVE('',#7714,(#7718,#7725),.PCURVE_S1.);
#7714 = LINE('',#7715,#7716);
#7715 = CARTESIAN_POINT('',(-8.5,4.62,-21.8));
#7716 = VECTOR('',#7717,1.);
#7717 = DIRECTION('',(0.,0.,1.));
#7718 = PCURVE('',#6987,#7719);
#7719 = DEFINITIONAL_REPRESENTATION('',(#7720),#7724);
#7720 = LINE('',#7721,#7722);
#7721 = CARTESIAN_POINT('',(0.,0.));
#7722 = VECTOR('',#7723,1.);
#7723 = DIRECTION('',(1.,0.));
#7724 = ( GEOMETRIC_REPRESENTATION_CONTEXT(2) 
PARAMETRIC_REPRESENTATION_CONTEXT() REPRESENTATION_CONTEXT('2D SPACE',''
  ) );
#7725 = PCURVE('',#7013,#7726);
#7726 = DEFINITIONAL_REPRESENTATION('',(#7727),#7731);
#7727 = LINE('',#7728,#7729);
#7728 = CARTESIAN_POINT('',(0.,0.));
#7729 = VECTOR('',#7730,1.);
#7730 = DIRECTION('',(1.,0.));
#7731 = ( GEOMETRIC_REPRESENTATION_CONTEXT(2) 
PARAMETRIC_REPRESENTATION_CONTEXT() REPRESENTATION_CONTEXT('2D SPACE',''
  ) );
#7732 = ORIENTED_EDGE('',*,*,#7568,.T.);
#7733 = ORIENTED_EDGE('',*,*,#7687,.T.);
#7734 = ORIENTED_EDGE('',*,*,#6972,.T.);
#7735 = ADVANCED_FACE('',(#7736),#7013,.T.);
#7736 = FACE_BOUND('',#7737,.T.);
#7737 = EDGE_LOOP('',(#7738,#7739,#7740,#7741));
#7738 = ORIENTED_EDGE('',*,*,#7591,.F.);
#7739 = ORIENTED_EDGE('',*,*,#7712,.T.);
#7740 = ORIENTED_EDGE('',*,*,#6998,.T.);
#7741 = ORIENTED_EDGE('',*,*,#7742,.F.);
#7742 = EDGE_CURVE('',#7592,#6999,#7743,.T.);
#7743 = SURFACE_CURVE('',#7744,(#7748,#7754),.PCURVE_S1.);
#7744 = LINE('',#7745,#7746);
#7745 = CARTESIAN_POINT('',(-7.35,4.62,-22.8));
#7746 = VECTOR('',#7747,1.);
#7747 = DIRECTION('',(0.,0.,1.));
#7748 = PCURVE('',#7013,#7749);
#7749 = DEFINITIONAL_REPRESENTATION('',(#7750),#7753);
#7750 = B_SPLINE_CURVE_WITH_KNOTS('',1,(#7751,#7752),.UNSPECIFIED.,.F.,
  .F.,(2,2),(1.,1.5),.PIECEWISE_BEZIER_KNOTS.);
#7751 = CARTESIAN_POINT('',(0.,1.15));
#7752 = CARTESIAN_POINT('',(0.5,1.15));
#7753 = ( GEOMETRIC_REPRESENTATION_CONTEXT(2) 
PARAMETRIC_REPRESENTATION_CONTEXT() REPRESENTATION_CONTEXT('2D SPACE',''
  ) );
#7754 = PCURVE('',#7038,#7755);
#7755 = DEFINITIONAL_REPRESENTATION('',(#7756),#7759);
#7756 = B_SPLINE_CURVE_WITH_KNOTS('',1,(#7757,#7758),.UNSPECIFIED.,.F.,
  .F.,(2,2),(1.,1.5),.PIECEWISE_BEZIER_KNOTS.);
#7757 = CARTESIAN_POINT('',(2.,-5.62));
#7758 = CARTESIAN_POINT('',(2.5,-5.62));
#7759 = ( GEOMETRIC_REPRESENTATION_CONTEXT(2) 
PARAMETRIC_REPRESENTATION_CONTEXT() REPRESENTATION_CONTEXT('2D SPACE',''
  ) );
#7760 = ADVANCED_FACE('',(#7761),#7038,.T.);
#7761 = FACE_BOUND('',#7762,.T.);
#7762 = EDGE_LOOP('',(#7763,#7764,#7784,#7785,#7786,#7787));
#7763 = ORIENTED_EDGE('',*,*,#7024,.F.);
#7764 = ORIENTED_EDGE('',*,*,#7765,.F.);
#7765 = EDGE_CURVE('',#7176,#6687,#7766,.T.);
#7766 = SURFACE_CURVE('',#7767,(#7771,#7777),.PCURVE_S1.);
#7767 = LINE('',#7768,#7769);
#7768 = CARTESIAN_POINT('',(-7.35,0.,-11.9));
#7769 = VECTOR('',#7770,1.);
#7770 = DIRECTION('',(-0.,0.,1.));
#7771 = PCURVE('',#7038,#7772);
#7772 = DEFINITIONAL_REPRESENTATION('',(#7773),#7776);
#7773 = B_SPLINE_CURVE_WITH_KNOTS('',1,(#7774,#7775),.UNSPECIFIED.,.F.,
  .F.,(2,2),(-11.9,-9.4),.PIECEWISE_BEZIER_KNOTS.);
#7774 = CARTESIAN_POINT('',(0.,-1.));
#7775 = CARTESIAN_POINT('',(2.5,-1.));
#7776 = ( GEOMETRIC_REPRESENTATION_CONTEXT(2) 
PARAMETRIC_REPRESENTATION_CONTEXT() REPRESENTATION_CONTEXT('2D SPACE',''
  ) );
#7777 = PCURVE('',#44,#7778);
#7778 = DEFINITIONAL_REPRESENTATION('',(#7779),#7783);
#7779 = LINE('',#7780,#7781);
#7780 = CARTESIAN_POINT('',(-7.35,-11.9));
#7781 = VECTOR('',#7782,1.);
#7782 = DIRECTION('',(0.,1.));
#7783 = ( GEOMETRIC_REPRESENTATION_CONTEXT(2) 
PARAMETRIC_REPRESENTATION_CONTEXT() REPRESENTATION_CONTEXT('2D SPACE',''
  ) );
#7784 = ORIENTED_EDGE('',*,*,#7175,.T.);
#7785 = ORIENTED_EDGE('',*,*,#7469,.T.);
#7786 = ORIENTED_EDGE('',*,*,#7614,.T.);
#7787 = ORIENTED_EDGE('',*,*,#7742,.T.);
#7788 = ADVANCED_FACE('',(#7789),#1208,.T.);
#7789 = FACE_BOUND('',#7790,.T.);
#7790 = EDGE_LOOP('',(#7791,#7813,#7814,#7815));
#7791 = ORIENTED_EDGE('',*,*,#7792,.F.);
#7792 = EDGE_CURVE('',#1193,#3507,#7793,.T.);
#7793 = SURFACE_CURVE('',#7794,(#7799,#7806),.PCURVE_S1.);
#7794 = CIRCLE('',#7795,5.);
#7795 = AXIS2_PLACEMENT_3D('',#7796,#7797,#7798);
#7796 = CARTESIAN_POINT('',(8.69,0.,-19.75));
#7797 = DIRECTION('',(0.,-1.,0.));
#7798 = DIRECTION('',(1.,0.,0.));
#7799 = PCURVE('',#1208,#7800);
#7800 = DEFINITIONAL_REPRESENTATION('',(#7801),#7805);
#7801 = LINE('',#7802,#7803);
#7802 = CARTESIAN_POINT('',(0.,0.));
#7803 = VECTOR('',#7804,1.);
#7804 = DIRECTION('',(1.,0.));
#7805 = ( GEOMETRIC_REPRESENTATION_CONTEXT(2) 
PARAMETRIC_REPRESENTATION_CONTEXT() REPRESENTATION_CONTEXT('2D SPACE',''
  ) );
#7806 = PCURVE('',#44,#7807);
#7807 = DEFINITIONAL_REPRESENTATION('',(#7808),#7812);
#7808 = CIRCLE('',#7809,5.);
#7809 = AXIS2_PLACEMENT_2D('',#7810,#7811);
#7810 = CARTESIAN_POINT('',(8.69,-19.75));
#7811 = DIRECTION('',(1.,0.));
#7812 = ( GEOMETRIC_REPRESENTATION_CONTEXT(2) 
PARAMETRIC_REPRESENTATION_CONTEXT() REPRESENTATION_CONTEXT('2D SPACE',''
  ) );
#7813 = ORIENTED_EDGE('',*,*,#1192,.T.);
#7814 = ORIENTED_EDGE('',*,*,#1365,.T.);
#7815 = ORIENTED_EDGE('',*,*,#3531,.F.);
#7816 = ADVANCED_FACE('',(#7817),#1258,.T.);
#7817 = FACE_BOUND('',#7818,.F.);
#7818 = EDGE_LOOP('',(#7819,#7842,#7843,#7866));
#7819 = ORIENTED_EDGE('',*,*,#7820,.F.);
#7820 = EDGE_CURVE('',#1221,#7821,#7823,.T.);
#7821 = VERTEX_POINT('',#7822);
#7822 = CARTESIAN_POINT('',(4.5,0.,-27.45));
#7823 = SURFACE_CURVE('',#7824,(#7828,#7835),.PCURVE_S1.);
#7824 = LINE('',#7825,#7826);
#7825 = CARTESIAN_POINT('',(8.5,0.,-24.25));
#7826 = VECTOR('',#7827,1.);
#7827 = DIRECTION('',(-0.780868809443,-0.,-0.624695047554));
#7828 = PCURVE('',#1258,#7829);
#7829 = DEFINITIONAL_REPRESENTATION('',(#7830),#7834);
#7830 = LINE('',#7831,#7832);
#7831 = CARTESIAN_POINT('',(-0.,-0.));
#7832 = VECTOR('',#7833,1.);
#7833 = DIRECTION('',(-1.,0.));
#7834 = ( GEOMETRIC_REPRESENTATION_CONTEXT(2) 
PARAMETRIC_REPRESENTATION_CONTEXT() REPRESENTATION_CONTEXT('2D SPACE',''
  ) );
#7835 = PCURVE('',#44,#7836);
#7836 = DEFINITIONAL_REPRESENTATION('',(#7837),#7841);
#7837 = LINE('',#7838,#7839);
#7838 = CARTESIAN_POINT('',(8.5,-24.25));
#7839 = VECTOR('',#7840,1.);
#7840 = DIRECTION('',(-0.780868809443,-0.624695047554));
#7841 = ( GEOMETRIC_REPRESENTATION_CONTEXT(2) 
PARAMETRIC_REPRESENTATION_CONTEXT() REPRESENTATION_CONTEXT('2D SPACE',''
  ) );
#7842 = ORIENTED_EDGE('',*,*,#1243,.T.);
#7843 = ORIENTED_EDGE('',*,*,#7844,.T.);
#7844 = EDGE_CURVE('',#1244,#7845,#7847,.T.);
#7845 = VERTEX_POINT('',#7846);
#7846 = CARTESIAN_POINT('',(4.5,3.5,-27.45));
#7847 = SURFACE_CURVE('',#7848,(#7852,#7859),.PCURVE_S1.);
#7848 = LINE('',#7849,#7850);
#7849 = CARTESIAN_POINT('',(8.5,3.5,-24.25));
#7850 = VECTOR('',#7851,1.);
#7851 = DIRECTION('',(-0.780868809443,-0.,-0.624695047554));
#7852 = PCURVE('',#1258,#7853);
#7853 = DEFINITIONAL_REPRESENTATION('',(#7854),#7858);
#7854 = LINE('',#7855,#7856);
#7855 = CARTESIAN_POINT('',(-0.,-3.5));
#7856 = VECTOR('',#7857,1.);
#7857 = DIRECTION('',(-1.,0.));
#7858 = ( GEOMETRIC_REPRESENTATION_CONTEXT(2) 
PARAMETRIC_REPRESENTATION_CONTEXT() REPRESENTATION_CONTEXT('2D SPACE',''
  ) );
#7859 = PCURVE('',#1284,#7860);
#7860 = DEFINITIONAL_REPRESENTATION('',(#7861),#7865);
#7861 = LINE('',#7862,#7863);
#7862 = CARTESIAN_POINT('',(-3.2,8.5));
#7863 = VECTOR('',#7864,1.);
#7864 = DIRECTION('',(0.624695047554,-0.780868809443));
#7865 = ( GEOMETRIC_REPRESENTATION_CONTEXT(2) 
PARAMETRIC_REPRESENTATION_CONTEXT() REPRESENTATION_CONTEXT('2D SPACE',''
  ) );
#7866 = ORIENTED_EDGE('',*,*,#7867,.F.);
#7867 = EDGE_CURVE('',#7821,#7845,#7868,.T.);
#7868 = SURFACE_CURVE('',#7869,(#7873,#7880),.PCURVE_S1.);
#7869 = LINE('',#7870,#7871);
#7870 = CARTESIAN_POINT('',(4.5,0.,-27.45));
#7871 = VECTOR('',#7872,1.);
#7872 = DIRECTION('',(-0.,1.,-0.));
#7873 = PCURVE('',#1258,#7874);
#7874 = DEFINITIONAL_REPRESENTATION('',(#7875),#7879);
#7875 = LINE('',#7876,#7877);
#7876 = CARTESIAN_POINT('',(-5.122499389946,0.));
#7877 = VECTOR('',#7878,1.);
#7878 = DIRECTION('',(-0.,-1.));
#7879 = ( GEOMETRIC_REPRESENTATION_CONTEXT(2) 
PARAMETRIC_REPRESENTATION_CONTEXT() REPRESENTATION_CONTEXT('2D SPACE',''
  ) );
#7880 = PCURVE('',#7881,#7886);
#7881 = CYLINDRICAL_SURFACE('',#7882,4.5);
#7882 = AXIS2_PLACEMENT_3D('',#7883,#7884,#7885);
#7883 = CARTESIAN_POINT('',(0.,0.,-27.45));
#7884 = DIRECTION('',(-0.,-1.,-0.));
#7885 = DIRECTION('',(1.,-0.,-0.));
#7886 = DEFINITIONAL_REPRESENTATION('',(#7887),#7891);
#7887 = LINE('',#7888,#7889);
#7888 = CARTESIAN_POINT('',(-0.,0.));
#7889 = VECTOR('',#7890,1.);
#7890 = DIRECTION('',(-0.,-1.));
#7891 = ( GEOMETRIC_REPRESENTATION_CONTEXT(2) 
PARAMETRIC_REPRESENTATION_CONTEXT() REPRESENTATION_CONTEXT('2D SPACE',''
  ) );
#7892 = ADVANCED_FACE('',(#7893),#7881,.T.);
#7893 = FACE_BOUND('',#7894,.F.);
#7894 = EDGE_LOOP('',(#7895,#7923,#7924,#7952));
#7895 = ORIENTED_EDGE('',*,*,#7896,.F.);
#7896 = EDGE_CURVE('',#7821,#7897,#7899,.T.);
#7897 = VERTEX_POINT('',#7898);
#7898 = CARTESIAN_POINT('',(-4.5,0.,-27.45));
#7899 = SURFACE_CURVE('',#7900,(#7905,#7912),.PCURVE_S1.);
#7900 = CIRCLE('',#7901,4.5);
#7901 = AXIS2_PLACEMENT_3D('',#7902,#7903,#7904);
#7902 = CARTESIAN_POINT('',(0.,0.,-27.45));
#7903 = DIRECTION('',(0.,1.,-0.));
#7904 = DIRECTION('',(1.,-0.,-0.));
#7905 = PCURVE('',#7881,#7906);
#7906 = DEFINITIONAL_REPRESENTATION('',(#7907),#7911);
#7907 = LINE('',#7908,#7909);
#7908 = CARTESIAN_POINT('',(-0.,0.));
#7909 = VECTOR('',#7910,1.);
#7910 = DIRECTION('',(-1.,0.));
#7911 = ( GEOMETRIC_REPRESENTATION_CONTEXT(2) 
PARAMETRIC_REPRESENTATION_CONTEXT() REPRESENTATION_CONTEXT('2D SPACE',''
  ) );
#7912 = PCURVE('',#44,#7913);
#7913 = DEFINITIONAL_REPRESENTATION('',(#7914),#7922);
#7914 = ( BOUNDED_CURVE() B_SPLINE_CURVE(2,(#7915,#7916,#7917,#7918,
#7919,#7920,#7921),.UNSPECIFIED.,.T.,.F.) B_SPLINE_CURVE_WITH_KNOTS((1,2
    ,2,2,2,1),(-2.094395102393,0.,2.094395102393,4.188790204786,
6.28318530718,8.377580409573),.UNSPECIFIED.) CURVE() 
GEOMETRIC_REPRESENTATION_ITEM() RATIONAL_B_SPLINE_CURVE((1.,0.5,1.,0.5,
1.,0.5,1.)) REPRESENTATION_ITEM('') );
#7915 = CARTESIAN_POINT('',(4.5,-27.45));
#7916 = CARTESIAN_POINT('',(4.5,-35.24422863406));
#7917 = CARTESIAN_POINT('',(-2.25,-31.34711431703));
#7918 = CARTESIAN_POINT('',(-9.,-27.45));
#7919 = CARTESIAN_POINT('',(-2.25,-23.55288568297));
#7920 = CARTESIAN_POINT('',(4.5,-19.65577136594));
#7921 = CARTESIAN_POINT('',(4.5,-27.45));
#7922 = ( GEOMETRIC_REPRESENTATION_CONTEXT(2) 
PARAMETRIC_REPRESENTATION_CONTEXT() REPRESENTATION_CONTEXT('2D SPACE',''
  ) );
#7923 = ORIENTED_EDGE('',*,*,#7867,.T.);
#7924 = ORIENTED_EDGE('',*,*,#7925,.T.);
#7925 = EDGE_CURVE('',#7845,#7926,#7928,.T.);
#7926 = VERTEX_POINT('',#7927);
#7927 = CARTESIAN_POINT('',(-4.5,3.5,-27.45));
#7928 = SURFACE_CURVE('',#7929,(#7934,#7941),.PCURVE_S1.);
#7929 = CIRCLE('',#7930,4.5);
#7930 = AXIS2_PLACEMENT_3D('',#7931,#7932,#7933);
#7931 = CARTESIAN_POINT('',(0.,3.5,-27.45));
#7932 = DIRECTION('',(0.,1.,-0.));
#7933 = DIRECTION('',(1.,-0.,-0.));
#7934 = PCURVE('',#7881,#7935);
#7935 = DEFINITIONAL_REPRESENTATION('',(#7936),#7940);
#7936 = LINE('',#7937,#7938);
#7937 = CARTESIAN_POINT('',(-0.,-3.5));
#7938 = VECTOR('',#7939,1.);
#7939 = DIRECTION('',(-1.,0.));
#7940 = ( GEOMETRIC_REPRESENTATION_CONTEXT(2) 
PARAMETRIC_REPRESENTATION_CONTEXT() REPRESENTATION_CONTEXT('2D SPACE',''
  ) );
#7941 = PCURVE('',#1284,#7942);
#7942 = DEFINITIONAL_REPRESENTATION('',(#7943),#7951);
#7943 = ( BOUNDED_CURVE() B_SPLINE_CURVE(2,(#7944,#7945,#7946,#7947,
#7948,#7949,#7950),.UNSPECIFIED.,.T.,.F.) B_SPLINE_CURVE_WITH_KNOTS((1,2
    ,2,2,2,1),(-2.094395102393,0.,2.094395102393,4.188790204786,
6.28318530718,8.377580409573),.UNSPECIFIED.) CURVE() 
GEOMETRIC_REPRESENTATION_ITEM() RATIONAL_B_SPLINE_CURVE((1.,0.5,1.,0.5,
1.,0.5,1.)) REPRESENTATION_ITEM('') );
#7944 = CARTESIAN_POINT('',(3.552713678801E-15,4.5));
#7945 = CARTESIAN_POINT('',(7.79422863406,4.5));
#7946 = CARTESIAN_POINT('',(3.89711431703,-2.25));
#7947 = CARTESIAN_POINT('',(4.654895798033E-15,-9.));
#7948 = CARTESIAN_POINT('',(-3.89711431703,-2.25));
#7949 = CARTESIAN_POINT('',(-7.79422863406,4.5));
#7950 = CARTESIAN_POINT('',(3.552713678801E-15,4.5));
#7951 = ( GEOMETRIC_REPRESENTATION_CONTEXT(2) 
PARAMETRIC_REPRESENTATION_CONTEXT() REPRESENTATION_CONTEXT('2D SPACE',''
  ) );
#7952 = ORIENTED_EDGE('',*,*,#7953,.F.);
#7953 = EDGE_CURVE('',#7897,#7926,#7954,.T.);
#7954 = SURFACE_CURVE('',#7955,(#7959,#7966),.PCURVE_S1.);
#7955 = LINE('',#7956,#7957);
#7956 = CARTESIAN_POINT('',(-4.5,0.,-27.45));
#7957 = VECTOR('',#7958,1.);
#7958 = DIRECTION('',(-0.,1.,-0.));
#7959 = PCURVE('',#7881,#7960);
#7960 = DEFINITIONAL_REPRESENTATION('',(#7961),#7965);
#7961 = LINE('',#7962,#7963);
#7962 = CARTESIAN_POINT('',(-3.14159265359,0.));
#7963 = VECTOR('',#7964,1.);
#7964 = DIRECTION('',(-0.,-1.));
#7965 = ( GEOMETRIC_REPRESENTATION_CONTEXT(2) 
PARAMETRIC_REPRESENTATION_CONTEXT() REPRESENTATION_CONTEXT('2D SPACE',''
  ) );
#7966 = PCURVE('',#1308,#7967);
#7967 = DEFINITIONAL_REPRESENTATION('',(#7968),#7972);
#7968 = LINE('',#7969,#7970);
#7969 = CARTESIAN_POINT('',(-0.,-0.));
#7970 = VECTOR('',#7971,1.);
#7971 = DIRECTION('',(-0.,-1.));
#7972 = ( GEOMETRIC_REPRESENTATION_CONTEXT(2) 
PARAMETRIC_REPRESENTATION_CONTEXT() REPRESENTATION_CONTEXT('2D SPACE',''
  ) );
#7973 = ADVANCED_FACE('',(#7974,#8000),#1284,.F.);
#7974 = FACE_BOUND('',#7975,.T.);
#7975 = EDGE_LOOP('',(#7976,#7977,#7978,#7979));
#7976 = ORIENTED_EDGE('',*,*,#1269,.T.);
#7977 = ORIENTED_EDGE('',*,*,#7844,.T.);
#7978 = ORIENTED_EDGE('',*,*,#7925,.T.);
#7979 = ORIENTED_EDGE('',*,*,#7980,.T.);
#7980 = EDGE_CURVE('',#7926,#1270,#7981,.T.);
#7981 = SURFACE_CURVE('',#7982,(#7986,#7993),.PCURVE_S1.);
#7982 = LINE('',#7983,#7984);
#7983 = CARTESIAN_POINT('',(-4.5,3.5,-27.45));
#7984 = VECTOR('',#7985,1.);
#7985 = DIRECTION('',(-0.780868809443,0.,0.624695047554));
#7986 = PCURVE('',#1284,#7987);
#7987 = DEFINITIONAL_REPRESENTATION('',(#7988),#7992);
#7988 = LINE('',#7989,#7990);
#7989 = CARTESIAN_POINT('',(3.552713678801E-15,-4.5));
#7990 = VECTOR('',#7991,1.);
#7991 = DIRECTION('',(-0.624695047554,-0.780868809443));
#7992 = ( GEOMETRIC_REPRESENTATION_CONTEXT(2) 
PARAMETRIC_REPRESENTATION_CONTEXT() REPRESENTATION_CONTEXT('2D SPACE',''
  ) );
#7993 = PCURVE('',#1308,#7994);
#7994 = DEFINITIONAL_REPRESENTATION('',(#7995),#7999);
#7995 = LINE('',#7996,#7997);
#7996 = CARTESIAN_POINT('',(-0.,-3.5));
#7997 = VECTOR('',#7998,1.);
#7998 = DIRECTION('',(-1.,0.));
#7999 = ( GEOMETRIC_REPRESENTATION_CONTEXT(2) 
PARAMETRIC_REPRESENTATION_CONTEXT() REPRESENTATION_CONTEXT('2D SPACE',''
  ) );
#8000 = FACE_BOUND('',#8001,.T.);
#8001 = EDGE_LOOP('',(#8002));
#8002 = ORIENTED_EDGE('',*,*,#8003,.F.);
#8003 = EDGE_CURVE('',#8004,#8004,#8006,.T.);
#8004 = VERTEX_POINT('',#8005);
#8005 = CARTESIAN_POINT('',(2.3,3.5,-27.45));
#8006 = SURFACE_CURVE('',#8007,(#8012,#8023),.PCURVE_S1.);
#8007 = CIRCLE('',#8008,2.3);
#8008 = AXIS2_PLACEMENT_3D('',#8009,#8010,#8011);
#8009 = CARTESIAN_POINT('',(0.,3.5,-27.45));
#8010 = DIRECTION('',(0.,1.,-0.));
#8011 = DIRECTION('',(1.,-0.,-0.));
#8012 = PCURVE('',#1284,#8013);
#8013 = DEFINITIONAL_REPRESENTATION('',(#8014),#8022);
#8014 = ( BOUNDED_CURVE() B_SPLINE_CURVE(2,(#8015,#8016,#8017,#8018,
#8019,#8020,#8021),.UNSPECIFIED.,.T.,.F.) B_SPLINE_CURVE_WITH_KNOTS((1,2
    ,2,2,2,1),(-2.094395102393,0.,2.094395102393,4.188790204786,
6.28318530718,8.377580409573),.UNSPECIFIED.) CURVE() 
GEOMETRIC_REPRESENTATION_ITEM() RATIONAL_B_SPLINE_CURVE((1.,0.5,1.,0.5,
1.,0.5,1.)) REPRESENTATION_ITEM('') );
#8015 = CARTESIAN_POINT('',(3.552713678801E-15,2.3));
#8016 = CARTESIAN_POINT('',(3.983716857408,2.3));
#8017 = CARTESIAN_POINT('',(1.991858428704,-1.15));
#8018 = CARTESIAN_POINT('',(4.116051206408E-15,-4.6));
#8019 = CARTESIAN_POINT('',(-1.991858428704,-1.15));
#8020 = CARTESIAN_POINT('',(-3.983716857408,2.3));
#8021 = CARTESIAN_POINT('',(3.552713678801E-15,2.3));
#8022 = ( GEOMETRIC_REPRESENTATION_CONTEXT(2) 
PARAMETRIC_REPRESENTATION_CONTEXT() REPRESENTATION_CONTEXT('2D SPACE',''
  ) );
#8023 = PCURVE('',#8024,#8029);
#8024 = CYLINDRICAL_SURFACE('',#8025,2.3);
#8025 = AXIS2_PLACEMENT_3D('',#8026,#8027,#8028);
#8026 = CARTESIAN_POINT('',(0.,-1.,-27.45));
#8027 = DIRECTION('',(-0.,-1.,-0.));
#8028 = DIRECTION('',(1.,-0.,-0.));
#8029 = DEFINITIONAL_REPRESENTATION('',(#8030),#8034);
#8030 = LINE('',#8031,#8032);
#8031 = CARTESIAN_POINT('',(-0.,-4.5));
#8032 = VECTOR('',#8033,1.);
#8033 = DIRECTION('',(-1.,0.));
#8034 = ( GEOMETRIC_REPRESENTATION_CONTEXT(2) 
PARAMETRIC_REPRESENTATION_CONTEXT() REPRESENTATION_CONTEXT('2D SPACE',''
  ) );
#8035 = ADVANCED_FACE('',(#8036),#8024,.F.);
#8036 = FACE_BOUND('',#8037,.T.);
#8037 = EDGE_LOOP('',(#8038,#8066,#8087,#8088));
#8038 = ORIENTED_EDGE('',*,*,#8039,.F.);
#8039 = EDGE_CURVE('',#8040,#8040,#8042,.T.);
#8040 = VERTEX_POINT('',#8041);
#8041 = CARTESIAN_POINT('',(2.3,0.,-27.45));
#8042 = SURFACE_CURVE('',#8043,(#8048,#8055),.PCURVE_S1.);
#8043 = CIRCLE('',#8044,2.3);
#8044 = AXIS2_PLACEMENT_3D('',#8045,#8046,#8047);
#8045 = CARTESIAN_POINT('',(0.,0.,-27.45));
#8046 = DIRECTION('',(0.,1.,-0.));
#8047 = DIRECTION('',(1.,-0.,-0.));
#8048 = PCURVE('',#8024,#8049);
#8049 = DEFINITIONAL_REPRESENTATION('',(#8050),#8054);
#8050 = LINE('',#8051,#8052);
#8051 = CARTESIAN_POINT('',(-0.,-1.));
#8052 = VECTOR('',#8053,1.);
#8053 = DIRECTION('',(-1.,0.));
#8054 = ( GEOMETRIC_REPRESENTATION_CONTEXT(2) 
PARAMETRIC_REPRESENTATION_CONTEXT() REPRESENTATION_CONTEXT('2D SPACE',''
  ) );
#8055 = PCURVE('',#44,#8056);
#8056 = DEFINITIONAL_REPRESENTATION('',(#8057),#8065);
#8057 = ( BOUNDED_CURVE() B_SPLINE_CURVE(2,(#8058,#8059,#8060,#8061,
#8062,#8063,#8064),.UNSPECIFIED.,.T.,.F.) B_SPLINE_CURVE_WITH_KNOTS((1,2
    ,2,2,2,1),(-2.094395102393,0.,2.094395102393,4.188790204786,
6.28318530718,8.377580409573),.UNSPECIFIED.) CURVE() 
GEOMETRIC_REPRESENTATION_ITEM() RATIONAL_B_SPLINE_CURVE((1.,0.5,1.,0.5,
1.,0.5,1.)) REPRESENTATION_ITEM('') );
#8058 = CARTESIAN_POINT('',(2.3,-27.45));
#8059 = CARTESIAN_POINT('',(2.3,-31.4337168574));
#8060 = CARTESIAN_POINT('',(-1.15,-29.4418584287));
#8061 = CARTESIAN_POINT('',(-4.6,-27.45));
#8062 = CARTESIAN_POINT('',(-1.15,-25.45814157129));
#8063 = CARTESIAN_POINT('',(2.3,-23.46628314259));
#8064 = CARTESIAN_POINT('',(2.3,-27.45));
#8065 = ( GEOMETRIC_REPRESENTATION_CONTEXT(2) 
PARAMETRIC_REPRESENTATION_CONTEXT() REPRESENTATION_CONTEXT('2D SPACE',''
  ) );
#8066 = ORIENTED_EDGE('',*,*,#8067,.T.);
#8067 = EDGE_CURVE('',#8040,#8004,#8068,.T.);
#8068 = SEAM_CURVE('',#8069,(#8073,#8080),.PCURVE_S1.);
#8069 = LINE('',#8070,#8071);
#8070 = CARTESIAN_POINT('',(2.3,-1.,-27.45));
#8071 = VECTOR('',#8072,1.);
#8072 = DIRECTION('',(-0.,1.,-0.));
#8073 = PCURVE('',#8024,#8074);
#8074 = DEFINITIONAL_REPRESENTATION('',(#8075),#8079);
#8075 = LINE('',#8076,#8077);
#8076 = CARTESIAN_POINT('',(-6.28318530718,0.));
#8077 = VECTOR('',#8078,1.);
#8078 = DIRECTION('',(-0.,-1.));
#8079 = ( GEOMETRIC_REPRESENTATION_CONTEXT(2) 
PARAMETRIC_REPRESENTATION_CONTEXT() REPRESENTATION_CONTEXT('2D SPACE',''
  ) );
#8080 = PCURVE('',#8024,#8081);
#8081 = DEFINITIONAL_REPRESENTATION('',(#8082),#8086);
#8082 = LINE('',#8083,#8084);
#8083 = CARTESIAN_POINT('',(-0.,0.));
#8084 = VECTOR('',#8085,1.);
#8085 = DIRECTION('',(-0.,-1.));
#8086 = ( GEOMETRIC_REPRESENTATION_CONTEXT(2) 
PARAMETRIC_REPRESENTATION_CONTEXT() REPRESENTATION_CONTEXT('2D SPACE',''
  ) );
#8087 = ORIENTED_EDGE('',*,*,#8003,.T.);
#8088 = ORIENTED_EDGE('',*,*,#8067,.F.);
#8089 = ADVANCED_FACE('',(#8090),#1308,.T.);
#8090 = FACE_BOUND('',#8091,.F.);
#8091 = EDGE_LOOP('',(#8092,#8113,#8114,#8115));
#8092 = ORIENTED_EDGE('',*,*,#8093,.F.);
#8093 = EDGE_CURVE('',#7897,#1096,#8094,.T.);
#8094 = SURFACE_CURVE('',#8095,(#8099,#8106),.PCURVE_S1.);
#8095 = LINE('',#8096,#8097);
#8096 = CARTESIAN_POINT('',(-4.5,0.,-27.45));
#8097 = VECTOR('',#8098,1.);
#8098 = DIRECTION('',(-0.780868809443,0.,0.624695047554));
#8099 = PCURVE('',#1308,#8100);
#8100 = DEFINITIONAL_REPRESENTATION('',(#8101),#8105);
#8101 = LINE('',#8102,#8103);
#8102 = CARTESIAN_POINT('',(-0.,-0.));
#8103 = VECTOR('',#8104,1.);
#8104 = DIRECTION('',(-1.,0.));
#8105 = ( GEOMETRIC_REPRESENTATION_CONTEXT(2) 
PARAMETRIC_REPRESENTATION_CONTEXT() REPRESENTATION_CONTEXT('2D SPACE',''
  ) );
#8106 = PCURVE('',#44,#8107);
#8107 = DEFINITIONAL_REPRESENTATION('',(#8108),#8112);
#8108 = LINE('',#8109,#8110);
#8109 = CARTESIAN_POINT('',(-4.5,-27.45));
#8110 = VECTOR('',#8111,1.);
#8111 = DIRECTION('',(-0.780868809443,0.624695047554));
#8112 = ( GEOMETRIC_REPRESENTATION_CONTEXT(2) 
PARAMETRIC_REPRESENTATION_CONTEXT() REPRESENTATION_CONTEXT('2D SPACE',''
  ) );
#8113 = ORIENTED_EDGE('',*,*,#7953,.T.);
#8114 = ORIENTED_EDGE('',*,*,#7980,.T.);
#8115 = ORIENTED_EDGE('',*,*,#1295,.T.);
#8116 = ADVANCED_FACE('',(#8117),#518,.T.);
#8117 = FACE_BOUND('',#8118,.T.);
#8118 = EDGE_LOOP('',(#8119,#8120,#8121,#8122,#8123,#8321,#8322,#8323,
    #8324,#8325,#8326,#8327));
#8119 = ORIENTED_EDGE('',*,*,#1322,.F.);
#8120 = ORIENTED_EDGE('',*,*,#1119,.T.);
#8121 = ORIENTED_EDGE('',*,*,#815,.T.);
#8122 = ORIENTED_EDGE('',*,*,#84,.F.);
#8123 = ORIENTED_EDGE('',*,*,#8124,.T.);
#8124 = EDGE_CURVE('',#85,#4293,#8125,.T.);
#8125 = SURFACE_CURVE('',#8126,(#8189,#8255),.PCURVE_S1.);
#8126 = B_SPLINE_CURVE_WITH_KNOTS('',7,(#8127,#8128,#8129,#8130,#8131,
    #8132,#8133,#8134,#8135,#8136,#8137,#8138,#8139,#8140,#8141,#8142,
    #8143,#8144,#8145,#8146,#8147,#8148,#8149,#8150,#8151,#8152,#8153,
    #8154,#8155,#8156,#8157,#8158,#8159,#8160,#8161,#8162,#8163,#8164,
    #8165,#8166,#8167,#8168,#8169,#8170,#8171,#8172,#8173,#8174,#8175,
    #8176,#8177,#8178,#8179,#8180,#8181,#8182,#8183,#8184,#8185,#8186,
    #8187,#8188),.UNSPECIFIED.,.F.,.F.,(8,6,6,6,6,6,6,6,6,6,8),(0.,
    6.993725477841E-02,0.144213717313,0.231378561508,0.287438639957,
    0.415572087772,0.564336938844,0.611245649267,0.657166541646,
    0.760695306403,1.),.UNSPECIFIED.);
#8127 = CARTESIAN_POINT('',(-13.69,8.225819089203,19.75));
#8128 = CARTESIAN_POINT('',(-13.69,8.207247013593,19.805265697525));
#8129 = CARTESIAN_POINT('',(-13.68928762244,8.184142680014,
    19.873212380305));
#8130 = CARTESIAN_POINT('',(-13.68727202369,8.157189453431,
    19.951108210033));
#8131 = CARTESIAN_POINT('',(-13.68338034903,8.127226822647,
    20.035737807971));
#8132 = CARTESIAN_POINT('',(-13.67732282441,8.09539289948,
    20.123192347353));
#8133 = CARTESIAN_POINT('',(-13.66952655096,8.063399489314,
    20.208757229895));
#8134 = CARTESIAN_POINT('',(-13.65217933864,8.002059368405,20.369439251)
  );
#8135 = CARTESIAN_POINT('',(-13.64167235837,7.969892512467,
    20.451702589569));
#8136 = CARTESIAN_POINT('',(-13.62961613294,7.937189044537,
    20.533448292231));
#8137 = CARTESIAN_POINT('',(-13.61605352695,7.903813140954,
    20.614555979898));
#8138 = CARTESIAN_POINT('',(-13.60099476708,7.869989582543,
    20.695122491716));
#8139 = CARTESIAN_POINT('',(-13.58446951746,7.835668144485,
    20.775079974678));
#8140 = CARTESIAN_POINT('',(-13.54540426783,7.760148520135,
    20.947567211857));
#8141 = CARTESIAN_POINT('',(-13.52231840674,7.718784521718,
    21.039868121134));
#8142 = CARTESIAN_POINT('',(-13.49727126086,7.67690179931,
    21.131330416418));
#8143 = CARTESIAN_POINT('',(-13.47029159985,7.634570083136,
    21.221944589276));
#8144 = CARTESIAN_POINT('',(-13.44140425518,7.591857561328,
    21.31170219252));
#8145 = CARTESIAN_POINT('',(-13.41063001111,7.548830581933,
    21.400595612211));
#8146 = CARTESIAN_POINT('',(-13.35699017221,7.477719601935,
    21.545229344254));
#8147 = CARTESIAN_POINT('',(-13.33522108,7.449783447698,21.601480917784)
  );
#8148 = CARTESIAN_POINT('',(-13.31268356943,7.421757811707,
    21.65736764959));
#8149 = CARTESIAN_POINT('',(-13.28938190039,7.393661904926,
    21.712889159618));
#8150 = CARTESIAN_POINT('',(-13.26531144539,7.36553551177,
    21.768056978831));
#8151 = CARTESIAN_POINT('',(-13.24049239348,7.337335641384,
    21.822831286917));
#8152 = CARTESIAN_POINT('',(-13.15649829904,7.244493162883,
    22.001500649672));
#8153 = CARTESIAN_POINT('',(-13.09418082684,7.179595305361,
    22.123715307402));
#8154 = CARTESIAN_POINT('',(-13.02807598393,7.114378809664,
    22.243702235204));
#8155 = CARTESIAN_POINT('',(-12.95828673198,7.048849678244,
    22.361327263559));
#8156 = CARTESIAN_POINT('',(-12.88491506302,6.983027129532,
    22.476472339911));
#8157 = CARTESIAN_POINT('',(-12.80805803277,6.916944553165,
    22.589034014323));
#8158 = CARTESIAN_POINT('',(-12.63462742156,6.773682036671,
    22.826503434587));
#8159 = CARTESIAN_POINT('',(-12.5368802277,6.696432034155,
    22.950469266518));
#8160 = CARTESIAN_POINT('',(-12.43450025892,6.619394164449,
    23.070954179349));
#8161 = CARTESIAN_POINT('',(-12.32739600763,6.543052937438,
    23.188008002294));
#8162 = CARTESIAN_POINT('',(-12.21546106017,6.46788062316,
    23.301605430681));
#8163 = CARTESIAN_POINT('',(-12.09858805623,6.394330488899,
    23.411652026531));
#8164 = CARTESIAN_POINT('',(-11.93824238411,6.300279535267,
    23.551515913641));
#8165 = CARTESIAN_POINT('',(-11.89930353341,6.277936712084,
    23.584675318533));
#8166 = CARTESIAN_POINT('',(-11.85986275054,6.255812029215,
    23.617459345948));
#8167 = CARTESIAN_POINT('',(-11.81991859533,6.233917754546,23.649861301)
  );
#8168 = CARTESIAN_POINT('',(-11.77946917306,6.212267750301,
    23.681874377335));
#8169 = CARTESIAN_POINT('',(-11.73851274861,6.190876294425,
    23.71349129604));
#8170 = CARTESIAN_POINT('',(-11.65646166565,6.149072971805,
    23.775256039432));
#8171 = CARTESIAN_POINT('',(-11.61538802447,6.12865021036,
    23.805420867803));
#8172 = CARTESIAN_POINT('',(-11.57383015452,6.108493895442,
    23.835188172452));
#8173 = CARTESIAN_POINT('',(-11.53178904024,6.088613844519,
    23.864548928049));
#8174 = CARTESIAN_POINT('',(-11.48926621877,6.069019727184,
    23.893493689719));
#8175 = CARTESIAN_POINT('',(-11.4462637799,6.049721065154,23.92201259304
    ));
#8176 = CARTESIAN_POINT('',(-11.30475992076,5.987905589336,
    24.013408007773));
#8177 = CARTESIAN_POINT('',(-11.20431028708,5.946632797959,
    24.074504515128));
#8178 = CARTESIAN_POINT('',(-11.10146772765,5.907016715803,
    24.133266805268));
#8179 = CARTESIAN_POINT('',(-10.99628025341,5.869159564609,
    24.189567798561));
#8180 = CARTESIAN_POINT('',(-10.88881397751,5.833156853658,
    24.243274730309));
#8181 = CARTESIAN_POINT('',(-10.77915546927,5.799096303238,
    24.294252474478));
#8182 = CARTESIAN_POINT('',(-10.4091261602,5.692998015869,24.45358233581
    ));
#8183 = CARTESIAN_POINT('',(-10.13953747048,5.629688277648,
    24.549573387785));
#8184 = CARTESIAN_POINT('',(-9.860235331261,5.578204487369,
    24.628536489639));
#8185 = CARTESIAN_POINT('',(-9.573163287838,5.5392135688,24.688948251331
    ));
#8186 = CARTESIAN_POINT('',(-9.280620150405,5.513062627959,
    24.729662434464));
#8187 = CARTESIAN_POINT('',(-8.985229558162,5.5,24.750000000001));
#8188 = CARTESIAN_POINT('',(-8.689999999977,5.5,24.75));
#8189 = PCURVE('',#518,#8190);
#8190 = DEFINITIONAL_REPRESENTATION('',(#8191),#8254);
#8191 = B_SPLINE_CURVE_WITH_KNOTS('',7,(#8192,#8193,#8194,#8195,#8196,
    #8197,#8198,#8199,#8200,#8201,#8202,#8203,#8204,#8205,#8206,#8207,
    #8208,#8209,#8210,#8211,#8212,#8213,#8214,#8215,#8216,#8217,#8218,
    #8219,#8220,#8221,#8222,#8223,#8224,#8225,#8226,#8227,#8228,#8229,
    #8230,#8231,#8232,#8233,#8234,#8235,#8236,#8237,#8238,#8239,#8240,
    #8241,#8242,#8243,#8244,#8245,#8246,#8247,#8248,#8249,#8250,#8251,
    #8252,#8253),.UNSPECIFIED.,.F.,.F.,(8,6,6,6,6,6,6,6,6,6,8),(0.,
    6.993725477841E-02,0.144213717313,0.231378561508,0.287438639957,
    0.415572087772,0.564336938844,0.611245649267,0.657166541646,
    0.760695306403,1.),.UNSPECIFIED.);
#8192 = CARTESIAN_POINT('',(45.458249027082,-13.69));
#8193 = CARTESIAN_POINT('',(45.516521950428,-13.69));
#8194 = CARTESIAN_POINT('',(45.588253874259,-13.68928762244));
#8195 = CARTESIAN_POINT('',(45.670642696992,-13.68727202369));
#8196 = CARTESIAN_POINT('',(45.760381292246,-13.68338034903));
#8197 = CARTESIAN_POINT('',(45.853419147826,-13.67732282441));
#8198 = CARTESIAN_POINT('',(45.94475175667,-13.66952655096));
#8199 = CARTESIAN_POINT('',(46.116724883153,-13.65217933864));
#8200 = CARTESIAN_POINT('',(46.205047665186,-13.64167235837));
#8201 = CARTESIAN_POINT('',(46.293088232081,-13.62961613294));
#8202 = CARTESIAN_POINT('',(46.380796479646,-13.61605352695));
#8203 = CARTESIAN_POINT('',(46.468173966333,-13.60099476708));
#8204 = CARTESIAN_POINT('',(46.555183519994,-13.58446951746));
#8205 = CARTESIAN_POINT('',(46.743464509345,-13.54540426783));
#8206 = CARTESIAN_POINT('',(46.844590621195,-13.52231840674));
#8207 = CARTESIAN_POINT('',(46.94515493307,-13.49727126086));
#8208 = CARTESIAN_POINT('',(47.045126958795,-13.47029159985));
#8209 = CARTESIAN_POINT('',(47.144477480825,-13.44140425518));
#8210 = CARTESIAN_POINT('',(47.243178428065,-13.41063001111));
#8211 = CARTESIAN_POINT('',(47.404247108744,-13.35699017221));
#8212 = CARTESIAN_POINT('',(47.467011455405,-13.33522108));
#8213 = CARTESIAN_POINT('',(47.529487813433,-13.31268356943));
#8214 = CARTESIAN_POINT('',(47.591669242339,-13.28938190039));
#8215 = CARTESIAN_POINT('',(47.653549809405,-13.26531144539));
#8216 = CARTESIAN_POINT('',(47.715116040171,-13.24049239348));
#8217 = CARTESIAN_POINT('',(47.916343864691,-13.15649829904));
#8218 = CARTESIAN_POINT('',(48.054644458358,-13.09418082684));
#8219 = CARTESIAN_POINT('',(48.191154051124,-13.02807598393));
#8220 = CARTESIAN_POINT('',(48.325771576054,-12.95828673198));
#8221 = CARTESIAN_POINT('',(48.458401279898,-12.88491506302));
#8222 = CARTESIAN_POINT('',(48.588950794529,-12.80805803277));
#8223 = CARTESIAN_POINT('',(48.86637846865,-12.63462742156));
#8224 = CARTESIAN_POINT('',(49.012489583573,-12.5368802277));
#8225 = CARTESIAN_POINT('',(49.15552032787,-12.43450025892));
#8226 = CARTESIAN_POINT('',(49.295260707736,-12.32739600763));
#8227 = CARTESIAN_POINT('',(49.43144290438,-12.21546106017));
#8228 = CARTESIAN_POINT('',(49.56374991465,-12.09858805623));
#8229 = CARTESIAN_POINT('',(49.732207011828,-11.93824238411));
#8230 = CARTESIAN_POINT('',(49.772169036433,-11.89930353341));
#8231 = CARTESIAN_POINT('',(49.811697023486,-11.85986275054));
#8232 = CARTESIAN_POINT('',(49.850778898127,-11.81991859533));
#8233 = CARTESIAN_POINT('',(49.889401591066,-11.77946917306));
#8234 = CARTESIAN_POINT('',(49.927551386614,-11.73851274861));
#8235 = CARTESIAN_POINT('',(50.002086426135,-11.65646166565));
#8236 = CARTESIAN_POINT('',(50.0384918475,-11.61538802447));
#8237 = CARTESIAN_POINT('',(50.074419260468,-11.57383015452));
#8238 = CARTESIAN_POINT('',(50.109855893878,-11.53178904024));
#8239 = CARTESIAN_POINT('',(50.14478868641,-11.48926621877));
#8240 = CARTESIAN_POINT('',(50.179204286585,-11.4462637799));
#8241 = CARTESIAN_POINT('',(50.289482341419,-11.30475992076));
#8242 = CARTESIAN_POINT('',(50.363178362699,-11.20431028708));
#8243 = CARTESIAN_POINT('',(50.434020379248,-11.10146772765));
#8244 = CARTESIAN_POINT('',(50.501846655358,-10.99628025341));
#8245 = CARTESIAN_POINT('',(50.566493884674,-10.88881397751));
#8246 = CARTESIAN_POINT('',(50.627800617884,-10.77915546927));
#8247 = CARTESIAN_POINT('',(50.819237530524,-10.4091261602));
#8248 = CARTESIAN_POINT('',(50.934271029164,-10.13953747048));
#8249 = CARTESIAN_POINT('',(51.028603683232,-9.860235331261));
#8250 = CARTESIAN_POINT('',(51.10057673865,-9.573163287838));
#8251 = CARTESIAN_POINT('',(51.149019647204,-9.280620150405));
#8252 = CARTESIAN_POINT('',(51.173217717509,-8.985229558162));
#8253 = CARTESIAN_POINT('',(51.173217717508,-8.689999999977));
#8254 = ( GEOMETRIC_REPRESENTATION_CONTEXT(2) 
PARAMETRIC_REPRESENTATION_CONTEXT() REPRESENTATION_CONTEXT('2D SPACE',''
  ) );
#8255 = PCURVE('',#775,#8256);
#8256 = DEFINITIONAL_REPRESENTATION('',(#8257),#8320);
#8257 = B_SPLINE_CURVE_WITH_KNOTS('',7,(#8258,#8259,#8260,#8261,#8262,
    #8263,#8264,#8265,#8266,#8267,#8268,#8269,#8270,#8271,#8272,#8273,
    #8274,#8275,#8276,#8277,#8278,#8279,#8280,#8281,#8282,#8283,#8284,
    #8285,#8286,#8287,#8288,#8289,#8290,#8291,#8292,#8293,#8294,#8295,
    #8296,#8297,#8298,#8299,#8300,#8301,#8302,#8303,#8304,#8305,#8306,
    #8307,#8308,#8309,#8310,#8311,#8312,#8313,#8314,#8315,#8316,#8317,
    #8318,#8319),.UNSPECIFIED.,.F.,.F.,(8,6,6,6,6,6,6,6,6,6,8),(0.,
    6.993725477841E-02,0.144213717313,0.231378561508,0.287438639957,
    0.415572087772,0.564336938844,0.611245649267,0.657166541646,
    0.760695306403,1.),.UNSPECIFIED.);
#8258 = CARTESIAN_POINT('',(3.14159265359,-8.225819089203));
#8259 = CARTESIAN_POINT('',(3.130539514085,-8.207247013593));
#8260 = CARTESIAN_POINT('',(3.116950214045,-8.184142680014));
#8261 = CARTESIAN_POINT('',(3.10136864584,-8.157189453431));
#8262 = CARTESIAN_POINT('',(3.084432094321,-8.127226822647));
#8263 = CARTESIAN_POINT('',(3.066906097186,-8.09539289948));
#8264 = CARTESIAN_POINT('',(3.049724586882,-8.063399489314));
#8265 = CARTESIAN_POINT('',(3.017401444905,-8.002059368405));
#8266 = CARTESIAN_POINT('',(3.000818273131,-7.969892512467));
#8267 = CARTESIAN_POINT('',(2.984297231114,-7.937189044537));
#8268 = CARTESIAN_POINT('',(2.967855910248,-7.903813140954));
#8269 = CARTESIAN_POINT('',(2.951468308503,-7.869989582543));
#8270 = CARTESIAN_POINT('',(2.935141771686,-7.835668144485));
#8271 = CARTESIAN_POINT('',(2.899770630501,-7.760148520135));
#8272 = CARTESIAN_POINT('',(2.880746552609,-7.718784521718));
#8273 = CARTESIAN_POINT('',(2.861788033257,-7.67690179931));
#8274 = CARTESIAN_POINT('',(2.842887215431,-7.634570083136));
#8275 = CARTESIAN_POINT('',(2.824036148251,-7.591857561328));
#8276 = CARTESIAN_POINT('',(2.80522671967,-7.548830581933));
#8277 = CARTESIAN_POINT('',(2.774374718917,-7.477719601935));
#8278 = CARTESIAN_POINT('',(2.762312531623,-7.449783447698));
#8279 = CARTESIAN_POINT('',(2.750262440758,-7.421757811707));
#8280 = CARTESIAN_POINT('',(2.738221978209,-7.393661904926));
#8281 = CARTESIAN_POINT('',(2.726185810213,-7.36553551177));
#8282 = CARTESIAN_POINT('',(2.714160003725,-7.337335641384));
#8283 = CARTESIAN_POINT('',(2.674674437203,-7.244493162883));
#8284 = CARTESIAN_POINT('',(2.647251458088,-7.179595305361));
#8285 = CARTESIAN_POINT('',(2.619875529788,-7.114378809664));
#8286 = CARTESIAN_POINT('',(2.59254642918,-7.048849678244));
#8287 = CARTESIAN_POINT('',(2.565261516859,-6.983027129532));
#8288 = CARTESIAN_POINT('',(2.538015606499,-6.916944553165));
#8289 = CARTESIAN_POINT('',(2.479204076179,-6.773682036671));
#8290 = CARTESIAN_POINT('',(2.447652130558,-6.696432034155));
#8291 = CARTESIAN_POINT('',(2.416064422284,-6.619394164449));
#8292 = CARTESIAN_POINT('',(2.384371188442,-6.543052937438));
#8293 = CARTESIAN_POINT('',(2.352510771542,-6.46788062316));
#8294 = CARTESIAN_POINT('',(2.320428204939,-6.394330488899));
#8295 = CARTESIAN_POINT('',(2.277873467726,-6.300279535267));
#8296 = CARTESIAN_POINT('',(2.267645248643,-6.277936712084));
#8297 = CARTESIAN_POINT('',(2.257388994083,-6.255812029215));
#8298 = CARTESIAN_POINT('',(2.247103592884,-6.233917754546));
#8299 = CARTESIAN_POINT('',(2.236787832832,-6.212267750301));
#8300 = CARTESIAN_POINT('',(2.226440536902,-6.190876294425));
#8301 = CARTESIAN_POINT('',(2.20590056247,-6.149072971805));
#8302 = CARTESIAN_POINT('',(2.195709196264,-6.12865021036));
#8303 = CARTESIAN_POINT('',(2.185486558912,-6.108493895442));
#8304 = CARTESIAN_POINT('',(2.17523213259,-6.088613844519));
#8305 = CARTESIAN_POINT('',(2.164945488857,-6.069019727184));
#8306 = CARTESIAN_POINT('',(2.154626288652,-6.049721065154));
#8307 = CARTESIAN_POINT('',(2.12093565851,-5.987905589336));
#8308 = CARTESIAN_POINT('',(2.097430056215,-5.946632797959));
#8309 = CARTESIAN_POINT('',(2.07375499971,-5.907016715803));
#8310 = CARTESIAN_POINT('',(2.04991017949,-5.869159564609));
#8311 = CARTESIAN_POINT('',(2.025897607597,-5.833156853658));
#8312 = CARTESIAN_POINT('',(2.001721772972,-5.799096303238));
#8313 = CARTESIAN_POINT('',(1.921146914788,-5.692998015869));
#8314 = CARTESIAN_POINT('',(1.864032326381,-5.629688277648));
#8315 = CARTESIAN_POINT('',(1.806189813224,-5.57820448737));
#8316 = CARTESIAN_POINT('',(1.747765282633,-5.539213568798));
#8317 = CARTESIAN_POINT('',(1.688920343745,-5.513062627961));
#8318 = CARTESIAN_POINT('',(1.629842238432,-5.499999999999));
#8319 = CARTESIAN_POINT('',(1.570796326795,-5.5));
#8320 = ( GEOMETRIC_REPRESENTATION_CONTEXT(2) 
PARAMETRIC_REPRESENTATION_CONTEXT() REPRESENTATION_CONTEXT('2D SPACE',''
  ) );
#8321 = ORIENTED_EDGE('',*,*,#4315,.F.);
#8322 = ORIENTED_EDGE('',*,*,#2504,.F.);
#8323 = ORIENTED_EDGE('',*,*,#4393,.F.);
#8324 = ORIENTED_EDGE('',*,*,#4784,.T.);
#8325 = ORIENTED_EDGE('',*,*,#4955,.T.);
#8326 = ORIENTED_EDGE('',*,*,#5674,.T.);
#8327 = ORIENTED_EDGE('',*,*,#6709,.T.);
#8328 = ADVANCED_FACE('',(#8329),#775,.T.);
#8329 = FACE_BOUND('',#8330,.T.);
#8330 = EDGE_LOOP('',(#8331,#8353,#8354,#8355));
#8331 = ORIENTED_EDGE('',*,*,#8332,.F.);
#8332 = EDGE_CURVE('',#4270,#24,#8333,.T.);
#8333 = SURFACE_CURVE('',#8334,(#8339,#8346),.PCURVE_S1.);
#8334 = CIRCLE('',#8335,5.);
#8335 = AXIS2_PLACEMENT_3D('',#8336,#8337,#8338);
#8336 = CARTESIAN_POINT('',(-8.69,0.,19.75));
#8337 = DIRECTION('',(0.,-1.,0.));
#8338 = DIRECTION('',(1.,0.,0.));
#8339 = PCURVE('',#775,#8340);
#8340 = DEFINITIONAL_REPRESENTATION('',(#8341),#8345);
#8341 = LINE('',#8342,#8343);
#8342 = CARTESIAN_POINT('',(0.,0.));
#8343 = VECTOR('',#8344,1.);
#8344 = DIRECTION('',(1.,0.));
#8345 = ( GEOMETRIC_REPRESENTATION_CONTEXT(2) 
PARAMETRIC_REPRESENTATION_CONTEXT() REPRESENTATION_CONTEXT('2D SPACE',''
  ) );
#8346 = PCURVE('',#44,#8347);
#8347 = DEFINITIONAL_REPRESENTATION('',(#8348),#8352);
#8348 = CIRCLE('',#8349,5.);
#8349 = AXIS2_PLACEMENT_2D('',#8350,#8351);
#8350 = CARTESIAN_POINT('',(-8.69,19.75));
#8351 = DIRECTION('',(1.,0.));
#8352 = ( GEOMETRIC_REPRESENTATION_CONTEXT(2) 
PARAMETRIC_REPRESENTATION_CONTEXT() REPRESENTATION_CONTEXT('2D SPACE',''
  ) );
#8353 = ORIENTED_EDGE('',*,*,#4292,.T.);
#8354 = ORIENTED_EDGE('',*,*,#8124,.F.);
#8355 = ORIENTED_EDGE('',*,*,#761,.F.);
#8356 = ADVANCED_FACE('',(#8357,#8371,#8389),#44,.T.);
#8357 = FACE_BOUND('',#8358,.T.);
#8358 = EDGE_LOOP('',(#8359,#8360,#8361,#8362,#8363,#8364,#8365,#8366,
    #8367,#8368,#8369,#8370));
#8359 = ORIENTED_EDGE('',*,*,#21,.F.);
#8360 = ORIENTED_EDGE('',*,*,#790,.T.);
#8361 = ORIENTED_EDGE('',*,*,#1095,.T.);
#8362 = ORIENTED_EDGE('',*,*,#8093,.F.);
#8363 = ORIENTED_EDGE('',*,*,#7896,.F.);
#8364 = ORIENTED_EDGE('',*,*,#7820,.F.);
#8365 = ORIENTED_EDGE('',*,*,#1220,.T.);
#8366 = ORIENTED_EDGE('',*,*,#7792,.T.);
#8367 = ORIENTED_EDGE('',*,*,#3506,.T.);
#8368 = ORIENTED_EDGE('',*,*,#4219,.T.);
#8369 = ORIENTED_EDGE('',*,*,#4269,.F.);
#8370 = ORIENTED_EDGE('',*,*,#8332,.T.);
#8371 = FACE_BOUND('',#8372,.T.);
#8372 = EDGE_LOOP('',(#8373,#8374,#8375,#8376,#8377,#8378,#8379,#8380,
    #8381,#8382,#8383,#8384,#8385,#8386,#8387,#8388));
#8373 = ORIENTED_EDGE('',*,*,#7200,.T.);
#8374 = ORIENTED_EDGE('',*,*,#7765,.T.);
#8375 = ORIENTED_EDGE('',*,*,#6686,.F.);
#8376 = ORIENTED_EDGE('',*,*,#5649,.F.);
#8377 = ORIENTED_EDGE('',*,*,#4905,.T.);
#8378 = ORIENTED_EDGE('',*,*,#4759,.F.);
#8379 = ORIENTED_EDGE('',*,*,#4341,.T.);
#8380 = ORIENTED_EDGE('',*,*,#6501,.T.);
#8381 = ORIENTED_EDGE('',*,*,#6052,.F.);
#8382 = ORIENTED_EDGE('',*,*,#5820,.F.);
#8383 = ORIENTED_EDGE('',*,*,#4444,.T.);
#8384 = ORIENTED_EDGE('',*,*,#6528,.F.);
#8385 = ORIENTED_EDGE('',*,*,#6578,.F.);
#8386 = ORIENTED_EDGE('',*,*,#6636,.F.);
#8387 = ORIENTED_EDGE('',*,*,#6738,.F.);
#8388 = ORIENTED_EDGE('',*,*,#7054,.F.);
#8389 = FACE_BOUND('',#8390,.T.);
#8390 = EDGE_LOOP('',(#8391));
#8391 = ORIENTED_EDGE('',*,*,#8039,.T.);
#8392 = ( GEOMETRIC_REPRESENTATION_CONTEXT(3) 
GLOBAL_UNCERTAINTY_ASSIGNED_CONTEXT((#8396)) 
GLOBAL_UNIT_ASSIGNED_CONTEXT((#8393,#8394,#8395)) REPRESENTATION_CONTEXT
('Context #1','3D Context with UNIT and UNCERTAINTY') );
#8393 = ( LENGTH_UNIT() NAMED_UNIT(*) SI_UNIT(.MILLI.,.METRE.) );
#8394 = ( NAMED_UNIT(*) PLANE_ANGLE_UNIT() SI_UNIT($,.RADIAN.) );
#8395 = ( NAMED_UNIT(*) SI_UNIT($,.STERADIAN.) SOLID_ANGLE_UNIT() );
#8396 = UNCERTAINTY_MEASURE_WITH_UNIT(LENGTH_MEASURE(1.E-06),#8393,
  'distance_accuracy_value','confusion accuracy');
#8397 = PRODUCT_RELATED_PRODUCT_CATEGORY('part',$,(#7));
ENDSEC;
END-ISO-10303-21;
